ID,Target_Environment,Pred_absorption_nm,Pred_emission_nm,Pred_Delta_EST_eV,Pred_PLQY_percent,Transform_absorption_nm,Transform_emission_nm,Transform_Delta_EST_eV,Transform_PLQY_percent
1,toluene,0.33204424,0.19725442,0.30329496,0.25499508,375.71716,479.99066,0.1461279,25.499508
2,toluene,0.2949459,0.15068153,0.42074433,0.5365826,357.98413,449.29913,0.27658594,53.65826
3,toluene,0.48526618,0.42794472,0.23466419,0.07750589,448.9572,632.01556,0.06989558,7.7505884
4,toluene,0.35936373,0.19114403,0.30104926,0.41203856,388.77588,475.96393,0.14363347,41.203857
5,toluene,0.3642268,0.34736705,0.24195543,0.3510013,391.1004,578.9149,0.07799439,35.10013
6,toluene,0.45568532,0.29922688,0.28627682,0.67477363,434.81757,547.19055,0.12722482,67.47736
7,toluene,0.2964545,0.2761881,0.22206704,0.30653092,358.70526,532.00793,0.05590318,30.653091
8,toluene,0.33359993,0.27801982,0.27680925,0.25232747,376.46075,533.2151,0.11670862,25.232748
9,toluene,0.2544143,0.16577676,0.26436523,0.6132893,338.61005,459.2469,0.102886304,61.32893
10,toluene,0.32815808,0.27884766,0.22403708,0.69927186,373.85956,533.7606,0.058091417,69.927185
11,toluene,0.36611894,0.274319,0.27320656,0.41312197,392.00485,530.77625,0.112706915,41.3122
12,toluene,0.57763726,0.40398705,0.27524433,0.2366628,493.1106,616.2275,0.11497037,23.66628
13,toluene,0.4428285,0.43292123,0.24662906,0.12368846,428.67203,635.2951,0.08318569,12.368846
14,toluene,0.34434262,0.3043064,0.2154186,0.5274618,381.59576,550.5379,0.04851836,52.74618
15,toluene,0.5317601,0.4819942,0.18404686,0.09998533,471.18134,667.63416,0.01367189,9.998533
16,toluene,0.41096416,0.33805606,0.2809224,0.1145761,413.44086,572.77893,0.12127738,11.45761
17,toluene,0.5529226,0.46903178,0.2849701,0.0975135,481.297,659.0919,0.12577339,9.751349
18,toluene,0.301787,0.22166441,0.3597919,0.19044673,361.25418,496.07684,0.20888244,19.044674
19,toluene,0.37691545,0.35061356,0.24071501,0.5786729,397.1656,581.0543,0.0766166,57.867287
20,toluene,0.31846315,0.2877146,0.293708,0.28046635,369.2254,539.60394,0.13547908,28.046635
21,toluene,0.3292117,0.30351317,0.21322921,0.2688377,374.36322,550.0152,0.046086475,26.88377
22,toluene,0.45022678,0.21121825,0.43232474,0.6623138,432.2084,489.1928,0.28944904,66.231384
23,toluene,0.2480173,0.28206393,0.18294907,0.16046095,335.55228,535.8801,0.012452498,16.046095
24,toluene,0.3338824,0.28406614,0.28326043,0.11299142,376.59576,537.1996,0.12387435,11.299142
25,toluene,0.498415,0.36179957,0.257106,0.3919275,455.24237,588.4259,0.09482305,39.192753
26,toluene,0.30650964,0.24941435,0.2114905,0.6554872,363.5116,514.3641,0.04415518,65.54872
27,toluene,0.46186846,0.36534184,0.24465176,0.078986436,437.77313,590.76025,0.080989376,7.8986435
28,toluene,0.3951119,0.3484717,0.22437218,0.41178012,405.86346,579.6428,0.058463633,41.178013
29,toluene,0.29091504,0.2980991,0.28115913,0.123808086,356.05737,546.4473,0.12154032,12.380809
30,toluene,0.27724117,0.30887613,0.2699194,0.46860263,349.5213,553.5494,0.10905565,46.860264
31,toluene,0.39753118,0.38114342,0.27415407,0.18598825,407.0199,601.1735,0.113759354,18.598825
32,toluene,0.30464986,0.14023139,0.43936282,0.8114855,362.62262,442.41248,0.29726666,81.14855
33,toluene,0.46735394,0.37979072,0.31684914,0.0856421,440.3952,600.2821,0.16118334,8.56421
34,toluene,0.29109868,0.207477,0.19606775,0.4413023,356.14517,486.72736,0.02702421,44.13023
35,toluene,0.30881643,0.24825676,0.21664055,0.22280565,364.61426,513.6012,0.049875647,22.280565
36,toluene,0.3197803,0.1965612,0.24605429,0.50764847,369.85498,479.5338,0.08254726,50.764847
37,toluene,0.39058986,0.29081655,0.32294136,0.1236704,403.70197,541.6481,0.16795035,12.36704
38,toluene,0.4821577,0.38440347,0.2602825,0.16052091,447.47137,603.3219,0.098351374,16.052092
39,toluene,0.4226218,0.29307678,0.3141705,0.80553526,419.0132,543.1376,0.15820803,80.55353
40,toluene,0.36722997,0.29669893,0.28996837,0.5697003,392.53592,545.5246,0.13132526,56.97003
41,toluene,0.30600506,0.22663821,0.30905128,0.21868986,363.27042,499.35458,0.15252177,21.868986
42,toluene,0.27055454,0.2207264,0.2465586,0.11486024,346.32507,495.45868,0.08310743,11.486024
43,toluene,0.39931118,0.19315872,0.255671,0.8504839,407.87073,477.2916,0.0932291,85.048386
44,toluene,0.26289308,0.27758878,0.20833203,0.17694822,342.6629,532.931,0.04064688,17.694822
45,toluene,0.5804194,0.35167953,0.2874061,0.8383827,494.4405,581.75684,0.12847917,83.83827
46,toluene,0.32154328,0.31769037,0.2868755,0.42395037,370.6977,559.358,0.1278898,42.39504
47,toluene,0.3360276,0.21863762,0.19830455,0.7292031,377.6212,494.08218,0.029508755,72.92031
48,toluene,0.23610952,0.1866293,0.21328637,0.7645755,329.86035,472.9887,0.046149954,76.45755
49,toluene,0.3935337,0.32699168,0.27487814,0.18047836,405.10913,565.48755,0.11456363,18.047836
50,toluene,0.4681494,0.37571603,0.32603732,0.097259045,440.7754,597.59686,0.1713892,9.725904
51,toluene,0.32385978,0.25281653,0.26473773,0.14725241,371.805,516.6061,0.10330008,14.725241
52,toluene,0.33978018,0.27031893,0.25184408,0.51119536,379.41492,528.14014,0.088978305,51.119537
53,toluene,0.38394737,0.32247567,0.2819042,0.47123998,400.52686,562.5115,0.1223679,47.123997
54,toluene,0.47126573,0.44998822,0.25705972,0.27188197,442.265,646.54224,0.09477164,27.188196
55,toluene,0.4158838,0.2981202,0.23864728,0.33899343,415.79248,546.4612,0.074319854,33.89934
56,toluene,0.22191373,0.27419382,0.27513534,0.07904488,323.07477,530.6937,0.114849314,7.9044876
57,toluene,0.46743187,0.30424282,0.2796299,0.23564088,440.43243,550.49603,0.11984168,23.564089
58,toluene,0.18529062,0.1423294,0.37412107,0.3238129,305.5689,443.79507,0.2247987,32.38129
59,toluene,0.3120932,0.20231666,0.29370663,0.25820825,366.18054,483.32666,0.13547756,25.820824
60,toluene,0.28646117,0.21383923,0.26757327,0.24861312,353.92844,490.92004,0.10644968,24.861313
61,toluene,0.517155,0.40728086,0.24280319,0.6538692,464.20007,618.3981,0.078936055,65.386925
62,toluene,0.23883231,0.3254425,0.2538867,0.08317256,331.16183,564.4666,0.091247186,8.317256
63,toluene,0.44103956,0.34174508,0.23562841,0.35281825,427.8169,575.21,0.070966616,35.281826
64,toluene,0.4765394,0.41561368,0.23988342,0.08057174,444.78583,623.8894,0.07569291,8.057174
65,toluene,0.28727016,0.2272801,0.26700512,0.10673213,354.31512,499.7776,0.105818585,10.673213
66,toluene,0.4143038,0.3114434,0.27326465,0.52369076,415.03723,555.2412,0.11277144,52.369076
67,toluene,0.30557796,0.20916878,0.19130275,0.55141413,363.06628,487.84222,0.021731436,55.141415
68,toluene,0.5879138,0.38185,0.29427606,0.16206557,498.0228,601.63916,0.13611005,16.206556
69,toluene,0.53049505,0.40291172,0.2616603,0.20037213,470.57663,615.5188,0.09988178,20.037212
70,toluene,0.36466187,0.2811,0.24658468,0.7070637,391.30838,535.2449,0.083136395,70.70637
71,toluene,0.42175266,0.3451833,0.22519645,0.08872837,418.59778,577.4758,0.059379205,8.872837
72,toluene,0.34154117,0.21868819,0.20990129,0.69265974,380.25668,494.11554,0.042389944,69.265976
73,toluene,0.36754483,0.30191955,0.26007408,0.22583693,392.68643,548.96497,0.09811987,22.583693
74,toluene,0.35766166,0.23132053,0.23242757,0.6899654,387.96228,502.44025,0.06741123,68.996544
75,toluene,0.28939363,0.24392062,0.25997692,0.16864637,355.33014,510.7437,0.098011956,16.864637
76,toluene,0.28910464,0.1779462,0.33308452,0.21176618,355.19202,467.26654,0.17921697,21.176619
77,toluene,0.3555402,0.35995293,0.26412684,0.096033394,386.9482,587.209,0.10262151,9.603339
78,toluene,0.35743192,0.196982,0.23814894,0.5352213,387.85248,479.81116,0.073766306,53.52213
79,toluene,0.4032119,0.3037806,0.24621913,0.48945147,409.7353,550.1914,0.08273034,48.94515
80,toluene,0.6375938,0.5321687,0.27767345,0.069441885,521.76984,700.69916,0.117668554,6.9441886
81,toluene,0.41314664,0.3525229,0.22218703,0.30768293,414.4841,582.3126,0.056036457,30.768293
82,toluene,0.3432648,0.26507547,0.23014995,0.26065356,381.08057,524.68475,0.06488137,26.065355
83,toluene,0.3190406,0.255604,0.23228607,0.5653784,369.5014,518.44305,0.06725405,56.53784
84,toluene,0.44037935,0.25984788,0.26759472,0.6767819,427.50134,521.23975,0.10647352,67.67819
85,toluene,0.36635277,0.27161193,0.2277436,0.3227663,392.11664,528.99225,0.06220846,32.27663
86,toluene,0.45115677,0.24772173,0.37675428,0.63465285,432.65295,513.24866,0.22772358,63.465286
87,toluene,0.39747533,0.34675524,0.25082615,0.11784798,406.99323,578.5117,0.087847635,11.784798
88,toluene,0.35110128,0.21335612,0.29287946,0.39192834,384.82642,490.60168,0.13455878,39.192833
89,toluene,0.58303595,0.44350243,0.24014471,0.0940513,495.6912,642.26807,0.07598312,9.40513
90,toluene,0.38503888,0.29491478,0.22673428,0.40449545,401.04858,544.3489,0.061087355,40.449543
91,toluene,0.25361097,0.25145233,0.22373354,0.2196883,338.22604,515.7071,0.057754263,21.96883
92,toluene,0.41296852,0.29099816,0.4261432,0.24467057,414.39896,541.7678,0.28258282,24.467056
93,toluene,0.27752766,0.2316725,0.19741343,0.21193832,349.6582,502.67218,0.02851893,21.193832
94,toluene,0.3767577,0.33576313,0.20848645,0.09108698,397.09018,571.2679,0.040818408,9.108698
95,toluene,0.36940897,0.24640717,0.30262092,0.70523065,393.57748,512.3823,0.1453792,70.52306
96,toluene,0.61147535,0.4287734,0.3149503,0.08797282,509.28522,632.56165,0.15907417,8.797282
97,toluene,0.331342,0.17691031,0.35267043,0.6112354,375.38147,466.5839,0.20097218,61.12354
98,toluene,0.27587137,0.25571206,0.2304926,0.2846879,348.86652,518.5143,0.065261975,28.46879
99,toluene,0.37290898,0.2907063,0.2556924,0.4831257,395.2505,541.57544,0.09325288,48.31257
100,toluene,0.4014376,0.27121633,0.27446622,0.64119446,408.88718,528.73157,0.114106074,64.119446
101,toluene,0.24525565,0.18062946,0.34589863,0.1594249,334.2322,469.03482,0.19345035,15.94249
102,toluene,0.37147912,0.27979696,0.23750447,0.6248021,394.56702,534.3862,0.073050454,62.48021
103,toluene,0.4776298,0.4610901,0.2611647,0.2024386,445.30707,653.8584,0.099331275,20.243858
104,toluene,0.48599917,0.3597686,0.38029757,0.670666,449.30762,587.0875,0.23165931,67.0666
105,toluene,0.33741176,0.20459722,0.40984476,0.2457416,378.28284,484.8296,0.26447916,24.574162
106,toluene,0.40592468,0.3120891,0.26984653,0.20379537,411.03198,555.6667,0.10897471,20.379538
107,toluene,0.42197114,0.37649542,0.2134612,0.33582124,418.7022,598.1105,0.04634416,33.582123
108,toluene,0.31711364,0.19773461,0.38715875,0.5642497,368.58032,480.30713,0.23928045,56.42497
109,toluene,0.37996483,0.3007397,0.22662278,0.59240055,398.62317,548.1875,0.060963497,59.240055
110,toluene,0.41232595,0.28743765,0.18370222,0.51733494,414.0918,539.4214,0.013289064,51.733494
111,toluene,0.3632539,0.2595623,0.18853338,0.37300456,390.63538,521.0516,0.01865533,37.300457
112,toluene,0.41567013,0.4068248,0.28004214,0.18419522,415.6903,618.09753,0.12029959,18.419521
113,toluene,0.35736313,0.2868398,0.31886324,0.313292,387.81958,539.02747,0.16342051,31.329199
114,toluene,0.36079073,0.18289685,0.33409908,0.21540487,389.45795,470.52902,0.18034388,21.540487
115,toluene,0.34008056,0.23472703,0.28458554,0.52669346,379.5585,504.68512,0.12534623,52.669346
116,toluene,0.41927585,0.33230627,0.3740446,0.23715031,417.41385,568.9898,0.22471376,23.71503
117,toluene,0.37455785,0.3577978,0.23607364,0.5014916,396.03864,585.78876,0.071461156,50.149162
118,toluene,0.30260515,0.1890297,0.31585786,0.23036873,361.64526,474.57056,0.16008227,23.036873
119,toluene,0.36128116,0.26236966,0.2508765,0.6123107,389.69238,522.9016,0.087903544,61.23107
120,toluene,0.34727207,0.4161155,0.24530855,0.48109707,382.99603,624.2201,0.08171891,48.109707
121,toluene,0.43404046,0.29666054,0.30152005,0.5612221,424.47134,545.49927,0.14415641,56.122208
122,toluene,0.49622238,0.28248882,0.27520287,0.5947201,454.19427,536.16016,0.11492433,59.47201
123,toluene,0.47715592,0.339256,0.2637094,0.09350148,445.08054,573.5697,0.102157846,9.350148
124,toluene,0.3034766,0.26258212,0.20607442,0.36045194,362.06183,523.0416,0.03813921,36.045193
125,toluene,0.2950796,0.24239966,0.2944691,0.10250741,358.04803,509.7414,0.13632448,10.250741
126,toluene,0.33324683,0.3046382,0.20233437,0.30421954,376.292,550.7566,0.03398493,30.421955
127,toluene,0.3135357,0.1805458,0.24289596,0.7545145,366.87006,468.97968,0.07903911,75.451454
128,toluene,0.41076946,0.2588025,0.24410363,0.7587722,413.3478,520.55084,0.080380544,75.87722
129,toluene,0.49310523,0.36420512,0.26481736,0.21771207,452.70428,590.01117,0.10338853,21.771208
130,toluene,0.468778,0.35054556,0.21732053,0.33393526,441.0759,581.0095,0.050630942,33.393524
131,toluene,0.46596566,0.34679595,0.2683146,0.10571337,439.73157,578.5385,0.10727312,10.571337
132,toluene,0.30972558,0.2696595,0.1934134,0.28086004,365.04883,527.70557,0.024075866,28.086004
133,toluene,0.41480637,0.337601,0.22510695,0.19661269,415.27744,572.47906,0.059279785,19.661268
134,toluene,0.30714142,0.14247218,0.33518946,0.8456919,363.8136,443.88916,0.18155505,84.56919
135,toluene,0.38020068,0.27363282,0.26010668,0.2826621,398.73593,530.32404,0.09815608,28.266209
136,toluene,0.4725472,0.31854677,0.4313052,0.52345973,442.87756,559.9223,0.28831655,52.345974
137,toluene,0.35919878,0.21657383,0.28301746,0.78637284,388.69702,492.72217,0.12360446,78.63728
138,toluene,0.35327327,0.17313255,0.3219791,0.33820972,385.86462,464.09436,0.16688149,33.820972
139,toluene,0.46831486,0.3393742,0.20466395,0.34763342,440.8545,573.6476,0.036572516,34.763344
140,toluene,0.41294178,0.41943097,0.27609536,0.05814916,414.38617,626.405,0.11591567,5.8149157
141,toluene,0.2665624,0.22036947,0.28314102,0.53385156,344.41684,495.22348,0.1237417,53.385155
142,toluene,0.36455894,0.23019448,0.2584171,0.5621075,391.25916,501.69818,0.09627937,56.21075
143,toluene,0.41606322,0.33679312,0.30554062,0.16793653,415.87823,571.94666,0.14862229,16.793653
144,toluene,0.3261315,0.15422386,0.32149392,0.77293456,372.89087,451.6335,0.16634257,77.29346
145,toluene,0.2927962,0.17954543,0.2868306,0.4524059,356.95657,468.32043,0.12783994,45.24059
146,toluene,0.34729683,0.23999506,0.21457738,0.7297541,383.00787,508.15674,0.047583953,72.97541
147,toluene,0.38677225,0.23498797,0.28551668,0.21538118,401.87714,504.85706,0.12638049,21.538118
148,toluene,0.33708605,0.36660963,0.28549093,0.21143752,378.12714,591.59576,0.12635191,21.143753
149,toluene,0.37873918,0.313757,0.31666774,0.18989187,398.03732,556.76587,0.16098185,18.989187
150,toluene,0.31307277,0.23454055,0.25429142,0.38878417,366.6488,504.56223,0.091696724,38.878418
151,toluene,0.28551003,0.24790904,0.21426085,0.18773443,353.47382,513.3721,0.047232375,18.773443
152,toluene,0.42144617,0.34366524,0.23117045,0.5152023,418.4513,576.4754,0.06601487,51.52023
153,toluene,0.2645946,0.14365888,0.46664292,0.41327286,343.47623,444.6712,0.32756823,41.327286
154,toluene,0.29706204,0.22838192,0.29877156,0.6657861,358.99567,500.50366,0.14110349,66.578606
155,toluene,0.4315281,0.30466405,0.41199303,0.052114695,423.27045,550.7736,0.26686537,5.2114697
156,toluene,0.34977213,0.20684993,0.2062821,0.74240375,384.19107,486.3141,0.038369894,74.24037
157,toluene,0.29870743,0.28143364,0.3559609,0.2210887,359.78217,535.4648,0.20462711,22.108871
158,toluene,0.32974654,0.23936379,0.252814,0.22340909,374.61884,507.74072,0.09005566,22.340908
159,toluene,0.381652,0.26981568,0.24711376,0.5370064,399.42966,527.80853,0.08372407,53.700638
160,toluene,0.29064643,0.31540325,0.29381108,0.1187745,355.92902,557.8507,0.13559358,11.87745
161,toluene,0.61471736,0.4070266,0.31531236,0.4099581,510.8349,618.2305,0.15947635,40.995808
162,toluene,0.44316778,0.3200682,0.22151285,0.6197087,428.8342,560.9249,0.055287614,61.97087
163,toluene,0.43255976,0.35104948,0.26961014,0.13379192,423.76355,581.3416,0.10871215,13.379192
164,toluene,0.32327646,0.21748936,0.19873604,0.81532574,371.52615,493.3255,0.029988036,81.53258
165,toluene,0.3158025,0.20812835,0.28799224,0.7992399,367.9536,487.1566,0.12913026,79.92399
166,toluene,0.30692923,0.22932684,0.30832893,0.22634432,363.71216,501.1264,0.15171944,22.634432
167,toluene,0.38321826,0.40780556,0.31947953,0.32548413,400.17834,618.7439,0.16410507,32.548412
168,toluene,0.4829406,0.39738026,0.242422,0.08548933,447.8456,611.8736,0.07851265,8.548933
169,toluene,0.38757083,0.1872306,0.35128385,0.7159115,402.25885,473.38495,0.19943203,71.59115
170,toluene,0.2654974,0.26303393,0.44718167,0.096725225,343.90775,523.33936,0.30595148,9.672523
171,toluene,0.44535637,0.33181626,0.23064747,0.18741077,429.88034,568.66693,0.065433994,18.741077
172,toluene,0.26299948,0.20372419,0.32902285,0.12293863,342.71375,484.25424,0.1747054,12.293863
173,toluene,0.52514315,0.4133551,0.24515474,0.1809476,468.01843,622.401,0.08154808,18.09476
174,toluene,0.52279073,0.3852834,0.24555863,0.08008742,466.89398,603.90173,0.081996694,8.008742
175,toluene,0.42237663,0.21743837,0.35111195,0.7502302,418.89603,493.29187,0.19924109,75.02302
176,toluene,0.3119601,0.17760828,0.23008943,0.47692877,366.11694,467.04385,0.064814135,47.69288
177,toluene,0.4741392,0.18884417,0.37227485,0.74245757,443.63855,474.4483,0.222748,74.24576
178,toluene,0.3235371,0.25909674,0.20161004,0.59033036,371.65076,520.74475,0.03318037,59.033035
179,toluene,0.45912218,0.2920429,0.24953988,0.16590673,436.4604,542.4563,0.08641891,16.590673
180,toluene,0.31761074,0.2037893,0.27725646,0.44171724,368.81793,484.29715,0.11720537,44.171722
181,toluene,0.4216078,0.31181,0.42412558,0.738925,418.5285,555.4828,0.28034174,73.8925
182,toluene,0.39051133,0.29426512,0.2907164,0.35878295,403.66443,543.9207,0.13215615,35.878296
183,toluene,0.29299182,0.1773588,0.29143703,0.36913422,357.0501,466.87946,0.13295658,36.91342
184,toluene,0.21731085,0.20380297,0.27649552,0.3195623,320.87457,484.30615,0.11636014,31.956228
185,toluene,0.32958752,0.26178068,0.19073203,0.21081182,374.54285,522.5135,0.021097511,21.081182
186,toluene,0.4029714,0.3967483,0.28523508,0.07222429,409.6203,611.45715,0.12606771,7.222429
187,toluene,0.36718756,0.14130272,0.37387848,0.24366796,392.51566,443.1185,0.22452925,24.366796
188,toluene,0.31261784,0.13338836,0.43968865,0.5247543,366.43134,437.90292,0.29762858,52.47543
189,toluene,0.28910586,0.25153527,0.25361985,0.42640066,355.1926,515.7617,0.09095077,42.640068
190,toluene,0.32498407,0.21618655,0.31606954,0.30754474,372.3424,492.46692,0.1603174,30.754475
191,toluene,0.31737563,0.4046313,0.23720141,0.40078962,368.70557,616.652,0.07271384,40.07896
192,toluene,0.36150077,0.27634108,0.3865419,0.37277138,389.79736,532.10876,0.23859526,37.277138
193,toluene,0.23083705,0.1358816,0.23575515,0.7416489,327.34012,439.54596,0.07110737,74.164894
194,toluene,0.3070828,0.304396,0.22006917,0.13064682,363.78558,550.597,0.053684026,13.064682
195,toluene,0.34693977,0.24822208,0.21581018,0.33210284,382.83722,513.57837,0.04895331,33.210285
196,toluene,0.3526469,0.3901813,0.2962651,0.26400834,385.56522,607.1295,0.13831942,26.400835
197,toluene,0.5807404,0.32896137,0.31709936,0.103735775,494.5939,566.7855,0.16146128,10.373577
198,toluene,0.28732777,0.21460745,0.3144241,0.27067333,354.34265,491.42633,0.15848969,27.067333
199,toluene,0.33121923,0.20111376,0.31146368,0.4992657,375.32278,482.53397,0.15520139,49.92657
200,toluene,0.32297266,0.3043637,0.24035355,0.10713905,371.38092,550.5757,0.0762151,10.713905
201,toluene,0.3773488,0.19434826,0.28394043,0.49726343,397.37274,478.0755,0.12462966,49.72634
202,toluene,0.2640378,0.13900992,0.26033175,0.7298875,343.21005,441.60754,0.09840609,72.98875
203,toluene,0.5342736,0.37873062,0.36105418,0.45166117,472.3828,599.5835,0.21028455,45.16612
204,toluene,0.29228002,0.27111006,0.20862249,0.3356938,356.70984,528.6615,0.040969506,33.56938
205,toluene,0.40579537,0.26789036,0.30407047,0.7954482,410.97018,526.53973,0.1469893,79.544815
206,toluene,0.37310037,0.3534169,0.30867746,0.10837388,395.34198,582.90173,0.15210657,10.837388
207,toluene,0.2698963,0.35810864,0.27792612,0.2271766,346.01044,585.9936,0.1179492,22.71766
208,toluene,0.50909245,0.38282776,0.23402879,0.116250664,460.3462,602.2835,0.0691898,11.625067
209,toluene,0.48712558,0.38250417,0.2357162,0.0721896,449.846,602.07025,0.0710641,7.21896
210,toluene,0.2630061,0.2210541,0.34283864,0.1423018,342.71692,495.67465,0.19005145,14.23018
211,toluene,0.54834193,0.4039133,0.28814825,0.61972594,479.10745,616.17883,0.12930356,61.972595
212,toluene,0.33113015,0.1941821,0.3660389,0.6999583,375.2802,477.966,0.21582134,69.995834
213,toluene,0.30345124,0.20670548,0.33925408,0.24034274,362.04968,486.21893,0.18606986,24.034273
214,toluene,0.3493915,0.34852776,0.24521008,0.10330689,384.00912,579.6798,0.08160953,10.330688
215,toluene,0.2951976,0.20528024,0.28810728,0.18139392,358.10446,485.27966,0.12925802,18.139393
216,toluene,0.28465706,0.28785786,0.22306451,0.3218804,353.06607,539.69836,0.057011127,32.18804
217,toluene,0.32603252,0.30326205,0.2930937,0.093826294,372.84357,549.84973,0.13479675,9.382629
218,toluene,0.41309172,0.34140486,0.24261184,0.23348284,414.45782,574.9858,0.078723505,23.348284
219,toluene,0.47157907,0.30973703,0.28065225,0.49976853,442.4148,554.1167,0.1209773,49.976852
220,toluene,0.4880206,0.41796997,0.20755306,0.3249913,450.27386,625.4422,0.03978163,32.49913
221,toluene,0.31817654,0.26170367,0.27875122,0.12537476,369.08838,522.4627,0.11886571,12.537477
222,toluene,0.48865604,0.3740421,0.26467192,0.17408016,450.57758,596.4938,0.103226975,17.408016
223,toluene,0.36514193,0.2649107,0.18336645,0.19638103,391.53784,524.5762,0.012916103,19.638103
224,toluene,0.30031183,0.3064953,0.32251662,0.18354142,360.54907,551.9804,0.16747855,18.354141
225,toluene,0.31288645,0.16755714,0.41134506,0.14245072,366.55972,460.42017,0.26614565,14.245072
226,toluene,0.30713195,0.18114021,0.3994302,0.8543973,363.80908,469.3714,0.25291103,85.43973
227,toluene,0.2571143,0.13020718,0.23857948,0.71802676,339.90063,435.80652,0.074244544,71.80267
228,toluene,0.31194496,0.11013092,0.4884661,0.16120848,366.10968,422.5763,0.3518086,16.120848
229,toluene,0.2756584,0.19470157,0.34476447,0.13210827,348.7647,478.30835,0.19219057,13.210827
230,toluene,0.4742839,0.32828665,0.30321896,0.2684571,443.7077,566.3409,0.1460435,26.84571
231,toluene,0.386292,0.28122783,0.27459317,0.14073601,401.64758,535.3291,0.1142471,14.073602
232,toluene,0.328665,0.3773468,0.21602175,0.28912285,374.10187,598.6716,0.0491883,28.912285
233,toluene,0.32716388,0.2683727,0.27375412,0.16263998,373.38434,526.8576,0.11331512,16.263998
234,toluene,0.2951851,0.20128024,0.23481192,0.5209316,358.09848,482.64368,0.07005967,52.09316
235,toluene,0.25775266,0.3205908,0.16848126,0.21589547,340.20578,561.26935,-0.0036177635,21.589548
236,toluene,0.33532494,0.28299582,0.27552876,0.1644744,377.28534,536.49426,0.115286306,16.44744
237,toluene,0.24623907,0.22338246,0.20704845,0.1760242,334.70227,497.20905,0.039221123,17.60242
238,toluene,0.25263476,0.18716031,0.29036564,0.17405301,337.7594,473.33865,0.13176651,17.405302
239,toluene,0.36480126,0.18272354,0.40660775,0.74379873,391.375,470.4148,0.26088363,74.379875
240,toluene,0.33463052,0.22468337,0.24711531,0.84962726,376.95337,498.06635,0.083725795,84.96272
241,toluene,0.4726364,0.26435244,0.28936523,0.82571846,442.9202,524.20825,0.1306553,82.571846
242,toluene,0.27764827,0.24249172,0.16518566,0.45502582,349.71588,509.80206,-0.007278383,45.502583
243,toluene,0.32802862,0.32942945,0.23203394,0.1005137,373.79767,567.094,0.066974,10.05137
244,toluene,0.3510959,0.28768805,0.23917793,0.1378777,384.82385,539.5864,0.074909255,13.78777
245,toluene,0.265635,0.17480046,0.19097483,0.72117615,343.97354,465.19348,0.021367192,72.117615
246,toluene,0.29421705,0.24749127,0.20125751,0.2974252,357.63574,513.09674,0.032788783,29.742521
247,toluene,0.359595,0.30734533,0.26383868,0.22657701,388.8864,552.5406,0.10230143,22.657701
248,toluene,0.2836423,0.17134047,0.34639013,0.22826776,352.581,462.91336,0.1939963,22.826777
249,toluene,0.3428522,0.18413657,0.27384526,0.62919647,380.88336,471.346,0.11341636,62.919647
250,toluene,0.31004474,0.16434214,0.42519155,0.57652533,365.2014,458.30145,0.28152573,57.652534
251,toluene,0.26890182,0.11975166,0.39387482,0.63940644,345.53506,428.91635,0.24674039,63.940643
252,toluene,0.29104635,0.18366575,0.29107326,0.3053911,356.12018,471.03574,0.13255252,30.53911
253,toluene,0.36692962,0.2927183,0.2264548,0.30716607,392.39236,542.90137,0.060776934,30.716606
254,toluene,0.43389118,0.25215575,0.27896264,0.49688002,424.39996,516.17065,0.119100526,49.688004
255,toluene,0.47777766,0.37975767,0.23537527,0.15984261,445.37772,600.2603,0.07068543,15.984261
256,toluene,0.27214578,0.21894649,0.22905877,0.61937743,347.0857,494.28574,0.06366931,61.937744
257,toluene,0.3873616,0.20917025,0.33681035,0.20996815,402.15884,487.8432,0.18335547,20.996815
258,toluene,0.37836543,0.30870232,0.2736906,0.6479312,397.85867,553.4348,0.11324458,64.79312
259,toluene,0.41117263,0.42904502,0.24785715,0.114527225,413.54053,632.74066,0.0845498,11.452723
260,toluene,0.2943247,0.16789946,0.33643112,0.14667743,357.6872,460.64575,0.18293421,14.667744
261,toluene,0.3035014,0.27044645,0.24641956,0.15340507,362.07367,528.22424,0.08295299,15.3405075
262,toluene,0.26040244,0.31461704,0.2717436,0.2136783,341.47235,557.33264,0.11108191,21.36783
263,toluene,0.28314808,0.32240355,0.26240468,0.17420667,352.3448,562.4639,0.10070862,17.420668
264,toluene,0.31640458,0.38121417,0.24033535,0.24549824,368.2414,601.22015,0.07619487,24.549824
265,toluene,0.3860822,0.27155095,0.4774311,0.4702294,401.5473,528.9521,0.33955133,47.022938
266,toluene,0.3062061,0.14471903,0.32711968,0.3470487,363.36652,445.36984,0.17259143,34.70487
267,toluene,0.44106096,0.28834316,0.3288868,0.72608995,427.82715,540.0181,0.1745543,72.60899
268,toluene,0.32741663,0.28814828,0.25258434,0.48712,373.50513,539.8897,0.08980058,48.712
269,toluene,0.3174291,0.14443125,0.2840448,0.55932,368.7311,445.18018,0.12474559,55.932
270,toluene,0.43525657,0.32208306,0.2736632,0.3255487,425.05264,562.25275,0.11321412,32.55487
271,toluene,0.38677043,0.26249725,0.18074434,0.5098892,401.87628,522.9857,0.010003567,50.98892
272,toluene,0.39952022,0.2621712,0.3592958,0.45838344,407.97064,522.7708,0.20833136,45.838345
273,toluene,0.36310884,0.3618263,0.18631047,0.25975704,390.56604,588.44354,0.016186208,25.975704
274,toluene,0.24333328,0.14818412,0.40980947,0.4462183,333.3133,447.65332,0.26443994,44.62183
275,toluene,0.45666662,0.29403156,0.24494447,0.18821347,435.28662,543.7668,0.08131452,18.821346
276,toluene,0.47287405,0.3580168,0.28740406,0.2672524,443.0338,585.93304,0.12847693,26.725239
277,toluene,0.29621765,0.18435648,0.333888,0.1773186,358.59204,471.4909,0.18010943,17.731861
278,toluene,0.49417377,0.38000584,0.21272673,0.14646786,453.21506,600.4238,0.045528337,14.646787
279,toluene,0.42995915,0.32872805,0.23979302,0.5269547,422.52048,566.6318,0.07559247,52.695473
280,toluene,0.27803376,0.23278585,0.2553552,0.22277012,349.90015,503.40588,0.09287836,22.277012
281,toluene,0.37479794,0.29440832,0.28530565,0.6923454,396.1534,544.0151,0.1261461,69.234535
282,toluene,0.27980515,0.13753232,0.4478252,0.34391987,350.74686,440.6338,0.3066663,34.391987
283,toluene,0.50608504,0.4529909,0.23864013,0.091863066,458.90863,648.521,0.0743119,9.186307
284,toluene,0.35746676,0.29480615,0.21640174,0.2003333,387.8691,544.2772,0.04961039,20.033329
285,toluene,0.47896346,0.3999667,0.2800613,0.12736553,445.94452,613.578,0.12032087,12.736553
286,toluene,0.23104836,0.3091437,0.25855422,0.40962106,327.4411,553.7257,0.09643169,40.962105
287,toluene,0.30745047,0.12443599,0.4408899,0.54056025,363.9613,432.00333,0.29896283,54.056023
288,toluene,0.31664324,0.25956112,0.2666505,0.44851163,368.35547,521.0508,0.10542469,44.851162
289,toluene,0.4907598,0.33124828,0.30701125,0.3564713,451.5832,568.2926,0.15025581,35.64713
290,toluene,0.2807095,0.21000393,0.25888205,0.06718752,351.17914,488.39258,0.09679581,6.718752
291,toluene,0.36182502,0.2931128,0.23986198,0.5077833,389.95236,543.1614,0.075669095,50.778328
292,toluene,0.28998828,0.24405682,0.32377133,0.08285022,355.61438,510.83344,0.16887222,8.285022
293,toluene,0.29620838,0.11653608,0.37384483,0.1533966,358.5876,426.79727,0.22449188,15.339661
294,toluene,0.33154517,0.280829,0.25117052,0.13394457,375.47858,535.0663,0.08823015,13.394457
295,toluene,0.42999,0.34806153,0.25871885,0.20824707,422.53522,579.37256,0.096614525,20.824707
296,toluene,0.29394817,0.15589802,0.39676404,0.6667397,357.50723,452.7368,0.24994962,66.67397
297,toluene,0.32383227,0.24157833,0.18473804,0.27339655,371.7918,509.20013,0.014439613,27.339655
298,toluene,0.48157352,0.4131052,0.2798606,0.06339195,447.19214,622.2363,0.12009795,6.3391953
299,toluene,0.28446323,0.326643,0.22550711,0.42144978,352.97342,565.25775,0.059724256,42.144978
300,toluene,0.34236434,0.14631443,0.29677227,0.37477785,380.65015,446.4212,0.13888277,37.477787
301,toluene,0.2837902,0.2048265,0.23929964,0.30674484,352.65173,484.98065,0.07504447,30.674484
302,toluene,0.2840333,0.11387324,0.42759594,0.21155742,352.7679,425.04248,0.28419644,21.155743
303,toluene,0.5620775,0.51753384,0.22120214,0.043422997,485.67307,691.0548,0.054942474,4.3422995
304,toluene,0.3680225,0.33614695,0.20192586,0.7089139,392.91473,571.5209,0.03353116,70.891396
305,toluene,0.41863367,0.27861518,0.25613925,0.49770254,417.10687,533.6074,0.09374921,49.770252
306,toluene,0.45632297,0.36495832,0.23694514,0.14189848,435.12238,590.50757,0.072429165,14.189848
307,toluene,0.40847364,0.3548259,0.22312137,0.23093599,412.2504,583.83026,0.057074293,23.0936
308,toluene,0.5011296,0.19735542,0.38405514,0.6049511,456.53998,480.05722,0.23583306,60.49511
309,toluene,0.3286242,0.28242737,0.2013383,0.39273575,374.08237,536.1196,0.032878533,39.273575
310,toluene,0.31837213,0.1752209,0.4073738,0.19003469,369.1819,465.47058,0.2617345,19.00347
311,toluene,0.26123106,0.19033536,0.2899464,0.206415,341.86844,475.431,0.13130085,20.6415
312,toluene,0.42994586,0.34190857,0.2212947,0.103504956,422.5141,575.31775,0.05504529,10.350495
313,toluene,0.27093506,0.12742555,0.32420933,0.33442467,346.50696,433.97345,0.16935875,33.442467
314,toluene,0.48373535,0.33173972,0.26248193,0.45037857,448.2255,568.61646,0.10079442,45.037857
315,toluene,0.3953654,0.36180022,0.29565275,0.18414521,405.98465,588.42633,0.13763924,18.41452
316,toluene,0.323552,0.19578448,0.30285117,0.5715774,371.65787,479.02197,0.14563496,57.15774
317,toluene,0.33089033,0.21010572,0.27099863,0.35794228,375.1656,488.45966,0.11025442,35.794228
318,toluene,0.39803573,0.2887224,0.32777745,0.3021797,407.26108,540.26807,0.17332207,30.21797
319,toluene,0.44281864,0.2965551,0.40262306,0.29531133,428.6673,545.4298,0.25645757,29.531134
320,toluene,0.30166167,0.29557356,0.27444172,0.09951919,361.19427,544.78296,0.114078864,9.95192
321,toluene,0.27946326,0.30573565,0.23268677,0.09585127,350.58344,551.4798,0.06769915,9.585127
322,toluene,0.32613215,0.31643483,0.29514468,0.1667729,372.89117,558.5305,0.1370749,16.67729
323,toluene,0.3249376,0.25512117,0.22709727,0.3720734,372.3202,518.1249,0.06149055,37.20734
324,toluene,0.3237509,0.21606126,0.4324698,0.60394514,371.75293,492.38437,0.28961015,60.394512
325,toluene,0.46288446,0.3270247,0.2833513,0.32046562,438.2588,565.5093,0.12397529,32.046562
326,toluene,0.30993885,0.28755966,0.2908169,0.07604092,365.15076,539.50183,0.13226779,7.6040926
327,toluene,0.36032712,0.23682827,0.2459359,0.24899703,389.23636,506.06982,0.082415745,24.899704
328,toluene,0.31418672,0.26284835,0.21122178,0.4025697,367.18127,523.21704,0.043856695,40.25697
329,toluene,0.28611687,0.13336217,0.41509062,0.60756886,353.76385,437.88568,0.27030605,60.756886
330,toluene,0.30842015,0.29305106,0.4085493,0.24290001,364.42484,543.12067,0.26304024,24.29
331,toluene,0.33549088,0.30166295,0.20800662,0.58670074,377.36462,548.7959,0.040285423,58.670074
332,toluene,0.46793765,0.39701563,0.2274027,0.075749725,440.6742,611.6333,0.06182982,7.5749726
333,toluene,0.3101704,0.27937585,0.31049153,0.19151634,365.26147,534.1087,0.15412156,19.151634
334,toluene,0.38250214,0.27456358,0.1865816,0.41967905,399.83603,530.9374,0.016487375,41.967903
335,toluene,0.4087747,0.39775848,0.25741965,0.13814175,412.3943,612.1228,0.09517144,13.814175
336,toluene,0.3315956,0.27929717,0.23724884,0.18067178,375.5027,534.0568,0.0727665,18.067179
337,toluene,0.31420743,0.25553063,0.27637655,0.18949753,367.19116,518.39465,0.116228,18.949753
338,toluene,0.35920143,0.24566539,0.27548498,0.5466618,388.6983,511.8935,0.1152377,54.66618
339,toluene,0.32004046,0.30510348,0.2666728,0.2938964,369.97934,551.0632,0.10544945,29.38964
340,toluene,0.25675136,0.17532963,0.28546345,0.24347782,339.72714,465.54224,0.12632136,24.347782
341,toluene,0.34599417,0.26895192,0.22484663,0.35311526,382.3852,527.2393,0.058990642,35.311527
342,toluene,0.3993554,0.36084384,0.23008291,0.11653277,407.8919,587.7961,0.06480689,11.653277
343,toluene,0.37645358,0.32422322,0.2862334,0.11731848,396.94482,563.6631,0.1271766,11.731848
344,toluene,0.20894203,0.18811086,0.21683694,0.46791017,316.8743,473.96506,0.0500938,46.791016
345,toluene,0.5262859,0.42050305,0.25786722,0.19488674,468.56464,627.1115,0.09566857,19.488674
346,toluene,0.46412885,0.30935788,0.30836233,0.09549004,438.85358,553.8668,0.15175654,9.549004
347,toluene,0.46292776,0.39739603,0.26027805,0.09040657,438.27948,611.884,0.09834643,9.040657
348,toluene,0.43608764,0.27441275,0.26624468,0.44391382,425.4499,530.838,0.10497393,44.39138
349,toluene,0.25973088,0.25877982,0.22714223,0.18800521,341.15137,520.5359,0.0615405,18.800522
350,toluene,0.33359715,0.14063622,0.42582142,0.5307434,376.45944,442.67926,0.28222537,53.07434
351,toluene,0.26064855,0.20564373,0.34786198,0.33345288,341.59,485.51923,0.19563116,33.345287
352,toluene,0.33274472,0.19892737,0.33642974,0.3049447,376.05197,481.09314,0.18293269,30.494469
353,toluene,0.44052213,0.3448817,0.19649795,0.26029065,427.56958,577.27704,0.02750206,26.029066
354,toluene,0.46727997,0.33783937,0.2095645,0.38382995,440.35983,572.6361,0.042015865,38.382996
355,toluene,0.3333503,0.17712173,0.34101203,0.5595597,376.34143,466.7232,0.18802251,55.95597
356,toluene,0.26545265,0.20593445,0.2570346,0.1643799,343.88635,485.71082,0.09474374,16.43799
357,toluene,0.32440168,0.35767052,0.26841366,0.20741841,372.064,585.70483,0.10738315,20.74184
358,toluene,0.46922955,0.32077172,0.24585985,0.34366068,441.29172,561.38855,0.082331285,34.36607
359,toluene,0.3392373,0.20146218,0.2438678,0.5214361,379.15543,482.76358,0.08011858,52.14361
360,toluene,0.16372329,0.19102545,0.21985088,0.5216042,295.25974,475.88577,0.053441554,52.16042
361,toluene,0.34907368,0.25274923,0.23506954,0.38963526,383.85724,516.56177,0.070345834,38.963528
362,toluene,0.38029632,0.2604284,0.28733736,0.2655903,398.78165,521.6223,0.12840284,26.55903
363,toluene,0.22797507,0.1088528,0.40886855,0.5445555,325.97208,421.734,0.26339483,54.455547
364,toluene,0.33234105,0.19870421,0.23324086,0.50099725,375.859,480.94608,0.0683146,50.099724
365,toluene,0.35859224,0.18817656,0.39691916,0.26798686,388.4071,474.00836,0.2501219,26.798687
366,toluene,0.39084497,0.25161454,0.35637107,0.48960495,403.8239,515.81396,0.20508273,48.960495
367,toluene,0.2987076,0.18712558,0.28614947,0.797089,359.78223,473.31577,0.12708338,79.7089
368,toluene,0.36466363,0.23763667,0.2976686,0.065286815,391.3092,506.60257,0.13987838,6.5286818
369,toluene,0.28930482,0.29690802,0.20433271,0.55659235,355.28772,545.66235,0.03620459,55.659233
370,toluene,0.31638068,0.2615428,0.2242099,0.27320713,368.22998,522.3567,0.05828339,27.320713
371,toluene,0.28277332,0.18031809,0.3015376,0.17823553,352.16565,468.82962,0.1441759,17.823553
372,toluene,0.35801342,0.1944893,0.29641283,0.2632047,388.13043,478.16846,0.13848351,26.320469
373,toluene,0.33138016,0.14100075,0.4658113,0.8427763,375.39972,442.9195,0.32664454,84.27763
374,toluene,0.32887912,0.2709564,0.26258886,0.16892734,374.20422,528.5603,0.10091318,16.892735
375,toluene,0.5928581,0.52482224,0.23640469,0.049344897,500.38617,695.85785,0.07182886,4.9344897
376,toluene,0.42160803,0.34583288,0.22147167,0.2627963,418.52863,577.9039,0.055241868,26.27963
377,toluene,0.29806218,0.21289092,0.22358832,0.3978619,359.47372,490.2951,0.05759296,39.78619
378,toluene,0.37826306,0.34178746,0.2558198,0.18595767,397.80975,575.2379,0.093394384,18.595768
379,toluene,0.28479448,0.201377,0.26861134,0.18167582,353.13177,482.70746,0.10760273,18.167582
380,toluene,0.36783615,0.35494816,0.22907925,0.22081456,392.82568,583.9108,0.06369205,22.081455
381,toluene,0.48188585,0.3925435,0.24814473,0.25119406,447.34143,608.68616,0.08486922,25.119406
382,toluene,0.49950033,0.36464214,0.18846074,0.5465907,455.76117,590.2992,0.01857464,54.65907
383,toluene,0.45960867,0.38704076,0.24686432,0.28987092,436.69293,605.0599,0.083446994,28.987091
384,toluene,0.3050902,0.26840937,0.24741049,0.32502842,362.83313,526.8818,0.08405368,32.502842
385,toluene,0.28784195,0.16996497,0.38918054,0.23149878,354.58844,462.0069,0.24152617,23.149878
386,toluene,0.345538,0.30572885,0.28182012,0.23662183,382.16718,551.47534,0.1222745,23.662182
387,toluene,0.44198185,0.296672,0.31905654,0.131536,428.26733,545.50684,0.16363524,13.153601
388,toluene,0.47517228,0.318749,0.24594042,0.35428154,444.13235,560.0556,0.08242078,35.428154
389,toluene,0.38108146,0.39521265,0.23489067,0.1994822,399.15692,610.4451,0.07014714,19.94822
390,toluene,0.5094287,0.35893303,0.2380842,0.2419352,460.5069,586.53687,0.07369439,24.19352
391,toluene,0.38896793,0.23540935,0.44114572,0.52239156,402.92667,505.13477,0.29924703,52.239155
392,toluene,0.297966,0.2464873,0.2648392,0.2739949,359.42773,512.4351,0.10341279,27.399488
393,toluene,0.31601152,0.25599882,0.24660355,0.17484784,368.05353,518.70325,0.083157346,17.484783
394,toluene,0.27102613,0.2522134,0.25739977,0.11618501,346.55048,516.2086,0.09514935,11.618501
395,toluene,0.26528183,0.17530894,0.21576774,0.74240524,343.80472,465.5286,0.048906162,74.240524
396,toluene,0.3419878,0.30086923,0.20517674,0.61182785,380.47015,548.2728,0.037142113,61.182785
397,toluene,0.25296855,0.18402335,0.18887578,0.58845437,337.91898,471.2714,0.019035652,58.845436
398,toluene,0.42013994,0.33080468,0.22445281,0.2969715,417.8269,568.00024,0.05855319,29.69715
399,toluene,0.30115137,0.23158789,0.29623485,0.074144304,360.95035,502.61642,0.1382858,7.4144306
400,toluene,0.3796239,0.28708816,0.23590818,0.60470396,398.4602,539.1911,0.071277365,60.470398
401,toluene,0.23663646,0.24227712,0.19251387,0.24911955,330.11224,509.6606,0.023076698,24.911955
402,toluene,0.36765596,0.26498887,0.30760756,0.5619648,392.73956,524.6277,0.15091817,56.19648
403,toluene,0.29381692,0.14062233,0.332633,0.29813662,357.4445,442.6701,0.17871542,29.813662
404,toluene,0.22709188,0.20166573,0.24337876,0.32816842,325.54993,482.8977,0.079575375,32.81684
405,toluene,0.4467689,0.33151644,0.25604823,0.17339951,430.55554,568.46936,0.09364812,17.33995
406,toluene,0.35464397,0.18593238,0.44234413,0.14052308,386.51984,472.52945,0.30057818,14.052307
407,toluene,0.43723866,0.38769364,0.2396524,0.2020888,426.00006,605.4901,0.07543628,20.20888
408,toluene,0.3119526,0.2672487,0.24974255,0.23722571,366.11334,526.1169,0.08664404,23.72257
409,toluene,0.31903812,0.23061237,0.310301,0.50109553,369.50024,501.97357,0.15390994,50.109554
410,toluene,0.39130688,0.24233347,0.27436417,0.59304285,404.04468,509.69775,0.113992736,59.304283
411,toluene,0.40613174,0.3367121,0.22516495,0.37226006,411.13098,571.89325,0.059344217,37.226006
412,toluene,0.34556386,0.19785844,0.2775707,0.40808573,382.1795,480.38873,0.11755441,40.808575
413,toluene,0.5018561,0.38576072,0.29720467,0.09545702,456.8872,604.2163,0.13936307,9.545702
414,toluene,0.3018899,0.253161,0.33993632,0.12906176,361.30338,516.8331,0.18682764,12.906176
415,toluene,0.344971,0.17070277,0.26933053,0.5984306,381.89612,462.49313,0.10840158,59.843056
416,toluene,0.339693,0.16294748,0.27393234,0.8609469,379.37326,457.3824,0.11351307,86.09469
417,toluene,0.25612003,0.16932873,0.29411238,0.3718593,339.42535,461.58765,0.13592826,37.185932
418,toluene,0.42685685,0.32204515,0.20763838,0.54344755,421.03757,562.2278,0.0398764,54.344757
419,toluene,0.35666257,0.251002,0.29002538,0.5080076,387.4847,515.41034,0.13138859,50.80076
420,toluene,0.27468595,0.18431486,0.23721024,0.53395426,348.29987,471.4635,0.07272364,53.395428
421,toluene,0.33457857,0.26568687,0.18138292,0.32886964,376.92856,525.08765,0.010712892,32.886963
422,toluene,0.39975807,0.36006632,0.2569662,0.19364649,408.08435,587.2837,0.09466778,19.364649
423,toluene,0.42882532,0.30205464,0.31176108,0.14729765,421.97852,549.054,0.15553172,14.729765
424,toluene,0.35104382,0.25901616,0.25641435,0.2927396,384.79895,520.69165,0.0940548,29.27396
425,toluene,0.4357826,0.31063056,0.22004464,0.18425661,425.30408,554.70557,0.053656787,18.425661
426,toluene,0.32760817,0.2613333,0.23788124,0.38119888,373.5967,522.2186,0.07346897,38.11989
427,toluene,0.36668655,0.23941487,0.24540052,0.29838812,392.27618,507.7744,0.08182107,29.838812
428,toluene,0.40480706,0.30031317,0.25855413,0.45734712,410.49777,547.9064,0.09643157,45.73471
429,toluene,0.38857862,0.2690086,0.27498516,0.84958124,402.7406,527.2767,0.11468251,84.95812
430,toluene,0.35920483,0.29747614,0.26048854,0.1308747,388.6999,546.03674,0.098580256,13.087469
431,toluene,0.2841857,0.14567769,0.2952161,0.44950795,352.84076,446.0016,0.13715424,44.950794
432,toluene,0.35807967,0.31983697,0.24869826,0.12279293,388.16208,560.7726,0.08548407,12.279293
433,toluene,0.3365748,0.2025206,0.24779123,0.55293787,377.88275,483.46106,0.084476575,55.293785
434,toluene,0.5674788,0.4348663,0.2364906,0.31306523,488.25485,636.5769,0.071924314,31.306522
435,toluene,0.3056578,0.3217963,0.24780364,0.15311056,363.10443,562.0638,0.084490374,15.311056
436,toluene,0.39802673,0.39122683,0.3051272,0.033409983,407.25677,607.8185,0.1481631,3.3409982
437,toluene,0.30378205,0.13995887,0.29854703,0.7249772,362.20782,442.2329,0.14085408,72.49772
438,toluene,0.36245292,0.27369326,0.24018092,0.59046793,390.2525,530.3639,0.076023355,59.04679
439,toluene,0.3025087,0.1756509,0.2630936,0.5662965,361.59918,465.75394,0.10147382,56.62965
440,toluene,0.27876988,0.13478571,0.32873374,0.5848571,350.252,438.8238,0.17438428,58.48571
441,toluene,0.40907204,0.30990767,0.20781717,0.50871205,412.53644,554.2291,0.04007499,50.871204
442,toluene,0.47646654,0.35644078,0.22976375,0.31279784,444.751,584.8945,0.064452365,31.279785
443,toluene,0.2962916,0.26082084,0.25801247,0.54232764,358.62738,521.8809,0.09582992,54.232765
444,toluene,0.29770017,0.22631186,0.42054287,0.5787145,359.30066,499.13953,0.27636218,57.87145
445,toluene,0.37013668,0.2510266,0.23887777,0.1538992,393.92535,515.4265,0.07457586,15.389919
446,toluene,0.2478311,0.41477525,0.22150707,0.22610104,335.46326,623.3369,0.055281192,22.610104
447,toluene,0.22353174,0.16539864,0.27680477,0.6524223,323.84818,458.9977,0.116703674,65.24223
448,toluene,0.2638579,0.22359097,0.25183088,0.40144688,343.12408,497.34644,0.08896364,40.144688
449,toluene,0.43575975,0.37136942,0.24937491,0.13854441,425.29315,594.7324,0.08623566,13.854441
450,toluene,0.31993282,0.16036057,0.3748652,0.20473588,369.9279,455.6776,0.22562526,20.473587
451,toluene,0.35016105,0.17731181,0.27160138,0.5380906,384.37698,466.84848,0.11092393,53.80906
452,toluene,0.28019816,0.29424083,0.28256437,0.33222586,350.93472,543.9047,0.12310119,33.222588
453,toluene,0.25946668,0.23508124,0.23206341,0.24075073,341.0251,504.91852,0.06700675,24.075073
454,toluene,0.28112987,0.18487284,0.3033349,0.5009393,351.38007,471.8312,0.14617224,50.09393
455,toluene,0.2925586,0.44048125,0.23768112,0.16052032,356.84302,640.2771,0.07324667,16.052032
456,toluene,0.34511533,0.24328606,0.25076464,0.29865775,381.96515,510.3255,0.08777933,29.865774
457,toluene,0.53922564,0.33688897,0.3767119,0.20266679,474.74985,572.0098,0.2276765,20.26668
458,toluene,0.27231273,0.14511108,0.38259554,0.4344551,347.16547,445.6282,0.23421182,43.44551
459,toluene,0.33948034,0.23762359,0.29139668,0.5372622,379.2716,506.59393,0.13291176,53.72622
460,toluene,0.40004236,0.2783321,0.3468317,0.4816298,408.22025,533.4209,0.19448678,48.16298
461,toluene,0.40724897,0.25219604,0.29486856,0.40752742,411.665,516.1972,0.13676818,40.752743
462,toluene,0.3649563,0.23225224,0.33988017,0.19796902,391.4491,503.05423,0.1867653,19.796902
463,toluene,0.2741416,0.20265912,0.1900717,0.88319916,348.03967,483.55237,0.020364031,88.319916
464,toluene,0.33784163,0.32435912,0.24796319,0.11311814,378.48828,563.7527,0.08466758,11.311814
465,toluene,0.44066265,0.19867405,0.33038357,0.32993814,427.63675,480.9262,0.17621686,32.993813
466,toluene,0.32961494,0.30682868,0.28057045,0.58426005,374.55594,552.2001,0.12088643,58.426006
467,toluene,0.43060443,0.32114205,0.2494764,0.19316062,422.82892,561.6326,0.0863484,19.316063
468,toluene,0.44095024,0.18866804,0.39153618,0.09034383,427.77423,474.33224,0.24414273,9.034384
469,toluene,0.3089761,0.20894861,0.32397315,0.20865598,364.69058,487.69714,0.1690964,20.865599
470,toluene,0.524663,0.27435267,0.31039697,0.6528089,467.78888,530.7984,0.15401654,65.28089
471,toluene,0.45929745,0.33827978,0.30193326,0.20379427,436.5442,572.9264,0.14461537,20.379427
472,toluene,0.27391806,0.15884651,0.3173545,0.30158705,347.93283,454.67987,0.16174467,30.158705
473,toluene,0.24229346,0.24008098,0.26416868,0.15112671,332.81628,508.21338,0.102668,15.112671
474,toluene,0.37464717,0.28380135,0.25926673,0.39393795,396.08136,537.0251,0.09722312,39.393795
475,toluene,0.28798574,0.21068713,0.3008218,0.17959821,354.65717,488.84283,0.14338084,17.959822
476,toluene,0.43653333,0.29890394,0.32535902,0.48580724,425.66293,546.97766,0.17063577,48.580723
477,toluene,0.4794997,0.4191094,0.21373087,0.13393945,446.20087,626.1931,0.04664369,13.393945
478,toluene,0.46844682,0.27141297,0.27569205,0.6041044,440.9176,528.86115,0.11546768,60.41044
479,toluene,0.44448033,0.25599825,0.28743902,0.2619081,429.4616,518.7029,0.12851577,26.190811
480,toluene,0.31980997,0.33350083,0.25100636,0.24512792,369.86917,569.77704,0.08804782,24.51279
481,toluene,0.30871704,0.34706604,0.24820139,0.4277033,364.56674,578.71655,0.08493216,42.77033
482,toluene,0.36669403,0.2969461,0.22590372,0.7716788,392.27975,545.6875,0.060164794,77.16788
483,toluene,0.15890065,0.2048445,0.18652768,0.61797476,292.95453,484.99252,0.016427487,61.797478
484,toluene,0.42415828,0.38261074,0.286768,0.14667147,419.74765,602.1405,0.12777041,14.667148
485,toluene,0.21056697,0.13287237,0.35208255,0.47923547,317.651,437.5629,0.20031922,47.923546
486,toluene,0.37935746,0.27128658,0.28905645,0.15626615,398.3329,528.77783,0.13031234,15.626616
487,toluene,0.32655215,0.25748408,0.20729065,0.38945642,373.09192,519.682,0.03949015,38.94564
488,toluene,0.2701789,0.4399553,0.22712718,0.2289356,346.1455,639.93054,0.06152378,22.89356
489,toluene,0.26495564,0.27190766,0.2139082,0.20098928,343.6488,529.18713,0.046840653,20.098928
490,toluene,0.29465315,0.2819538,0.21247962,0.2978847,357.8442,535.80756,0.045253858,29.788471
491,toluene,0.40392432,0.3071276,0.22177844,0.48665762,410.0758,552.3971,0.055582613,48.665764
492,toluene,0.29607862,0.3668329,0.28104436,0.12839276,358.52557,591.7429,0.12141283,12.839275
493,toluene,0.5182834,0.43131283,0.24438792,0.41609293,464.73947,634.23517,0.08069633,41.609295
494,toluene,0.40333202,0.27786788,0.27386093,0.5050805,409.79272,533.1149,0.11343376,50.508053
495,toluene,0.32568592,0.17662376,0.32749626,0.21300459,372.67786,466.39505,0.17300974,21.300459
496,toluene,0.39759165,0.2890827,0.23421337,0.23817158,407.04883,540.5055,0.06939484,23.817158
497,toluene,0.31899947,0.23771715,0.2717898,0.14728102,369.48175,506.6556,0.1111332,14.728102
498,toluene,0.26955897,0.17430744,0.38899267,0.3989511,345.84918,464.8686,0.2413175,39.89511
499,toluene,0.2727146,0.22686002,0.1775717,0.25141922,347.3576,499.50073,0.0064795315,25.141922
500,toluene,0.41122735,0.32349002,0.22391427,0.4486383,413.56665,563.17993,0.057954997,44.86383
501,toluene,0.5189394,0.4357695,0.24772103,0.22297102,465.05304,637.1721,0.08439861,22.297102
502,toluene,0.2352874,0.18379398,0.3480412,0.4320919,329.46738,471.12024,0.19583024,43.20919
503,toluene,0.29278064,0.12906292,0.35880354,0.21379036,356.94916,435.05246,0.20778461,21.379036
504,toluene,0.44473913,0.31990337,0.23229301,0.09218386,429.58533,560.81635,0.06726177,9.218386
505,toluene,0.48909095,0.37657934,0.2695801,0.40508515,450.78546,598.1658,0.10867877,40.508514
506,toluene,0.39702606,0.32847324,0.22061324,0.6370592,406.77844,566.46387,0.054288357,63.70592
507,toluene,0.2791615,0.16725636,0.31783518,0.22771677,350.4392,460.22192,0.16227861,22.771677
508,toluene,0.382855,0.16035777,0.42207858,0.29739538,400.0047,455.67578,0.278068,29.739538
509,toluene,0.35482633,0.32232863,0.2492095,0.48624778,386.607,562.41455,0.086051926,48.62478
510,toluene,0.5081316,0.2520642,0.3469152,0.4102608,459.8869,516.1103,0.1945795,41.02608
511,toluene,0.28464803,0.22524075,0.3462902,0.14382035,353.06177,498.43365,0.19388528,14.382034
512,toluene,0.37772208,0.25083536,0.30572912,0.53597844,397.55115,515.30054,0.14883168,53.597843
513,toluene,0.38225955,0.29895282,0.26069865,0.49036536,399.72006,547.0099,0.09881361,49.036537
514,toluene,0.39133364,0.32288787,0.2135382,0.37531933,404.0575,562.7831,0.04642968,37.531933
515,toluene,0.298436,0.21407026,0.28119743,0.19928592,359.6524,491.0723,0.12158285,19.928593
516,toluene,0.27444792,0.268487,0.25014585,0.31624576,348.1861,526.9329,0.087092,31.624577
517,toluene,0.33961606,0.2576028,0.21391222,0.52421176,379.3365,519.76025,0.046845123,52.421177
518,toluene,0.45732915,0.341944,0.25807053,0.126894,435.60333,575.34106,0.09589441,12.6894
519,toluene,0.4008047,0.2865952,0.37589163,0.14135319,408.58466,538.8662,0.22676538,14.135319
520,toluene,0.50149477,0.32987767,0.2522945,0.10644755,456.71448,567.3894,0.08947866,10.644754
521,toluene,0.40776467,0.3268715,0.2061867,0.18787956,411.9115,565.4083,0.038263932,18.787956
522,toluene,0.46126017,0.3330065,0.3846355,0.62888896,437.48236,569.4513,0.23647772,62.888897
523,toluene,0.21512121,0.2375148,0.21355611,0.16130573,319.82794,506.52225,0.04644957,16.130573
524,toluene,0.4149327,0.31469846,0.25729722,0.5296533,415.33783,557.3863,0.09503545,52.965332
525,toluene,0.22810763,0.19129167,0.285859,0.4671211,326.03546,476.06122,0.12676074,46.71211
526,toluene,0.3498377,0.1889001,0.27613342,0.16829368,384.2224,474.48517,0.11595796,16.829369
527,toluene,0.28610158,0.2499851,0.22502908,0.22096199,353.75656,514.7402,0.0591933,22.096199
528,toluene,0.3336433,0.26331973,0.245509,0.3164083,376.4815,523.5277,0.08194156,31.640831
529,toluene,0.40834385,0.337851,0.20521095,0.37450618,412.18835,572.6438,0.03718011,37.45062
530,toluene,0.4494345,0.1902243,0.37722218,0.34211302,431.82968,475.35782,0.2282433,34.211304
531,toluene,0.2766273,0.20866619,0.37581134,0.30195504,349.22784,487.51102,0.22667618,30.195505
532,toluene,0.19881463,0.22654963,0.19311894,0.60112685,312.0334,499.2962,0.023748785,60.112686
533,toluene,0.33069903,0.3053344,0.24207804,0.360784,375.07413,551.21533,0.07813059,36.0784
534,toluene,0.17575262,0.2311641,0.19408853,0.54713655,301.00977,502.33716,0.024825767,54.713654
535,toluene,0.39324793,0.34151876,0.19498411,0.28520912,404.97253,575.06085,0.025820538,28.520912
536,toluene,0.4706366,0.32420683,0.328219,0.12439954,441.9643,563.6523,0.17381252,12.439955
537,toluene,0.32247347,0.20615219,0.26598015,0.11578986,371.14233,485.8543,0.104680106,11.578986
538,toluene,0.33912104,0.21949583,0.3654961,0.12894422,379.09985,494.64777,0.21521844,12.894422
539,toluene,0.48479527,0.23058641,0.39497286,0.8434757,448.73215,501.95645,0.24796005,84.34757
540,toluene,0.34944403,0.3283403,0.30028495,0.14225045,384.03424,566.3762,0.14278449,14.225045
541,toluene,0.35256884,0.20413366,0.2778937,0.6445526,385.5279,484.52408,0.1179132,64.45526
542,toluene,0.37076187,0.25948906,0.34258077,0.281496,394.22418,521.0033,0.18976499,28.1496
543,toluene,0.48542246,0.36463958,0.3053933,0.21283308,449.03192,590.2975,0.14845867,21.283308
544,toluene,0.5032965,0.27071068,0.36931294,0.71972656,457.57574,528.3983,0.21945803,71.97266
545,toluene,0.36353555,0.16644275,0.30974376,0.72283435,390.77,459.6858,0.15329097,72.28343
546,toluene,0.44391692,0.33868495,0.2432009,0.5540386,429.1923,573.19336,0.079377815,55.40386
547,toluene,0.43782133,0.34900492,0.21454433,0.26928565,426.2786,579.99426,0.04754725,26.928564
548,toluene,0.33632857,0.15352196,0.35263473,0.655145,377.76508,451.17096,0.20093255,65.514496
549,toluene,0.33582705,0.24379525,0.24338648,0.5006001,377.52533,510.66107,0.07958396,50.06001
550,toluene,0.4024832,0.33343172,0.29055184,0.2498843,409.38696,569.7315,0.13197334,24.98843
551,toluene,0.29795417,0.11816637,0.4019991,0.20721954,359.4221,427.87164,0.25576448,20.721954
552,toluene,0.36487928,0.3086554,0.20081994,0.27616683,391.4123,553.40393,0.032302752,27.616682
553,toluene,0.3408569,0.141579,0.34782207,0.47221112,379.9296,443.30057,0.19558685,47.22111
554,toluene,0.38470602,0.30011585,0.32049635,0.1621728,400.88947,547.77637,0.16523452,16.21728
555,toluene,0.4957679,0.3450932,0.32468992,0.6313656,453.97705,577.4164,0.16989256,63.13656
556,toluene,0.26222208,0.25866583,0.22797288,0.44513768,342.34216,520.4608,0.06246315,44.513767
557,toluene,0.33773774,0.12715858,0.37369806,0.33386958,378.43866,433.79752,0.22432883,33.38696
558,toluene,0.35056823,0.24938378,0.21842292,0.48303008,384.5716,514.3439,0.05185543,48.30301
559,toluene,0.40956083,0.33725747,0.26574343,0.052455842,412.77008,572.2527,0.10441716,5.2455845
560,toluene,0.3155253,0.17478926,0.30898866,0.5201962,367.8211,465.18613,0.15245225,52.01962
561,toluene,0.39644834,0.32336307,0.19731247,0.5582164,406.50232,563.09625,0.028406799,55.82164
562,toluene,0.29809868,0.2788044,0.3025635,0.16025531,359.49115,533.7321,0.14531542,16.025532
563,toluene,0.34273168,0.2706039,0.28993922,0.10892397,380.82574,528.328,0.1312929,10.892397
564,toluene,0.25969458,0.16683578,0.27121177,0.61524045,341.134,459.94476,0.11049117,61.524044
565,toluene,0.44824088,0.3447507,0.26451603,0.11934534,431.25916,577.19073,0.10305382,11.934534
566,toluene,0.48363733,0.39220425,0.22003502,0.2748904,448.17865,608.46265,0.053646088,27.489038
567,toluene,0.3484024,0.19672504,0.3920117,0.31009462,383.53635,479.64178,0.24467091,31.009462
568,toluene,0.31208503,0.31485456,0.28569788,0.17946309,366.17664,557.48914,0.12658177,17.946308
569,toluene,0.400164,0.28470114,0.27048463,0.44918787,408.27838,537.61804,0.1096835,44.91879
570,toluene,0.34114054,0.17783898,0.35815364,0.32807314,380.0652,467.1959,0.20706274,32.807316
571,toluene,0.26723358,0.23351838,0.3167762,0.13405597,344.73764,503.8886,0.16110231,13.405598
572,toluene,0.38757738,0.20863003,0.4316051,0.37333673,402.262,487.48718,0.28864968,37.33367
573,toluene,0.29135877,0.10758117,0.39615515,0.15205863,356.26947,420.896,0.24927329,15.205863
574,toluene,0.3104351,0.14210698,0.26364803,0.34224278,365.38797,443.6485,0.10208969,34.224277
575,toluene,0.39583343,0.29785,0.25345528,0.09729016,406.20837,546.28314,0.090767995,9.729015
576,toluene,0.3183185,0.15189439,0.3175513,0.2185359,369.15625,450.0984,0.1619633,21.85359
577,toluene,0.39746165,0.34458506,0.2326376,0.31144243,406.98666,577.08154,0.06764452,31.144243
578,toluene,0.4872459,0.36163038,0.24620016,0.4162391,449.90353,588.31445,0.08270927,41.623913
579,toluene,0.50273263,0.34289375,0.32439238,0.09026021,457.3062,575.967,0.16956206,9.026021
580,toluene,0.30905542,0.2505404,0.21073465,0.30916196,364.7285,515.10614,0.04331562,30.916197
581,toluene,0.32625178,0.3193525,0.26597592,0.23369828,372.94836,560.4533,0.1046754,23.369827
582,toluene,0.28709137,0.13867849,0.40129605,0.26055676,354.22968,441.38913,0.2549836,26.055676
583,toluene,0.41595903,0.3579083,0.3253066,0.06641111,415.82843,585.8616,0.17057754,6.641111
584,toluene,0.3118894,0.28846693,0.23682295,0.1827411,366.08313,540.09973,0.072293445,18.27411
585,toluene,0.27845535,0.10806818,0.42427602,0.31477028,350.10165,421.21692,0.28050882,31.477028
586,toluene,0.32381663,0.18436864,0.27548572,0.472598,371.78436,471.49893,0.1152385,47.2598
587,toluene,0.3516923,0.25025624,0.3088329,0.06642717,385.10892,514.9189,0.15227924,6.6427174
588,toluene,0.28828144,0.17054859,0.21546069,0.6403011,354.79852,462.3915,0.048565105,64.03011
589,toluene,0.52219576,0.42795497,0.2596469,0.07564542,466.60956,632.02234,0.09764539,7.564542
590,toluene,0.25694528,0.19764805,0.23077501,0.17059344,339.81985,480.25006,0.065575644,17.059343
591,toluene,0.5120552,0.39020273,0.26990432,0.21095794,461.7624,607.14355,0.109038904,21.095795
592,toluene,0.31672275,0.3926254,0.23890088,0.23772296,368.3935,608.7401,0.074601546,23.772297
593,toluene,0.40777734,0.3035011,0.2803585,0.5834572,411.91757,550.0072,0.12065099,58.34572
594,toluene,0.3130749,0.4377578,0.26704034,0.15350586,366.64978,638.4824,0.105857715,15.350586
595,toluene,0.46824545,0.42355198,0.26358125,0.07672089,440.82132,629.1207,0.10201551,7.6720896
596,toluene,0.34809166,0.3433997,0.18650717,0.11864549,383.38782,576.3004,0.016404688,11.864549
597,toluene,0.54150665,0.45283368,0.23402312,0.23308975,475.84018,648.41736,0.06918351,23.308975
598,toluene,0.39872372,0.30664524,0.3678285,0.17640984,407.58994,552.0792,0.21780916,17.640984
599,toluene,0.36083734,0.26482,0.32566282,0.26019394,389.48026,524.51636,0.17097323,26.019394
600,toluene,0.24220845,0.17039917,0.38047567,0.16453445,332.77563,462.29306,0.23185714,16.453445
601,toluene,0.2844571,0.13488935,0.4268033,0.56799984,352.9705,438.8921,0.28331602,56.799984
602,toluene,0.32301942,0.15421833,0.35221797,0.55408263,371.40326,451.62988,0.20046963,55.408264
603,toluene,0.38623852,0.15790126,0.41859984,0.78037477,401.622,454.05695,0.27420396,78.037476
604,toluene,0.26260406,0.16806422,0.35573065,0.095255315,342.52475,460.75433,0.20437138,9.525532
605,toluene,0.31863,0.18441844,0.3006654,0.3449567,369.30515,471.53174,0.14320709,34.49567
606,toluene,0.36064088,0.23536184,0.31321678,0.39646143,389.38635,505.10345,0.15714864,39.64614
607,toluene,0.40748188,0.26868412,0.28185272,0.53847724,411.77634,527.06287,0.12231071,53.847725
608,toluene,0.31320208,0.20530048,0.29907933,0.18219477,366.7106,485.29303,0.14144535,18.219477
609,toluene,0.32439968,0.27054814,0.20752692,0.4803188,372.06305,528.2912,0.039752603,48.031883
610,toluene,0.4091307,0.4442548,0.29641065,0.05550629,412.56445,642.7639,0.1384811,5.5506287
611,toluene,0.39653224,0.300087,0.22593987,0.67359835,406.54242,547.7573,0.060204968,67.35983
612,toluene,0.5161638,0.2900486,0.2803376,0.23343158,463.72632,541.142,0.120627776,23.343159
613,toluene,0.39590356,0.29169658,0.30732155,0.20581642,406.24188,542.228,0.15060048,20.581642
614,toluene,0.5395934,0.41836458,0.33856305,0.4822961,474.92566,625.7023,0.1853023,48.22961
615,toluene,0.35072866,0.18380873,0.3535685,0.7906182,384.64832,471.12994,0.20196973,79.06182
616,toluene,0.32098144,0.1530608,0.21118242,0.2800113,370.42914,450.86707,0.043812975,28.00113
617,toluene,0.40353835,0.3023534,0.26828173,0.15274423,409.89133,549.2509,0.10723661,15.274424
618,toluene,0.29687864,0.22062622,0.29284889,0.69095385,358.908,495.3927,0.1345248,69.09538
619,toluene,0.29001528,0.21941623,0.23433463,0.6228949,355.62732,494.59528,0.06952952,62.28949
620,toluene,0.4316877,0.3483451,0.30615714,0.4249143,423.34674,579.55945,0.14930709,42.49143
621,toluene,0.38405317,0.31686488,0.21775934,0.5273616,400.57742,558.81396,0.05111836,52.736156
622,toluene,0.27087736,0.09260538,0.50218046,0.73662734,346.47937,411.02695,0.36704195,73.662735
623,toluene,0.53108174,0.26634774,0.35683456,0.54638344,470.85706,525.5232,0.20559753,54.638344
624,toluene,0.37713844,0.21968155,0.24885897,0.5789937,397.27216,494.77014,0.08566259,57.89937
625,toluene,0.30098963,0.22220363,0.2413635,0.146245,360.87305,496.4322,0.07733692,14.6245
626,toluene,0.322065,0.16741876,0.38113776,0.32614303,370.94708,460.32898,0.23259257,32.614304
627,toluene,0.409094,0.33172,0.26657978,0.12758225,412.54694,568.60345,0.10534616,12.758225
628,toluene,0.2895111,0.17690367,0.24914877,0.42652655,355.3863,466.57953,0.08598448,42.652657
629,toluene,0.46472386,0.31038162,0.25639296,0.15049824,439.138,554.5415,0.09403102,15.049824
630,toluene,0.35241732,0.26963806,0.20947036,0.845642,385.45547,527.69147,0.04191129,84.56419
631,toluene,0.2781127,0.18308829,0.18853983,0.43679893,349.93787,470.65518,0.018662497,43.679893
632,toluene,0.34489572,0.34421843,0.30615154,0.2795453,381.86017,576.83997,0.14930089,27.95453
633,toluene,0.39149687,0.2008658,0.33928478,0.13848794,404.1355,482.37054,0.18610395,13.848793
634,toluene,0.5233364,0.36392215,0.28286234,0.21097618,467.1548,589.8247,0.123432145,21.097618
635,toluene,0.3038449,0.20472145,0.2899545,0.13913852,362.23785,484.91144,0.13130985,13.913852
636,toluene,0.31218702,0.28604743,0.19534816,0.31827256,366.2254,538.50525,0.026224911,31.827255
637,toluene,0.3290364,0.4132517,0.24113746,0.272947,374.27942,622.3329,0.07708584,27.2947
638,toluene,0.4208181,0.3162498,0.3150323,0.17256817,418.15106,558.4086,0.15916528,17.256817
639,toluene,0.42488128,0.24949838,0.3292659,0.8006671,420.09326,514.41943,0.17497538,80.06671
640,toluene,0.27609444,0.21975532,0.21304893,0.53096986,348.97314,494.81876,0.045886233,53.096985
641,toluene,0.33630684,0.21095765,0.2912253,0.4736906,377.75467,489.0211,0.13272141,47.36906
642,toluene,0.31407356,0.21865746,0.23157142,0.28544798,367.12717,494.09528,0.06646027,28.544798
643,toluene,0.25676653,0.21888112,0.28354537,0.4953665,339.7344,494.24268,0.12419085,49.53665
644,toluene,0.42250842,0.27869967,0.2258175,0.59849644,418.95905,533.6631,0.06006904,59.849644
645,toluene,0.5400745,0.42829075,0.24314307,0.06805676,475.1556,632.24365,0.07931359,6.8056765
646,toluene,0.14273578,0.24175179,0.18190962,0.47064674,285.2277,509.31442,0.011297926,47.064674
647,toluene,0.36779103,0.25870535,0.268007,0.3557223,392.8041,520.4868,0.10693146,35.57223
648,toluene,0.3336086,0.27343777,0.2545532,0.16575658,376.4649,530.1955,0.091987506,16.575659
649,toluene,0.39511752,0.37964755,0.27678567,0.064079225,405.86618,600.18774,0.116682455,6.4079227
650,toluene,0.2674964,0.264781,0.30437413,0.27716437,344.86328,524.49066,0.1473266,27.716436
651,toluene,0.31703573,0.19576111,0.29812595,0.1938622,368.5431,479.0066,0.14038639,19.386219
652,toluene,0.42559016,0.33358723,0.19295797,0.39236093,420.4321,569.834,0.023569986,39.23609
653,toluene,0.3416769,0.211486,0.24088383,0.12911257,380.32153,489.36926,0.07680412,12.911257
654,toluene,0.29073662,0.23396844,0.31307885,0.30274677,355.9721,504.18518,0.15699546,30.274677
655,toluene,0.4032949,0.38963312,0.24588232,0.14320672,409.77496,606.7682,0.08235623,14.320671
656,toluene,0.37241167,0.25512376,0.27911514,0.20703131,395.01276,518.1266,0.11926992,20.70313
657,toluene,0.32585466,0.23954865,0.27112573,0.237952,372.75854,507.86255,0.110395625,23.7952
658,toluene,0.4160179,0.3550132,0.224394,0.30498853,415.85657,583.9537,0.058487862,30.498854
659,toluene,0.31362784,0.23187579,0.22347645,0.8199897,366.91412,502.80615,0.057468697,81.99897
660,toluene,0.26455432,0.15308794,0.24490573,0.2087588,343.45697,450.88495,0.081271484,20.87588
661,toluene,0.37603664,0.29531723,0.21957013,0.4991791,396.7455,544.6141,0.053129718,49.917908
662,toluene,0.3141809,0.24844553,0.2755317,0.06722358,367.17847,513.7256,0.115289584,6.7223577
663,toluene,0.3046467,0.2681849,0.32202065,0.055710793,362.62112,526.7339,0.16692765,5.5710793
664,toluene,0.23215471,0.27465293,0.27182573,0.29417914,327.96997,530.9963,0.11117314,29.417913
665,toluene,0.2645514,0.14714655,0.3135434,0.31209132,343.45557,446.96957,0.15751146,31.209131
666,toluene,0.44731086,0.32688197,0.23886305,0.12500972,430.81458,565.4152,0.074559525,12.500972
667,toluene,0.31641084,0.19194785,0.24061127,0.6458246,368.2444,476.49362,0.076501355,64.58246
668,toluene,0.44124675,0.33775195,0.23490563,0.14325693,427.91595,572.57855,0.07016377,14.325693
669,toluene,0.4474503,0.31604657,0.3088678,0.044884443,430.88123,558.27466,0.15231802,4.4884443
670,toluene,0.38480178,0.35208064,0.22953762,0.15187722,400.93524,582.0211,0.06420119,15.187722
671,toluene,0.34573618,0.24088006,0.25018808,0.6945083,382.2619,508.73996,0.087138906,69.45083
672,toluene,0.42224604,0.26884994,0.39511067,0.34170038,418.83362,527.1721,0.24811311,34.170036
673,toluene,0.32223576,0.24773444,0.20557648,0.5259018,371.0287,513.257,0.037586123,52.59018
674,toluene,0.3124762,0.21278405,0.3055889,0.20480293,366.36362,490.22467,0.1486759,20.480293
675,toluene,0.36511406,0.16274628,0.3210012,0.5314755,391.52454,457.24982,0.16579528,53.14755
676,toluene,0.32457912,0.23310849,0.21852475,0.70536506,372.1488,503.6185,0.051968545,70.53651
677,toluene,0.29583865,0.25966182,0.27215114,0.09965131,358.4109,521.1171,0.11153458,9.965131
678,toluene,0.49095228,0.41877252,0.2741704,0.15485919,451.67517,625.97107,0.1137775,15.485918
679,toluene,0.24288839,0.26898867,0.22923303,0.5515791,333.10065,527.26355,0.063862875,55.157913
680,toluene,0.3052975,0.16966587,0.26708296,0.27191755,362.9322,461.8098,0.10590507,27.191755
681,toluene,0.385077,0.25175112,0.3472656,0.24041498,401.0668,515.904,0.19496872,24.041498
682,toluene,0.580402,0.35513994,0.28007156,0.63503563,494.43216,584.03723,0.120332286,63.503563
683,toluene,0.36263812,0.17842612,0.3209901,0.741928,390.341,467.58282,0.16578294,74.192795
684,toluene,0.45328227,0.44816285,0.26994228,0.26276588,433.66895,645.33936,0.109081075,26.276588
685,toluene,0.44291702,0.38860586,0.23723036,0.13523191,428.71436,606.0913,0.072745994,13.523191
686,toluene,0.4003946,0.30534172,0.18322584,0.40515667,408.3886,551.2202,0.012759924,40.515667
687,toluene,0.41701952,0.22965428,0.4010418,0.5429259,416.33533,501.34216,0.2547012,54.29259
688,toluene,0.42257452,0.33999524,0.22361918,0.24913111,418.9906,574.0569,0.05762723,24.91311
689,toluene,0.32332993,0.16873911,0.37337062,0.21326685,371.5517,461.19907,0.22396512,21.326685
690,toluene,0.322141,0.2790421,0.21664283,0.28521672,370.9834,533.88873,0.04987818,28.521671
691,toluene,0.54617625,0.25233984,0.2662375,0.70790994,478.07224,516.292,0.10496594,70.79099
692,toluene,0.27443722,0.11639492,0.43702585,0.47402674,348.18097,426.70425,0.29467082,47.402676
693,toluene,0.29146636,0.19017555,0.20534708,0.9319577,356.32092,475.32568,0.037331313,93.19577
694,toluene,0.50460666,0.39213195,0.25821817,0.076281846,458.20197,608.4149,0.09605841,7.6281843
695,toluene,0.33925462,0.27868423,0.25181907,0.27475983,379.1637,533.6529,0.08895056,27.475983
696,toluene,0.46404785,0.3615675,0.20064163,0.09205127,438.81488,588.27295,0.032104686,9.205127
697,toluene,0.27572113,0.25593483,0.178933,0.5902241,348.7947,518.6611,0.007991612,59.022408
698,toluene,0.29947078,0.31863052,0.23855475,0.14736736,360.14703,559.97754,0.074217066,14.736736
699,toluene,0.5673799,0.40505546,0.25194865,0.19886738,488.20758,616.9315,0.089094475,19.886738
700,toluene,0.50803757,0.41388792,0.2862854,0.3295027,459.84195,622.75214,0.12723435,32.95027
701,toluene,0.34284738,0.30527228,0.20150135,0.40342817,380.88104,551.17444,0.03305964,40.342815
702,toluene,0.26728258,0.15835354,0.3660516,0.18502408,344.76108,454.35498,0.21583547,18.502409
703,toluene,0.43257162,0.22084856,0.27080566,0.7015177,423.76923,495.53918,0.11004008,70.15177
704,toluene,0.2827106,0.29859647,0.21891546,0.09678522,352.13568,546.7751,0.052402526,9.678522
705,toluene,0.657521,0.38047257,0.3202839,0.4831396,531.29504,600.73145,0.16499852,48.31396
706,toluene,0.33617342,0.27955347,0.19092822,0.51345223,377.6909,534.2257,0.021315426,51.345222
707,toluene,0.35529193,0.30805272,0.3509096,0.08895749,386.82953,553.0067,0.19901632,8.895749
708,toluene,0.3520675,0.3412653,0.22549921,0.20594198,385.28827,574.8938,0.059715495,20.594198
709,toluene,0.2871294,0.17825308,0.30479154,0.20939547,354.24786,467.46878,0.14779024,20.939547
710,toluene,0.33286583,0.25522354,0.28432447,0.43626207,376.10986,518.1923,0.12505622,43.626205
711,toluene,0.3247003,0.26674062,0.22487225,0.3828367,372.20673,525.7821,0.05901909,38.28367
712,toluene,0.5111899,0.3387332,0.3440642,0.16871095,461.34875,573.22516,0.19141273,16.871094
713,toluene,0.3146388,0.25160354,0.23149493,0.3794829,367.39734,515.80676,0.0663753,37.948288
714,toluene,0.30916566,0.30356956,0.21228364,0.5045293,364.7812,550.05237,0.045036167,50.45293
715,toluene,0.34920952,0.24201608,0.31769696,0.10922444,383.92215,509.4886,0.16212507,10.922443
716,toluene,0.5858523,0.33282244,0.33773002,0.23782626,497.0374,569.32996,0.184377,23.782625
717,toluene,0.32811803,0.40908086,0.22763431,0.3867228,373.84042,619.5843,0.062087074,38.67228
718,toluene,0.45529747,0.3705548,0.2287727,0.21319842,434.6322,594.1956,0.06335156,21.319843
719,toluene,0.4176107,0.32921034,0.24936274,0.21699905,416.61792,566.9496,0.08622216,21.699905
720,toluene,0.27975726,0.26805043,0.29078642,0.13261175,350.72397,526.64526,0.1322339,13.261175
721,toluene,0.44350657,0.3180719,0.35458505,0.37236664,428.99615,559.6094,0.20309888,37.236664
722,toluene,0.2950799,0.1938553,0.33048797,0.22689956,358.0482,477.75064,0.17633282,22.689957
723,toluene,0.40152788,0.29203746,0.17874718,0.70208573,408.93033,542.4527,0.007785201,70.20857
724,toluene,0.3900804,0.31689185,0.22841388,0.17718065,403.45844,558.8317,0.06295298,17.718065
725,toluene,0.3513202,0.2914404,0.25657704,0.6567039,384.93106,542.0592,0.094235525,65.67039
726,toluene,0.28743082,0.21238151,0.2795251,0.2056554,354.39194,489.9594,0.1197253,20.56554
727,toluene,0.36509085,0.31264234,0.23984414,0.14701721,391.51343,556.0313,0.07564928,14.701721
728,toluene,0.34084406,0.2636709,0.4361267,0.23593462,379.92346,523.75916,0.29367208,23.593462
729,toluene,0.4544758,0.28026363,0.24658133,0.44297767,434.23944,534.6937,0.08313267,44.297768
730,toluene,0.24675536,0.12517346,0.41058502,0.15617654,334.94907,432.48932,0.2653014,15.617654
731,toluene,0.2936151,0.32792312,0.31475723,0.22951481,357.34802,566.1013,0.15885971,22.95148
732,toluene,0.285461,0.28227544,0.21515891,0.31054872,353.45038,536.01953,0.048229903,31.054873
733,toluene,0.33869213,0.15867208,0.30206987,0.87020296,378.89484,454.5649,0.14476712,87.020294
734,toluene,0.32774898,0.20949677,0.22972867,0.3063089,373.664,488.05835,0.06441341,30.63089
735,toluene,0.41969565,0.26676288,0.30340686,0.21816078,417.6145,525.79675,0.1462522,21.816078
736,toluene,0.2657708,0.15795587,0.30060214,0.5972972,344.03845,454.09293,0.14313681,59.72972
737,toluene,0.5150965,0.2869397,0.24507862,0.90119326,463.21613,539.09326,0.08146353,90.11932
738,toluene,0.30551225,0.19802882,0.20645347,0.50947756,363.03485,480.50098,0.038560256,50.947754
739,toluene,0.41572157,0.3651209,0.22353071,0.13432187,415.7149,590.6147,0.057528958,13.432187
740,toluene,0.27043676,0.21260557,0.3612576,0.543051,346.26877,490.10706,0.2105105,54.3051
741,toluene,0.684441,0.57450306,0.2734687,0.075957,544.1628,728.59753,0.11299808,7.5957003
742,toluene,0.41569567,0.3262304,0.19450878,0.403176,415.7025,564.98584,0.02529256,40.3176
743,toluene,0.40583688,0.29243332,0.21352589,0.44326496,410.99005,542.71356,0.046416014,44.326496
744,toluene,0.45889243,0.3430154,0.27398592,0.17092064,436.3506,576.0471,0.11357258,17.092064
745,toluene,0.4399914,0.41665414,0.29659176,0.03543383,427.31592,624.5751,0.13868226,3.543383
746,toluene,0.3680532,0.27591074,0.24786991,0.41831344,392.92944,531.8252,0.084563985,41.831345
747,toluene,0.5329427,0.41339985,0.3339771,0.18252152,471.7466,622.43054,0.1802084,18.252151
748,toluene,0.4432964,0.45847625,0.26886332,0.10819876,428.8957,652.13586,0.107882604,10.819876
749,toluene,0.50223523,0.42434114,0.26584736,0.07285231,457.06842,629.6408,0.104532614,7.2852316
750,toluene,0.30223903,0.18729322,0.3630514,0.33651724,361.47028,473.42624,0.21250297,33.651726
751,toluene,0.42427844,0.30988702,0.25568157,0.649155,419.8051,554.2156,0.09324087,64.915504
752,toluene,0.3242551,0.15881819,0.26918975,0.37799498,371.99396,454.6612,0.10824518,37.7995
753,toluene,0.30799934,0.16640495,0.28435898,0.27157256,364.2237,459.66086,0.12509458,27.157255
754,toluene,0.2367013,0.17579116,0.35090783,0.4190966,330.14322,465.84637,0.19901438,41.90966
755,toluene,0.31718117,0.241814,0.26292014,0.523596,368.6126,509.3554,0.10128118,52.3596
756,toluene,0.51589113,0.4031727,0.2731128,0.16799313,463.59595,615.6908,0.112602755,16.799313
757,toluene,0.36824298,0.2362358,0.31918043,0.18969312,393.02014,505.67938,0.16377284,18.969313
758,toluene,0.2852258,0.23869012,0.24398811,0.28726712,353.33795,507.29678,0.080252215,28.726711
759,toluene,0.20804924,0.23661219,0.20303503,0.30903655,316.44754,505.92743,0.034763172,30.903656
760,toluene,0.37772268,0.33543012,0.20409688,0.25190157,397.55145,571.04846,0.035942644,25.190157
761,toluene,0.37123534,0.22394085,0.3395036,0.36268574,394.4505,497.57703,0.186347,36.268574
762,toluene,0.38889226,0.3431068,0.249824,0.08797419,402.8905,576.1074,0.08673449,8.797419
763,toluene,0.19728556,0.16250785,0.4048233,0.19901222,311.3025,457.09268,0.25890154,19.901222
764,toluene,0.34607556,0.26583347,0.3513607,0.2599624,382.42413,525.18427,0.19951741,25.99624
765,toluene,0.35099638,0.24182528,0.24602866,0.5492196,384.77625,509.36285,0.0825188,54.92196
766,toluene,0.32841086,0.36834103,0.21077567,0.17320457,373.9804,592.73676,0.043361187,17.320457
767,toluene,0.31486154,0.31557176,0.22301316,0.6840301,367.5038,557.9618,0.056954086,68.403015
768,toluene,0.3698849,0.31892544,0.2463181,0.4002946,393.805,560.1719,0.08284028,40.02946
769,toluene,0.2984005,0.24324864,0.21140553,0.22318995,359.63544,510.30084,0.044060796,22.318995
770,toluene,0.34131694,0.26151174,0.3931707,0.11190799,380.14948,522.33624,0.24595828,11.190799
771,toluene,0.40846142,0.31664145,0.2672078,0.17091733,412.24457,558.66675,0.10604374,17.091734
772,toluene,0.3586698,0.29275852,0.20544218,0.43544406,388.44415,542.92786,0.037436947,43.544407
773,toluene,0.34783965,0.23021705,0.22229113,0.71341443,383.26733,501.71304,0.05615209,71.341446
774,toluene,0.34296864,0.262223,0.3083047,0.2191928,380.93903,522.80493,0.15169252,21.919281
775,toluene,0.4385357,0.34378946,0.26525292,0.13902724,426.62006,576.55725,0.103872314,13.902723
776,toluene,0.47510636,0.3632998,0.25158235,0.09809774,444.10083,589.41455,0.08868761,9.809774
777,toluene,0.43403882,0.3464505,0.34565017,0.2404364,424.47055,578.3109,0.19317438,24.04364
778,toluene,0.22537968,0.20976445,0.21670893,0.79360855,324.73148,488.23477,0.049951598,79.360855
779,toluene,0.4289412,0.313402,0.22184448,0.27404737,422.03387,556.5319,0.05565597,27.404737
780,toluene,0.26713154,0.13262609,0.29500616,0.3400738,344.68887,437.40057,0.13692103,34.007378
781,toluene,0.36269122,0.23590633,0.24773699,0.18256176,390.3664,505.46228,0.084416345,18.256176
782,toluene,0.3296121,0.23128833,0.18358105,0.65128326,374.55457,502.419,0.013154492,65.12833
783,toluene,0.23873076,0.23323676,0.30427805,0.13563952,331.1133,503.703,0.14721988,13.5639515
784,toluene,0.30436766,0.2549982,0.2162422,0.3571357,362.48773,518.0438,0.04943317,35.71357
785,toluene,0.23337756,0.27378815,0.24714503,0.5348499,328.55447,530.4264,0.083758816,53.48499
786,toluene,0.35870773,0.26662007,0.23936743,0.40901563,388.46228,525.70264,0.07511975,40.90156
787,toluene,0.32376447,0.19984877,0.305512,0.43223265,371.7594,481.70032,0.14859052,43.223267
788,toluene,0.30620855,0.19880712,0.22473294,0.27526492,363.36768,481.0139,0.058864355,27.526491
789,toluene,0.42747653,0.39562416,0.24851646,0.054708213,421.3338,610.7163,0.08528213,5.4708214
790,toluene,0.2870435,0.18747813,0.3452629,0.22032842,354.2068,473.5481,0.19274421,22.032843
791,toluene,0.3512471,0.21422619,0.31396633,0.7532213,384.89612,491.17505,0.15798123,75.32213
792,toluene,0.27075347,0.28032997,0.26294112,0.122383654,346.42017,534.7374,0.10130449,12.238365
793,toluene,0.36717823,0.2413245,0.2712171,0.3848133,392.5112,509.03284,0.1104971,38.48133
794,toluene,0.24626511,0.15051025,0.3531232,0.45144758,334.71472,449.18625,0.2014751,45.144756
795,toluene,0.4510663,0.35415357,0.28924546,0.40315175,432.60968,583.3872,0.13052227,40.315174
796,toluene,0.3029415,0.18654314,0.30832127,0.38126642,361.80603,472.93195,0.15171091,38.12664
797,toluene,0.31169116,0.2138505,0.27796972,0.18806505,365.98837,490.9275,0.11799763,18.806505
798,toluene,0.34732112,0.26744547,0.2644684,0.17823854,383.0195,526.2466,0.103000924,17.823854
799,toluene,0.35046312,0.35132137,0.20579842,0.32359868,384.52136,581.52075,0.037832648,32.359867
800,toluene,0.31486017,0.14115018,0.36749357,0.24058798,367.50317,443.01797,0.21743713,24.058798
801,toluene,0.3251358,0.22728732,0.28392735,0.16872618,372.41492,499.78235,0.12461515,16.872618
802,toluene,0.32239652,0.36087006,0.20778206,0.12015283,371.10553,587.81335,0.040035993,12.015284
803,toluene,0.35626304,0.3077975,0.31627008,0.08935022,387.29373,552.83856,0.16054015,8.935022
804,toluene,0.4171301,0.279019,0.26778507,0.6616958,416.38818,533.87354,0.10668494,66.16958
805,toluene,0.5236759,0.3965721,0.27043086,0.19639039,467.31708,611.34106,0.109623775,19.639038
806,toluene,0.39338094,0.28611284,0.23456073,0.7234516,405.03607,538.54834,0.06978066,72.34516
807,toluene,0.2618277,0.3075596,0.18920684,0.32595423,342.15363,552.68176,0.019403383,32.595425
808,toluene,0.41689116,0.30891833,0.23548207,0.6790768,416.274,553.57715,0.070804045,67.90768
809,toluene,0.32590955,0.24369368,0.24309987,0.44490737,372.7848,510.59412,0.07926561,44.490738
810,toluene,0.4445659,0.3322336,0.22155216,0.35392502,429.5025,568.94196,0.055331275,35.3925
811,toluene,0.40108067,0.30529383,0.26136094,0.64363486,408.71655,551.1886,0.09954928,64.36349
812,toluene,0.40374008,0.31570342,0.21810178,0.28605756,409.98776,558.0486,0.051498726,28.605757
813,toluene,0.5556866,0.37659323,0.33590856,0.7582353,482.6182,598.1749,0.18235378,75.823524
814,toluene,0.5151563,0.33960095,0.25790867,0.8380108,463.24472,573.797,0.095714614,83.80108
815,toluene,0.4260694,0.30797678,0.26880226,0.60387266,420.6612,552.95667,0.107814774,60.387264
816,toluene,0.38295543,0.29804143,0.19551836,0.35754365,400.0527,546.4093,0.026413962,35.754364
817,toluene,0.28859982,0.42539066,0.21991107,0.29944026,354.9507,630.33246,0.053508416,29.944027
818,toluene,0.43668327,0.31919205,0.27156523,0.41736478,425.73462,560.34753,0.11088379,41.736477
819,toluene,0.3154078,0.2524173,0.29403004,0.08852482,367.76495,516.343,0.1358368,8.852482
820,toluene,0.44732422,0.29603654,0.34047297,0.19837141,430.82098,545.0881,0.18742375,19.837141
821,toluene,0.32547927,0.23942041,0.27757344,0.49913523,372.5791,507.77805,0.11755745,49.91352
822,toluene,0.3039253,0.17227452,0.3116401,0.22763148,362.2763,463.5289,0.15539737,22.763147
823,toluene,0.26876926,0.15415801,0.28131342,0.64213467,345.4717,451.59012,0.121711686,64.21347
824,toluene,0.34977308,0.17296523,0.41413093,0.7363497,384.19153,463.98407,0.26924008,73.63497
825,toluene,0.3745432,0.18263388,0.36340308,0.7953727,396.03165,470.3557,0.21289359,79.53727
826,toluene,0.31911868,0.29325977,0.28167024,0.19614974,369.53873,543.2582,0.12210803,19.614973
827,toluene,0.15858117,0.23001032,0.2350969,0.5241837,292.8018,501.57678,0.07037623,52.41837
828,toluene,0.42762566,0.25156966,0.4242829,0.6934458,421.40506,515.7844,0.28051645,69.34458
829,toluene,0.28344846,0.23854898,0.35223514,0.10281536,352.48834,507.2038,0.2004887,10.281536
830,toluene,0.501306,0.39802817,0.23328602,0.3364391,456.62427,612.30054,0.068364784,33.64391
831,toluene,0.36268926,0.19632071,0.30871418,0.53374255,390.36548,479.37537,0.15214737,53.374256
832,toluene,0.36874592,0.2884485,0.291487,0.1966447,393.26056,540.0876,0.1330121,19.664469
833,toluene,0.3500334,0.30747995,0.24568431,0.47986868,384.31598,552.6293,0.08213629,47.98687
834,toluene,0.18600726,0.18395332,0.37902755,0.22024137,305.91147,471.22522,0.23024862,22.024137
835,toluene,0.34842953,0.18431783,0.49526724,0.43979478,383.54932,471.46545,0.35936302,43.979477
836,toluene,0.47384372,0.40926608,0.26954642,0.059339523,443.4973,619.70636,0.10864137,5.9339523
837,toluene,0.37690404,0.3697976,0.26934582,0.14205211,397.16013,593.6966,0.10841857,14.205212
838,toluene,0.30439878,0.2997455,0.2182256,0.22147709,362.50262,547.5323,0.051636264,22.147709
839,toluene,0.33062762,0.13823818,0.33744678,0.21565706,375.04,441.09897,0.18406238,21.565706
840,toluene,0.46452278,0.25760472,0.45057148,0.5102943,439.04187,519.7615,0.30971676,51.02943
841,toluene,0.35285744,0.2543106,0.19643068,0.7788707,385.66586,517.5907,0.027427346,77.88707
842,toluene,0.37295708,0.32833955,0.29061463,0.294216,395.2735,566.37573,0.13204311,29.4216
843,toluene,0.31621882,0.22480035,0.21454707,0.4588515,368.1526,498.14343,0.04755029,45.885147
844,toluene,0.32486016,0.23045918,0.24643008,0.69911104,372.28314,501.87262,0.08296467,69.9111
845,toluene,0.28006747,0.23474835,0.2525853,0.49286228,350.87225,504.69916,0.089801624,49.28623
846,toluene,0.43629408,0.3510756,0.21752727,0.5115416,425.54858,581.3588,0.050860584,51.15416
847,toluene,0.3485257,0.27780503,0.25500315,0.117220104,383.59528,533.0735,0.09248729,11.722011
848,toluene,0.22170696,0.24670485,0.3454281,0.10644758,322.97592,512.5785,0.1929277,10.644758
849,toluene,0.3640282,0.2533503,0.25498635,0.52230406,391.0055,516.9578,0.092468634,52.230408
850,toluene,0.31497133,0.38130182,0.2047,0.218061,367.55627,601.2779,0.036612555,21.8061
851,toluene,0.36363563,0.26965806,0.22147721,0.4021513,390.8178,527.70465,0.055248022,40.21513
852,toluene,0.3099697,0.20769781,0.35544255,0.25681686,365.16553,486.87286,0.20405136,25.681686
853,toluene,0.39607763,0.29729015,0.2416032,0.34315822,406.3251,545.9142,0.07760315,34.315823
854,toluene,0.31610265,0.15481532,0.37816948,0.12509543,368.09705,452.0233,0.2292955,12.509542
855,toluene,0.32227376,0.24965401,0.22517213,0.56120944,371.04688,514.522,0.059352204,56.120945
856,toluene,0.5741131,0.29782805,0.2679096,0.5700525,491.42606,546.2687,0.10682325,57.00525
857,toluene,0.38831148,0.3205995,0.27466428,0.09067714,402.61288,561.2751,0.114326105,9.067715
858,toluene,0.3149592,0.20711002,0.2387778,0.69769686,367.55048,486.4855,0.07446481,69.769684
859,toluene,0.40794218,0.36698812,0.21089314,0.19262743,411.99634,591.84515,0.04349166,19.262743
860,toluene,0.62404865,0.45379362,0.2864504,0.18521947,515.2953,649.05,0.12741761,18.521946
861,toluene,0.36776048,0.25088903,0.25089478,0.3908645,392.7895,515.3359,0.08792387,39.08645
862,toluene,0.27925563,0.27822214,0.25028574,0.15203297,350.4842,533.3484,0.08724739,15.203297
863,toluene,0.4331823,0.3391865,0.24215047,0.56601274,424.06116,573.5239,0.078211054,56.601273
864,toluene,0.2964351,0.31647807,0.33310425,0.12467426,358.69598,558.5591,0.17923887,12.467426
865,toluene,0.42547446,0.27057323,0.26391262,0.89059293,420.3768,528.30774,0.10238357,89.059296
866,toluene,0.64125526,0.41689715,0.28447545,0.16099712,523.52,624.7352,0.12522395,16.099712
867,toluene,0.33247018,0.3706078,0.24132445,0.18984562,375.92075,594.2305,0.07729353,18.984562
868,toluene,0.44634944,0.33985797,0.3038317,0.09872824,430.35504,573.96643,0.14672409,9.872824
869,toluene,0.35281032,0.16820748,0.33394682,0.39471465,385.64334,460.84872,0.18017475,39.471466
870,toluene,0.40518263,0.22240646,0.3541154,0.347783,410.6773,496.56586,0.20257722,34.7783
871,toluene,0.49575377,0.39719003,0.27368522,0.090192854,453.9703,611.7482,0.11323859,9.019285
872,toluene,0.31913322,0.28467166,0.2740094,0.08284718,369.5457,537.59863,0.11359869,8.284718
873,toluene,0.35621724,0.22686104,0.3018885,0.24085012,387.27185,499.50143,0.14456566,24.085012
874,toluene,0.31868297,0.28615987,0.19516629,0.24499977,369.33044,538.57935,0.026022896,24.499977
875,toluene,0.2912092,0.16631255,0.3064286,0.60017484,356.198,459.59998,0.14960863,60.017483
876,toluene,0.49172676,0.370393,0.31047237,0.19172499,452.0454,594.089,0.15410028,19.172499
877,toluene,0.26216704,0.23916504,0.22437863,0.3044378,342.31586,507.60974,0.0584708,30.443779
878,toluene,0.3002874,0.24974245,0.20952806,0.35579103,360.53735,514.58026,0.04197538,35.5791
879,toluene,0.27472657,0.1845675,0.34128493,0.16452318,348.3193,471.62997,0.18832563,16.452318
880,toluene,0.5117814,0.3699972,0.22569302,0.31332004,461.6315,593.8281,0.059930757,31.332005
881,toluene,0.34663522,0.29681557,0.26454884,0.11209786,382.69165,545.60144,0.10309027,11.209785
882,toluene,0.3345456,0.25548598,0.3257291,0.2823761,376.91278,518.36523,0.17104684,28.237612
883,toluene,0.5436785,0.42080986,0.30986938,0.11698398,476.87833,627.3137,0.1534305,11.698398
884,toluene,0.2713503,0.19621433,0.2931403,0.17668736,346.70544,479.30524,0.13484849,17.668736
885,toluene,0.24232282,0.20994899,0.22321472,0.5330332,332.83032,488.35638,0.057177976,53.303318
886,toluene,0.40265507,0.3570144,0.28878137,0.103571385,409.46912,585.27246,0.1300068,10.357139
887,toluene,0.36429533,0.23531201,0.26091143,0.30240697,391.13318,505.07062,0.09904997,30.240696
888,toluene,0.49239627,0.41016704,0.25276643,0.088048875,452.36542,620.30005,0.09000282,8.804888
889,toluene,0.19530058,0.108431995,0.37384778,0.38520718,310.35367,421.4567,0.22449516,38.520718
890,toluene,0.27532202,0.23186846,0.25858843,0.12945992,348.60394,502.80133,0.096469685,12.9459915
891,toluene,0.5199147,0.41990495,0.29323032,0.1357505,465.51923,626.71735,0.1349485,13.57505
892,toluene,0.35177654,0.1499983,0.34285584,0.69670486,385.14917,448.84888,0.19007055,69.67049
893,toluene,0.20711797,0.1965802,0.19931088,0.6512151,316.00238,479.54636,0.03062655,65.121506
894,toluene,0.35251093,0.27298287,0.20348857,0.76764566,385.50024,529.8957,0.035266966,76.764565
895,toluene,0.35536206,0.27216384,0.23377806,0.39235884,386.86307,529.35596,0.0689113,39.235886
896,toluene,0.23933575,0.23729652,0.25739777,0.15236035,331.4025,506.37842,0.09514715,15.236035
897,toluene,0.49654323,0.25221193,0.45090646,0.5976967,454.34766,516.20764,0.3100888,59.769672
898,toluene,0.3889904,0.34034726,0.28626102,0.10717356,402.9374,574.2888,0.1272073,10.717356
899,toluene,0.32849562,0.37582275,0.22623573,0.34326547,374.0209,597.6672,0.060533598,34.326546
900,toluene,0.3552589,0.28280407,0.24590135,0.3063805,386.81378,536.3679,0.08237736,30.63805
901,toluene,0.30372927,0.31929335,0.26483974,0.07983011,362.1826,560.4143,0.10341339,7.9830112
902,toluene,0.37698242,0.24194352,0.32853356,0.35755992,397.1976,509.4408,0.17416193,35.755993
903,toluene,0.279929,0.19543935,0.37276956,0.26542956,350.80606,478.79456,0.22329752,26.542955
904,toluene,0.29790753,0.1725088,0.27074683,0.6939965,359.39978,463.6833,0.10997473,69.39965
905,toluene,0.23225132,0.28190538,0.50210017,0.16557735,328.0161,535.77563,0.36695278,16.557735
906,toluene,0.28021467,0.12342788,0.40431798,0.61948204,350.94263,431.339,0.25834024,61.948204
907,toluene,0.3242172,0.17067595,0.2978975,0.24330676,371.97583,462.47546,0.14013259,24.330675
908,toluene,0.35098928,0.3132678,0.23952869,0.2399059,384.7729,556.4435,0.07529886,23.99059
909,toluene,0.247109,0.19744521,0.18634742,0.5658937,335.1181,480.1164,0.01622726,56.58937
910,toluene,0.36234292,0.24701819,0.343285,0.605123,390.19992,512.785,0.19054724,60.5123
911,toluene,0.50098836,0.3785454,0.29396343,0.06448543,456.47244,599.4614,0.13576283,6.448543
912,toluene,0.3669554,0.35501498,0.224439,0.14416766,392.40466,583.95483,0.058537856,14.416766
913,toluene,0.27250487,0.18317194,0.40029907,0.35544795,347.25732,470.71033,0.2538762,35.544796
914,toluene,0.54331255,0.40840617,0.2794144,0.07117826,476.7034,619.13965,0.11960231,7.1178255
915,toluene,0.41525972,0.322989,0.27523097,0.03221962,415.49414,562.84973,0.11495556,3.221962
916,toluene,0.34975994,0.27377474,0.25917977,0.05885485,384.18524,530.41754,0.09712653,5.8854847
917,toluene,0.28822032,0.14302513,0.3867828,0.6178805,354.76932,444.25357,0.23886286,61.78805
918,toluene,0.5465683,0.2399192,0.3238241,0.7069135,478.25964,508.10675,0.16893084,70.691345
919,toluene,0.3419904,0.24024309,0.2825429,0.73363066,380.47144,508.3202,0.12307735,73.36307
920,toluene,0.32502285,0.15578659,0.34276754,0.6233626,372.3609,452.66336,0.18997245,62.33626
921,toluene,0.35036832,0.2266101,0.24045183,0.52809167,384.47607,499.33606,0.07632427,52.809166
922,toluene,0.2937046,0.24129163,0.24959806,0.25797653,357.3908,509.01117,0.08648352,25.797653
923,toluene,0.30445802,0.27341104,0.22614866,0.23671311,362.53094,530.17786,0.06043689,23.67131
924,toluene,0.6176541,0.49845177,0.26926875,0.1369951,512.23865,678.47974,0.10833295,13.699511
925,toluene,0.5490963,0.5066316,0.25038698,0.11421886,479.46802,683.87024,0.08735983,11.421886
926,toluene,0.31861678,0.1929424,0.259263,0.50127417,369.29883,477.14905,0.097218975,50.12742
927,toluene,0.28809643,0.19395196,0.33629122,0.25987732,354.71008,477.81433,0.18277882,25.987732
928,toluene,0.3021046,0.18542589,0.36594263,0.4652094,361.406,472.19568,0.21571441,46.52094
929,toluene,0.24171373,0.303172,0.25397432,0.2809204,332.53915,549.79034,0.09134452,28.09204
930,toluene,0.4480715,0.2938042,0.4306976,0.4324015,431.17816,543.61694,0.28764164,43.24015
931,toluene,0.29413474,0.22130923,0.24316046,0.1733723,357.5964,495.84277,0.0793329,17.33723
932,toluene,0.37664685,0.22133754,0.2942466,0.513448,397.03717,495.86145,0.13607736,51.3448
933,toluene,0.33405143,0.31345555,0.22320455,0.24616057,376.67657,556.5672,0.05716668,24.616056
934,toluene,0.37987715,0.19592075,0.32957107,0.17661056,398.5813,479.11176,0.17531435,17.661057
935,toluene,0.32582477,0.26560596,0.2834894,0.16889796,372.74423,525.0343,0.124128684,16.889795
936,toluene,0.29001433,0.2175764,0.26323244,0.5065514,355.62683,493.38284,0.10162805,50.65514
937,toluene,0.41238347,0.33420905,0.25901866,0.120690346,414.1193,570.2438,0.096947566,12.069035
938,toluene,0.37327066,0.25219747,0.23898166,0.6441229,395.42337,516.1981,0.07469125,64.41229
939,toluene,0.31692088,0.18273477,0.2654745,0.4251287,368.48816,470.4222,0.10411845,42.51287
940,toluene,0.55687624,0.33400875,0.33218902,0.68662035,483.18683,570.11176,0.17822228,68.66203
941,toluene,0.30127782,0.15045969,0.33468184,0.27111715,361.0108,449.15295,0.18099119,27.111715
942,toluene,0.5256058,0.3524026,0.33990714,0.7440131,468.23956,582.2333,0.18679525,74.401306
943,toluene,0.46227932,0.30560222,0.3595233,0.15781447,437.9695,551.39185,0.20858409,15.781447
944,toluene,0.34636515,0.25544125,0.30800515,0.18025872,382.56256,518.3358,0.15135978,18.025871
945,toluene,0.68187237,0.40987828,0.268413,0.2056793,542.935,620.1098,0.10738243,20.56793
946,toluene,0.41832966,0.24126843,0.2824436,0.5992629,416.96158,508.9959,0.12296705,59.92629
947,toluene,0.4586058,0.3751355,0.27176788,0.098956406,436.21356,597.2143,0.111108884,9.89564
948,toluene,0.31565645,0.218986,0.30233663,0.36878115,367.8838,494.31177,0.14506342,36.878117
949,toluene,0.24474676,0.105669916,0.37367833,0.5351753,333.98895,419.63647,0.22430693,53.517532
950,toluene,0.32119542,0.20531774,0.27807066,0.8251731,370.53143,485.30438,0.11810975,82.51731
951,toluene,0.5842171,0.35663927,0.3187356,0.07547966,496.25577,585.02527,0.16327874,7.5479655
952,toluene,0.35241666,0.27569503,0.21496984,0.5977919,385.45517,531.68304,0.0480199,59.77919
953,toluene,0.48515293,0.19093147,0.38674423,0.2987243,448.9031,475.82385,0.23882,29.872429
954,toluene,0.2552762,0.1251254,0.3015525,0.728455,339.02203,432.45764,0.14419244,72.8455
955,toluene,0.30925268,0.12911347,0.49949437,0.36467716,364.82278,435.0858,0.36405832,36.467716
956,toluene,0.36472595,0.30974844,0.31349328,0.0806402,391.339,554.1242,0.15745579,8.06402
957,toluene,0.49255288,0.33436155,0.25454184,0.57593626,452.44028,570.34424,0.0919749,57.593624
958,toluene,0.31660837,0.23386733,0.3045189,0.41502616,368.3388,504.1186,0.14748742,41.502617
959,toluene,0.25894862,0.15066612,0.31517133,0.22556233,340.77744,449.28897,0.15931968,22.556232
960,toluene,0.3082636,0.21709512,0.37880886,0.107934356,364.35,493.06567,0.23000573,10.793436
961,toluene,0.36422974,0.29100782,0.25423843,0.19563311,391.1018,541.7742,0.091637865,19.56331
962,toluene,0.33642703,0.32587928,0.2333931,0.13065892,377.81213,564.75446,0.068483725,13.065892
963,toluene,0.42758232,0.39245895,0.2795715,0.16805315,421.38434,608.63043,0.11977683,16.805315
964,toluene,0.32260007,0.1921615,0.29962182,0.4261782,371.20282,476.63443,0.14204793,42.617817
965,toluene,0.4144642,0.31190473,0.24263988,0.24065614,415.1139,555.5452,0.07875468,24.065613
966,toluene,0.3713113,0.20487535,0.37459648,0.308352,394.48682,485.01288,0.22532676,30.8352
967,toluene,0.40565854,0.33146903,0.22655861,0.27106845,410.9048,568.4381,0.06089224,27.106846
968,toluene,0.4360882,0.34992886,0.20418094,0.17576328,425.45016,580.60315,0.036036015,17.576328
969,toluene,0.2235207,0.18181504,0.29166,0.1646465,323.8429,469.8161,0.13320427,16.464651
970,toluene,0.56526417,0.44519395,0.30454934,0.08495146,487.19626,643.3828,0.14752121,8.495146
971,toluene,0.3115454,0.19199267,0.24412143,0.6263296,365.9187,476.52316,0.0804003,62.63296
972,toluene,0.21824586,0.122704506,0.40551826,0.4042123,321.32153,430.86227,0.25967348,40.42123
973,toluene,0.5158133,0.26841936,0.4121037,0.6805506,463.55875,526.88837,0.26698834,68.05505
974,toluene,0.36124536,0.21433377,0.32169205,0.68832433,389.6753,491.24597,0.16656266,68.832436
975,toluene,0.31881672,0.21541768,0.24928713,0.39161247,369.3944,491.96027,0.086138174,39.161247
976,toluene,0.34468886,0.30714446,0.22930095,0.3162307,381.7613,552.4082,0.063938305,31.623072
977,toluene,0.30860293,0.26150563,0.20874684,0.45122415,364.5122,522.3322,0.041107625,45.122414
978,toluene,0.3468013,0.20448837,0.3384662,0.5788882,382.77103,484.7578,0.18519472,57.888817
979,toluene,0.24719565,0.2603949,0.23314966,0.4633436,335.15952,521.6002,0.0682133,46.33436
980,toluene,0.4641169,0.34874955,0.2748449,0.07727572,438.8479,579.8259,0.114526734,7.7275724
981,toluene,0.45241994,0.35386845,0.22143176,0.32493815,433.2567,583.19934,0.055197537,32.493816
982,toluene,0.23342887,0.13922551,0.43740347,0.19536906,328.57898,441.7496,0.29509026,19.536907
983,toluene,0.31822348,0.2674759,0.22498237,0.5389565,369.11084,526.2666,0.059141412,53.895653
984,toluene,0.43288702,0.31277382,0.29100728,0.16117465,423.91998,556.1179,0.13247924,16.117466
985,toluene,0.45260483,0.35354787,0.27457976,0.13965717,433.3451,582.98804,0.1142322,13.965717
986,toluene,0.62201834,0.44456464,0.29850262,0.4855579,514.32477,642.96814,0.14080475,48.55579
987,toluene,0.3021443,0.22050755,0.32152292,0.14291942,361.425,495.31445,0.16637479,14.291943
988,toluene,0.38253954,0.3342728,0.2183299,0.11084849,399.85388,570.28577,0.05175212,11.084848
989,toluene,0.42201704,0.32740924,0.25020278,0.3116434,418.72415,565.7627,0.08715524,31.16434
990,toluene,0.29527438,0.2415184,0.2618385,0.22147793,358.14117,509.1606,0.10007973,22.147793
991,toluene,0.45266336,0.37769344,0.26616716,0.19328111,433.3731,598.89996,0.10488783,19.328112
992,toluene,0.27894646,0.2470581,0.22632334,0.56939507,350.33643,512.8113,0.060630903,56.939507
993,toluene,0.35750276,0.30728307,0.22126752,0.13424736,387.88632,552.4995,0.055015102,13.424736
994,toluene,0.2703902,0.16853744,0.25865483,0.22558367,346.24652,461.06616,0.096543446,22.558367
995,toluene,0.33603317,0.29193723,0.24364802,0.53439426,377.62384,542.38666,0.07987447,53.439426
996,toluene,0.30852062,0.23247276,0.26394963,0.48550597,364.47284,503.19955,0.102424696,48.5506
997,toluene,0.36537305,0.29902428,0.33515108,0.30613798,391.64832,547.057,0.1815124,30.613798
998,toluene,0.46176478,0.38386583,0.27600923,0.12763917,437.72357,602.9676,0.115820006,12.763918
999,toluene,0.35016647,0.22209334,0.31826535,0.51233155,384.37958,496.3595,0.1627564,51.233154
1000,toluene,0.48532227,0.3877558,0.28664243,0.20356667,448.98404,605.53107,0.12763093,20.356667
