ID,SMILES,Delta_EST,SA_Score
est-1,CC1(C)c2ccccc2N(c2c(-c3ncccn3)ccc(C#N)c2-c2ccccc2)c2ccccc21,0.0651,2.68
est-2,Cc1c(C(C)(C)c2ccccc2Nc2ccc(-c3nc(-c4ccccc4)nc(-c4ccccc4)n3)cc2)c2ccccc2n1-c1ccccc1,0.4187,2.811
est-3,CC(C)(C)c1ccc(N2c3ccccc3N(c3cccc(-c4nc(-c5ccccc5)nc(-c5ccccc5)n4)c3)c3ccccc32)cc1,0.0181,2.501
est-4,CC1(C)c2ccccc2N(c2cc3cccnc3cc2-c2ccccc2)c2ccccc21,0.0582,2.33
est-5,Cc1c(-c2cccc(C#N)c2C#N)cccc1N1c2ccccc2Oc2ccccc21,0.0022,2.535
est-6,CC1(C)c2ccccc2N(c2ccc(-c3cnc4cc(C#N)ccc4n3)cc2)c2ccccc21,0.0032,2.443
est-7,N#Cc1cc(-c2cccc(N3c4ccccc4Oc4ccccc43)c2)ccc1N1c2ccccc2Oc2ccccc21,0.0221,2.627
est-8,CC1(C)c2ccccc2N(c2ccc(C(=O)c3cncnc3)cc2)c2ccccc21,0.0063,2.331
est-9,c1ccc(-c2nc(Cc3ccccc3-n3c4ccccc4c4c5ccccc5ccc43)nc(-c3ccccc3)n2)cc1,0.2719,2.521
est-10,CC1(C)c2ccccc2N(c2cc3c(N4c5ccccc5C(C)(C)c5ccccc54)ncnc3cc2F)c2ccccc21,0.2442,2.87
est-11,O=C1c2ccccc2C(=O)N1Cn1c2ccc(N(c3ccccc3)c3ccccc3)cc2c2cc(N(c3ccccc3)c3ccccc3)ccc21,0.0279,2.615
est-12,c1ccc(N2c3ccccc3Oc3cc4nc5c6ccccc6c6ccccc6c5nc4cc32)cc1,0.5983,2.488
est-13,N#Cc1c(Oc2ccccc2O)cc(C(=O)c2ccccc2)c(N2c3ccccc3Oc3ccccc32)c1C#N,0.0589,2.803
est-14,COc1ccc(N2c3ccccc3Oc3ccc(-c4cc(C)c(-c5ccc(C#N)cc5)cc4C#N)cc32)cc1,0.2748,2.633
est-15,O=Cc1ccc(N2c3ccccc3Oc3ccccc32)c2cnc(C(=O)c3ccccc3)cc12,0.0804,2.596
est-16,Cn1c2ccccc2c2c(N3c4ccccc4N(c4ccccc4)c4ccccc43)ccnc21,0.0612,2.432
est-17,N#Cc1cc2nc3c(nc2cc1C#N)-c1ccc(N2c4ccccc4Oc4ccccc42)c2cccc-3c12,0.0104,2.908
est-18,Cc1nc2cc(F)c(F)cc2nc1-c1ccc(N2c3ccccc3C(C)(C)c3ccccc32)cc1,0.0032,2.5
est-19,Cc1cc2nc3c4cccc5ccc6c(N7c8ccccc8Oc8ccccc87)ccc(c3nc2cc1C)c6c54,0.0075,2.759
est-20,c1ccc2c(c1)Oc1ccccc1N2c1ccc(-c2ccc(-c3ccccc3-c3ccc(N4c5ccccc5Oc5ccccc54)cc3)cc2)cc1,0.5061,2.305
est-21,COc1ccc(C(=O)c2ccc(N3c4ccccc4C(C)(C)c4cc(N5c6ccccc6C(C)(C)c6ccccc65)ccc43)cc2)cc1,0.0213,2.664
est-22,c1ccc(N(c2ccccc2)c2ccc(-c3nc4ccc5ccccc5c4nc3-c3ccc(N(c4ccccc4)c4ccccc4)cc3)cc2)cc1,0.1052,2.455
est-23,O=c1c2ccccc2c2cccc(N3c4ccccc4Oc4ccccc43)c2n1-c1ccc(C(F)(F)F)cc1,0.06,2.563
est-24,O=C(c1ccccc1)c1cc(-c2ccc3c(c2)c2ccccc2n3-c2ccccc2)cc(N2c3ccccc3Sc3ccccc32)c1,0.0393,2.66
est-25,CCCCN1C(=O)c2cccc3c(-c4cc5c6c(c4)Oc4ccccc4N6c4ccccc4O5)ccc(c23)C1=O,0.0208,2.783
est-26,Cc1cc(-c2cc(C)c(N3c4ccccc4Oc4ccccc43)cn2)cc(N2c3ccccc3Oc3ccccc32)c1,0.1359,2.786
est-27,N#Cc1ccc2c(ccc3nc(N4c5ccccc5N(c5ccccc5)c5ccccc54)cnc32)c1,0.0666,2.636
est-28,Cc1c(C#N)c(N2c3ccccc3Oc3ccccc32)c(C#N)c(-c2ccccc2)c1-c1ccccc1,0.0221,2.661
est-29,c1ccc(-c2ccc(-c3cccc(N4c5ccccc5Sc5ccccc54)c3)c(N3c4ccccc4Sc4ccccc43)c2)cc1,0.4564,2.566
est-30,c1ccc(-c2ccc(N3c4ccc(-c5ccccc5)cc4N(c4cccc(-c5nc(-c6ccccc6)cc(-c6ccccc6)n5)c4)c4cc(-c5ccccc5)ccc43)cc2)cc1,0.0528,2.68
est-31,c1ccc2c(c1)N(c1ccc(-c3ccnnc3)cc1)c1ccccc1N2c1ccc(-c2cnccn2)cc1,0.0255,2.589
est-32,N#Cc1c(-c2nc(-c3ccccc3)nc(-c3ccccc3)n2)cccc1-n1c2ccccc2c2cc(-c3ccc4c(c3)c3ccccc3n4-c3ccccc3)ccc21,0.082,2.95
est-33,COc1ccc2c(c1)c1cc(OC)ccc1n2-c1ccc(C(=C(C#N)C#N)c2ccccc2)cc1,0.1811,2.475
est-34,Cc1cccc2c3ccccc3n(-c3ccc4c(c3)c3ccccc3n4-c3ccccc3-c3nc(-c4ccccc4)nc(-c4ccccc4)n3)c12,0.0201,2.766
est-36,N#Cc1ncc(-c2ccc(-n3c4ccccc4c4ccccc43)c(C(F)(F)F)c2)cn1,0.125,2.489
est-38,Cc1cccc(C)c1N1C(=O)c2cccc3c(N4c5ccccc5C(C)(C)c5ccccc54)ccc(c23)C1=O,0.009,2.617
est-39,O=C1c2cc(-c3ccc(N(c4ccccc4)c4ccccc4)cc3)c(-c3ccc(N(c4ccccc4)c4ccccc4)cc3)cc2C(=O)N1c1ccccc1,0.0361,2.434
est-40,O=S(=O)(c1ccc(-c2cnc3ccccc3n2)cc1)c1ccc(N2c3ccccc3Oc3ccccc32)cc1,0.0134,2.429
est-41,N#Cc1cc(C(=O)c2ccccc2)cc(-n2c3ccccc3c3c2c2ccccc2n3CCCn2c3ccccc3c3ccccc32)c1,0.1121,2.841
est-42,O=C(c1ccccc1)c1c(-n2c3ccccc3c3ccccc32)c(-n2c3ccccc3c3ccccc32)cc(-n2c3ccccc3c3ccccc32)c1-n1c2ccccc2c2ccccc21,0.239,2.914
est-43,CB(c1ccccc1-n1c2ccccc2c2cccnc21)c1c(C)cccc1C,0.5849,2.763
est-44,c1cncc(-c2cc(N3c4ccccc4[Se]c4ccccc43)ccn2)c1,0.0158,2.677
est-45,c1ccc(N(c2ccccc2)c2ccc(-c3cnc4c5ccccc5c5nc6c(-c7ccc(N(c8ccccc8)c8ccccc8)cc7)cccc6nc5c4n3)cc2)cc1,0.1604,2.945
est-46,Cc1cc(-c2ccc(C)c(N3c4ccccc4Sc4ccccc43)c2C)c(C#N)cc1C#N,0.0045,2.783
est-47,CC1COc2cc(N3c4ccccc4C(C)(C)c4ccccc43)ccc2C(=O)C1,0.0162,2.911
est-48,FC(F)(F)c1cc(-c2cc(-c3cc(C(F)(F)F)ccc3C(F)(F)F)ncn2)cc(C(F)(F)F)c1,0.5755,2.715
est-49,COc1cc2cc(N3c4ccccc4Sc4ccccc43)cnc2cc1N1c2ccccc2Sc2ccccc21,0.0899,2.799
est-50,N#CC(C#N)=C(C#N)c1cccc2c3ccccc3c3cccc(-c4ccc(N(c5ccccc5)c5ccccc5)cc4)c3c12,0.1314,2.824
est-51,FC(F)(F)c1cc(N(c2ccccc2)c2ccccc2)ccc1-c1cccc2c3ccccc3n(C(F)(F)F)c12,0.5954,2.746
est-52,c1ccc2c(c1)Oc1ccccc1N2c1ccc(-c2ccc(-c3ccc(-c4ccc(N5c6ccccc6Oc6ccccc65)cc4)nc3)nc2)cc1,0.0285,2.616
est-53,CC1(C)c2ccccc2N(c2ccc3ncc(-c4ccccc4C(F)(F)F)nc3c2)c2ccccc21,0.0273,2.545
est-54,c1ccc2c(c1)Oc1ccccc1N2c1ccc(-c2ccc3nc4ccc(-c5ccc(N6c7ccccc7Oc7ccccc76)cc5)nc4nc3c2)cc1,0.0061,2.879
est-55,N#Cc1ccc(-c2cc(N3c4ccccc4Oc4ccccc43)ccc2C#N)cn1,0.0799,2.556
est-56,CC1(C)C(=O)c2ccc3c(N4c5ccccc5C(c5ccccc5)(c5ccccc5)c5ccccc54)cccc3c2C1=O,0.0157,2.821
est-57,O=C(c1ccc(Oc2ccc3c(c2)c(=O)c2cccc4c(=O)c5ccccc5n3c42)cc1)c1ccc(N2c3ccccc3Oc3ccccc32)cc1,0.0001,2.909
est-58,N#Cc1cc(C#N)c(-n2c3ccc(-c4ccccc4)cc3c3ccc(-c4ccccc4)cc32)cc1-n1c2ccc(-c3ccccc3)cc2c2cc(-c3ccccc3)ccc21,0.2152,2.804
est-59,FC(F)(F)c1ncc(-c2cccc(-c3ccc(N(c4ccccc4)c4ccccc4)cc3)c2C(F)(F)F)o1,0.0943,2.735
est-60,O=C(c1ccc(N2c3ccccc3C(c3ccccc3)(c3ccccc3)c3ccccc32)cc1)c1ccc2c(c1)c1ccccc1n2-c1ccc(F)cc1,0.0689,2.81
est-61,Cc1c(C#N)c(-c2ccccc2)c2nsnc2c1-c1ccc(N(c2ccccc2)c2ccccc2)cc1,0.0585,2.66
est-62,CC1(C)C(=O)c2cc(-c3ccc(N4c5ccccc5Sc5ccccc54)cc3)c(C(=O)c3ccccc3)cc21,0.0078,2.657
est-63,N#Cc1ccc(-c2nc(-c3ccc(N4c5ccccc5Oc5ccccc54)cc3)nc(-c3cc(C#N)ccc3C#N)n2)cc1,0.0164,2.864
est-64,N#Cc1ccc(-c2cnc3cc(N4c5ccccc5N(c5ccccc5)c5ccccc54)ccc3n2)cc1,0.0493,2.478
est-65,O=C(c1ccccc1)c1ccccc1-n1c2ccc(-c3ccncc3)cc2c2cc(-c3ccc(N(c4ccccc4)c4ccccc4)cc3)ccc21,0.0806,2.688
est-66,N#Cc1cnc(-c2ccc(-c3ccc(N4c5ccccc5Oc5ccccc54)nc3)cc2)nc1,0.0068,2.528
est-67,FC(F)(F)c1cnc(-c2ccncc2C(F)(F)F)c(-c2ccc(N(c3ccccc3)c3ccccc3)cc2)c1,0.109,2.639
est-68,c1ccc(-c2ccnc3c(N4c5ccccc5Oc5ccccc54)ccc(N4c5ccccc5Oc5ccccc54)c23)cc1,0.0563,2.665
est-69,CC1(C)c2ccccc2N(c2c(C#N)cnc3c4ccccc4n(-c4ccccc4)c23)c2ccccc21,0.0141,2.667
est-70,Cn1c2ccccc2c2cccc(-c3cc(-c4ccc(N5c6ccccc6Oc6ccccc65)cc4)ncn3)c21,0.0518,2.64
est-71,O=C(c1ccccc1)c1cc(N2c3ccccc3Oc3ccccc32)ccn1,0.0718,2.18
est-72,Cc1cc(-c2nc(-c3ccccc3)nc(-c3ccccc3)n2)ccc1N1c2ccccc2C(C)(C)c2c1ccc1c2oc2ccccc21,0.0128,2.886
est-73,Cc1cc(-c2ccccc2)c(-c2cc(N3c4ccccc4Sc4ccccc43)ccc2C#N)cc1C#N,0.1433,2.649
est-74,FC(F)(F)c1ncnc(-c2ccc(N(c3ccccc3)c3ccccc3)cc2)c1C(F)(F)F,0.1405,2.543
est-75,O=C(c1ccc(N2c3ccccc3Oc3ccccc32)cc1)c1ccc2c(c1)c1cc(-c3ccc(-n4c5ccccc5c5ccccc54)cc3)ccc1n2-c1ccccc1,0.0604,2.903
est-76,O=C(c1ccccc1)c1ccc(-n2c3ccccc3c3ccccc32)c2c1c1ccccc1n2-c1ccccc1,0.3205,2.377
est-77,O=C(c1ccccc1)c1ccc(N2c3ccccc3Sc3ccccc32)cn1,0.0449,2.211
est-78,N#Cc1ccc(-c2cc(C#N)c(-n3c4ccccc4c4ncccc43)cc2-c2cncnc2)cc1,0.2681,2.742
est-79,Cc1ccc(N2c3ccccc3Oc3ccccc32)cc1-c1ccn2ncnc2n1,0.0211,2.606
est-80,c1ccc2c(c1)Oc1ccccc1N2c1ccc2nc3ncc(N4c5ccccc5Oc5ccccc54)cc3nc2c1,0.0569,2.808
est-81,N#Cc1ccc(-c2cncnc2C=Cc2ccc(N3c4ccccc4Oc4ccccc43)cc2)cc1,0.0444,2.687
est-82,CC1(C)c2ccccc2N(c2ccc(-c3cccc(C#N)c3-c3ccc(-c4nc(-c5ccccc5)nc(-c5ccccc5)n4)cc3)cc2)c2ccccc21,0.0147,2.854
est-83,COc1ccc(N(c2ccc(OC)cc2)c2ccc3c(c2)c2cc(OC)ccc2n3-c2cccc3ccc(-c4nc(-c5ccccc5)nc(-c5ccccc5)n4)cc23)cc1,0.0094,3.005
est-85,c1ccc2c(c1)Oc1ccccc1N2c1cnc2c(ccc3cc(N4c5ccccc5Oc5ccccc54)ncc32)c1,0.0101,2.881
est-86,N#Cc1ccc(-c2nc3cc(C#N)ccc3nc2-c2ccc(-n3c4ccccc4c4ccccc43)cc2)cc1,0.0792,2.467
est-87,O=C(c1ccccc1)c1cc2cccc(N3c4ccccc4Sc4ccccc43)c2cn1,0.0135,2.385
est-88,COc1ccc2c(c1)c1c(OC)cccc1n2-c1ccc2c(c1)C(=O)N(CCN1CCOCC1)C2=O,0.2479,2.519
est-89,Cn1c2ccccc2c2ccc3c(c21)C(=O)c1cccc(N2c4ccccc4Oc4ccccc42)c1-3,0.0161,2.649
est-90,N#Cc1ccc(-c2cc(N3c4ccccc4Oc4ccccc43)c(C#N)cc2-c2cccnc2)cc1,0.0189,2.65
est-91,Cc1cc(C(=O)c2ccc(N3c4ccccc4C(C)(C)c4ccccc43)cc2)ccc1C(=O)c1ccc(N2c3ccccc3C(C)(C)c3ccccc32)cc1,0.0245,2.761
est-92,CC(C)(C)c1ccc2c(c1)C(=O)c1ccccc1C2=O,0.4348,1.883
est-93,Cc1cc(-c2nc(-c3ccccc3)nc(-c3ccccc3)n2)c(-c2ccccc2)cc1N1c2ccccc2C(C)(C)c2ccccc21,0.0029,2.596
est-94,FC(F)(F)c1ccc(-c2ccc(N3c4ccccc4Sc4ccccc43)cc2)c(C(F)(F)F)n1,0.0328,2.598
est-95,N#Cc1cc(-c2ccncc2)c(-c2ccc(N(c3ccccc3)c3ccccc3)cc2)cc1C#N,0.0632,2.403
est-96,c1ccc2c(c1)Oc1ccccc1N2c1ccnc2nc3c4ccccc4c4ccccc4c3nc12,0.0458,2.639
est-97,FC(F)(F)c1cc(-c2ccc(N(c3ccccc3)c3ccccc3)cc2)cc(-c2nnc3sc4ccccc4n23)c1,0.3974,2.656
est-98,Cc1cc(-c2nnc(-c3ccc(C#N)cc3)o2)c(N2c3ccccc3Oc3ccccc32)cc1C,0.0214,2.598
est-99,CCOC(=O)c1cc2ccc(N3c4ccccc4C(C)(C)c4ccccc43)cc2oc1=O,0.0606,2.405
est-100,Cc1cc(C)c2ccc(N3c4ccccc4Oc4cc(-c5ncccn5)ccc43)cc2c1,0.571,2.478
est-101,CC(C)(C)c1ccc2c(c1)C(C)(C)c1cc(C(C)(C)C)ccc1N2c1ccccc1,0.4515,2.352
est-102,N#Cc1cc(-c2ccc(-c3ccccc3)nc2)ccc1N1c2ccccc2Oc2ccccc21,0.0214,2.379
est-103,c1ccc(-c2nc3nc4c5ccc(N6c7ccccc7Oc7ccccc76)cc5c5cc(N6c7ccccc7Oc7ccccc76)ccc5c4nc3nc2-c2ccccc2)cc1,0.0459,3.14
est-104,O=C1c2ccc(-c3ccc(N(c4ccc(-c5ccccc5)cc4)c4ccc(-c5ccccc5)cc4)cc3)cc2C(=O)c2cc(-c3ccc(N(c4ccc(-c5ccccc5)cc4)c4ccc(-c5ccccc5)cc4)cc3)ccc21,0.0562,2.827
est-105,CC1(C)c2ccccc2N(c2ccc(-c3nc4ccccc4cc3-c3ccccc3)cc2)c2ccccc21,0.0998,2.312
est-106,N#Cc1ccc(-c2cc(N3c4ccccc4Sc4ccccc43)cc(-c3ccc(C#N)cc3)c2C#N)cc1,0.0136,2.657
est-107,N#Cc1c(-c2ccc(N3c4ccccc4Oc4ccccc43)cc2)c(-c2ccc(N3c4ccccc4Oc4ccccc43)cc2)cc2ncccc12,0.0188,2.986
est-108,Cc1nc(-c2ccc(N3c4ccccc4Oc4ccccc43)cc2)cc(-c2ccc(-n3c4ccccc4c4ccccc43)cc2)n1,0.0297,2.588
est-109,O=Cc1ccc(-c2cc(N3c4ccccc4Oc4ccccc43)cc(-c3ccccc3)c2N2c3ccccc3Oc3ccccc32)cc1,0.0625,2.763
est-110,N#Cc1cc(-c2cnccc2-c2ccncc2)ccc1N1c2ccccc2Oc2ccccc21,0.0237,2.566
est-111,FC(F)(F)c1ccc(-c2ccc(N(c3ccccc3)c3ccccc3)cc2C(F)(F)F)c(C(F)(F)F)c1,0.4884,2.381
est-112,CCCN1c2ccccc2Sc2cc(-c3ccc4c(c3)C(=O)c3ccccc3C4=O)ccc21,0.0617,2.376
est-113,N#Cc1nc(-c2ccccc2)c(-c2ccc(N3c4ccccc4Oc4ccccc43)cc2)cc1-c1ccccc1,0.0147,2.518
est-114,O=C(C=Cc1ccc(N2c3ccccc3C(c3ccccc3)(c3ccccc3)c3ccccc32)cc1)c1ccc2ccccc2c1,0.7304,2.609
est-115,COc1ccc(-c2cc(-c3ccccc3)c3cc(N4c5ccccc5Oc5ccccc54)ccc3n2)cc1,0.1498,2.317
est-116,c1ccc(-c2nc3c4ccccc4c4ccccc4c3nc2-c2ccc(N3c4ccccc4Sc4ccccc43)cc2)cc1,0.0023,2.459
est-117,O=c1c2c(nc3cc(N4c5ccccc5Oc5ccccc54)ccn13)-c1cccc3cccc-2c13,0.4557,2.717
est-118,N#Cc1c(-n2c3ccccc3c3ccccc32)nc(-n2c3ccccc3c3ccccc32)nc1-n1c2ccccc2c2ccccc21,0.3999,2.512
est-119,N#Cc1cccc(-c2cc(C#N)cc(-c3ccccc3N3c4ccccc4Oc4ccccc43)c2)c1,0.0568,2.526
est-120,c1ccc(-c2cnc(-c3ccccc3)c(-c3ccc(N4c5ccccc5N(c5ccc(-c6ccc7nccnc7c6)cc5)c5ccccc54)cc3)n2)cc1,0.0054,2.761
est-121,N#Cc1c(-c2ccc(N(c3ccccc3)c3ccccc3)cc2)c(-c2ccc(N(c3ccccc3)c3ccccc3)cc2)nc2ccccc12,0.0337,2.519
est-122,Cc1cc(C=CC2=NC(n3c4ccccc4c4ccccc43)=N2)cc(N(C)C)c1,0.8361,2.742
est-123,O=c1c2cc(N3c4ccccc4Oc4ccccc43)ccc2n2c3cnccc3c3cccc1c32,0.0149,2.657
est-124,CC1(C)c2ccccc2N(c2cc(-c3cccnc3)c(-c3ncccn3)cc2C#N)c2ccccc21,0.0193,2.757
est-125,CC1(C)C(=O)c2cc(N3c4ccccc4Oc4ccccc43)ccc2-c2ccc(-c3ccccc3F)cc21,0.0486,2.614
est-126,Cc1c(N2c3ccccc3Oc3ccccc32)cc(-c2ncccn2)cc1N1c2ccccc2Oc2ccccc21,0.0207,2.729
est-127,FC(F)(F)c1cc(-c2nc(-c3ccccc3)nc(-c3ccccc3)n2)ccc1-n1c2ccccc2c2cc(-n3c4ccccc4c4ccccc43)ccc21,0.0741,2.772
est-128,O=C1c2cc(-c3ccc(-c4ccc(N(c5ccccc5)c5ccccc5)cc4)cc3)c(-c3ccc(C(F)(F)F)cc3)cc2C(=O)N1c1ccc(C(F)(F)F)cc1,0.0079,2.704
est-129,N#Cc1cc(C#N)cc(-c2ccc(N3c4ccccc4Oc4ccccc43)c3nccnc23)c1,0.0278,2.793
est-130,N#Cc1c(C=O)n(-c2ccccc2)c2ccc(N3c4ccccc4Oc4ccccc43)cc12,0.0149,2.622
est-131,N#Cc1cc(-c2ccccc2)c(N2c3ccccc3N(c3ccccc3)c3ccccc32)cc1-c1ccccc1,0.0797,2.338
est-132,N#Cc1cc(-c2cc(N3c4ccccc4Oc4ccccc43)ccc2-n2c3ccccc3c3ccccc32)ccn1,0.0246,2.7
est-133,Cc1c(N2c3ccccc3Oc3ccccc32)cc(-c2ccccc2)c(C#N)c1-c1cccs1,0.0717,2.63
est-134,CC(C)(C)c1ccc2c(c1)C(C)(C)c1ccccc1N2c1ccc(S(=O)(=O)c2ccc3c(c2)c2ccccc2n3-c2ccccc2)cc1,0.0994,2.78
est-135,CC1(C)c2ccccc2N(c2cncc(N3c4ccccc4C(C)(C)c4ccccc43)c2C=O)c2ccccc21,0.0557,2.769
est-137,COc1ccc2c(c1)c1cc(OC)ccc1n2-c1ccc(C#N)c(-n2c3ccc(OC)cc3c3cc(OC)ccc32)c1C#N,0.2687,2.797
est-138,COc1ccc(-n2c(=O)c3ccc(N4c5ccccc5CCc5ccccc54)cc3c3ccc(N4c5ccccc5CCc5ccccc54)cc32)cc1,0.3982,2.815
est-139,CC1(C)c2ccccc2N(c2ccc3nc4c(ccc5c(C(=O)c6ccccc6)cccc54)nc3c2)c2ccccc21,0.0164,2.629
est-140,c1ccc(N2c3ccccc3N(c3ccc(-c4ccnc5cncnc45)cc3)c3ccccc32)cc1,0.0037,2.48
est-141,Cc1cc(C)c(B(c2c(C)cc(C)cc2C)c2c(C)cc(N(c3ccccc3)c3ccccc3)cc2C)c(C)c1,0.3378,2.612
est-142,O=C1C(=O)N(c2ccc(C(F)(F)F)cc2)C1c1ccc(-n2c3ccccc3c3ccccc32)cc1,0.1864,2.801
est-143,COc1ccc(N2c3ccccc3Sc3cc(-c4cc(C#N)cc(C#N)c4-c4ccccc4C)ccc32)cc1,0.0538,2.712
est-144,Cc1cc(-c2ccc(-n3c4ccccc4c4ccccc43)cc2)cc2c1C(=O)N(C1CCC(C)CC1)C2=O,0.1642,2.517
est-145,COc1ccc(-c2cc(C)cc3c4cc(OC)ccc4n(-c4ccc(-c5nc(-c6ccccc6)nc(-c6ccccc6)n5)cc4C)c23)cc1,0.0206,2.733
est-146,CC1(C)c2ccccc2N(c2cccc3ccc(-c4nc(Cl)nc(-c5ccccc5)n4)cc23)c2ccccc21,0.0052,2.559
est-147,N#Cc1ccc(-c2ccc(N3c4ccccc4C(c4ccccc4)(c4ccccc4)c4ccccc43)cc2)nc1C#N,0.4945,2.726
est-148,Cc1cc(C)c(-c2cc(C#N)ccc2C#N)c(N2c3ccccc3Sc3ccccc32)c1,0.0374,2.684
est-149,O=C1c2ccccc2C(=O)c2cc(-c3ccc(-c4ccc(-c5ccc(-c6ccc7c(c6)C(=O)c6ccccc6S7(=O)=O)cc5)c5ccccc45)cc3)ccc21,0.297,2.661
est-150,CC1(C)c2ccccc2N(c2cc(-c3ccc(C#N)cc3)ccc2C#N)c2ccccc21,0.0163,2.449
est-151,CC1(C)c2ccccc2N(c2nc(F)c(N3c4ccccc4C(C)(C)c4ccccc43)c(F)c2F)c2ccccc21,0.0389,2.889
est-152,CC1(C)c2ccccc2N(c2ccc(S(=O)(=O)c3ccccc3)cc2)c2ccc(-c3ccc4c(c3)C(=O)c3ccccc3C4=O)cc21,0.1115,2.702
est-153,O=S1(=O)c2ccccc2S(=O)(=O)c2cc(-c3ccc(-n4c5ccccc5c5ccccc54)cc3)ccc21,0.1799,2.554
est-154,c1ccc(-c2cc(-c3ccc(N4c5ccccc5Oc5ccccc54)cc3)nc(-c3cccnc3)c2)nc1,0.0372,2.49
est-155,c1ccc2c(c1)Sc1ccccc1N2c1ccc2ccc3nc4ccc5ccccc5c4nc3c2c1,0.0035,2.558
est-156,c1ccc(-c2nc(-c3ccccc3)nc(-c3cc4c(cc3-n3c5ccccc5c5cc(-n6c7ccccc7c7ccccc76)ccc53)oc3ccccc34)n2)cc1,0.0283,2.945
est-157,Cn1c2ccc(N3c4ccccc4Sc4ccccc43)cc2c2cc(C(C)(C)C)ccc21,0.3342,2.441
est-158,N#Cc1c(-c2ccccc2)nc(-c2ccccc2)nc1-n1c2ccccc2c2ccc3c4ccccc4sc3c21,0.1486,2.669
est-159,CC1(C)c2ccccc2N(c2ccc(C#N)c(-c3ncccc3C#N)c2)c2ccccc21,0.0474,2.627
est-160,N#Cc1cc(N2c3ccccc3Sc3ccccc32)cc(N2c3ccccc3Sc3ccccc32)c1,0.0419,2.518
est-161,CC1(C)c2ccccc2N(c2ccccc2)c2cc3nc4ccccc4nc3cc21,0.7405,2.301
est-162,CCCCCCN1C(=O)c2ccc(-c3ccc(N(c4ccc(OC)cc4)c4ccc(OC)cc4)cc3)c(-c3ccc(N(c4ccc(OC)cc4)c4ccc(OC)cc4)cc3)c2C1=O,0.1034,2.977
est-163,O=C1c2ccccc2C(=O)c2cc(-n3c4ccccc4c4cc(C(=Cc5ccccc5)c5ccccc5)ccc43)ccc21,0.1681,2.522
est-164,N#Cc1cc(-n2c3ccccc3c3ccccc32)cc(-n2c3ccccc3c3ccccc32)c1-c1nc(-c2ccccc2)nc(-c2ccccc2)n1,0.1965,2.774
est-165,CC1(C)c2ccccc2N(c2cccc(S(=O)(=O)c3ccc(S(=O)(=O)c4ccccc4N4c5ccccc5C(C)(C)c5ccccc54)cc3)c2)c2ccccc21,0.0768,2.92
est-166,CCCCCCN1C(=O)c2cccc3c(-c4cccc(-n5c6ccccc6c6ccccc65)c4)ccc(c23)C1=O,0.3686,2.423
est-167,Cc1ccccc1-c1nc2cc3cc(N4c5ccccc5Oc5ccccc54)ccc3cc2nc1-c1ccccc1,0.122,2.577
est-168,N#Cc1ccc2ccc(N3c4ccccc4N(c4ccccc4)c4ccccc43)cc2n1,0.0442,2.393
est-169,CC1(C)c2ccccc2N(c2c(C#N)cc(-c3ccccc3)c3cnccc23)c2ccccc21,0.5852,2.594
est-170,O=S(=O)(c1ccc(N2c3ccccc3Sc3ccccc32)cc1)c1ccccc1N1c2ccccc2Sc2ccccc21,0.1183,2.538
est-171,CC1(C)c2cc(N3c4ccccc4Oc4ccccc43)ccc2C(=O)c2ccc3cccc(N4c5ccccc5Oc5ccccc54)c3c21,0.1419,3.059
est-172,CC1(C)c2ccccc2N(c2c(F)c(F)c(-c3ccc(F)cc3F)c(F)c2F)c2ccccc21,0.1279,2.645
est-173,N#Cc1cc2nccnc2cc1N1c2ccccc2Oc2ccccc21,0.0218,2.515
est-174,CC(C)(C)c1ccc2c(c1)c(=O)c1cc(N3c4ccccc4Oc4ccccc43)cc3c(=O)c4ccccc4n2c31,0.0285,2.779
est-175,c1ccc(-c2nc3c(-c4ccc(N(c5ccccc5)c5ccccc5)cc4)cccc3nc2-c2ccc(N(c3ccccc3)c3ccccc3)cc2)cc1,0.1714,2.441
est-176,c1ccc(-c2nc(-c3ccccc3-n3c4ccccc4c4ccccc43)nc(-c3ccccc3-n3c4ccccc4c4cccnc43)n2)cc1,0.1235,2.657
est-177,O=c1c2cc(-c3ccccc3)ccc2n2c3ccc(-c4ccccc4)nc3c(=O)c3cc(-c4ccccc4)cc1c32,0.501,2.524
est-178,c1ccc(-c2ccc(-c3ccnc4ccccc34)c(N3c4ccccc4Oc4ccccc43)c2)nc1,0.1635,2.441
est-179,O=C(c1ccc(N2c3ccccc3Oc3ccccc32)cc1)c1cc2ccccc2c(Oc2ccccc2)n1,0.1033,2.464
est-180,COC(=O)c1ccccc1N1c2ccccc2C(C)(C)c2cc(-c3ccccc3)ccc21,0.501,2.176
est-181,O=C1c2cc(-c3ccc(N(c4ccc(-c5ccccc5)cc4)c4ccc(-c5ccccc5)cc4)cc3)ccc2-c2cc(-c3ccc(N(c4ccc(-c5ccccc5)cc4)c4ccc(-c5ccccc5)cc4)cc3)ccc21,0.1729,2.813
est-182,c1ccc2c(c1)Oc1ccccc1N2c1ccc(-c2nc(-c3ccc(N4c5ccccc5Oc5ccccc54)s3)c3ccccc3n2)cc1,0.0322,2.982
est-183,N#Cc1c(-c2ccccc2-c2ccccc2)nc(-n2c3ccccc3c3ccccc32)nc1-n1c2ccccc2c2ccccc21,0.4448,2.612
est-184,Cc1cc(C)c(C(=O)c2ccc(N3c4ccccc4C(C)(C)c4ccccc43)cc2)c(C)c1,0.0135,2.282
est-185,CC1(C)c2ccccc2N(c2ccc(Cc3cc(C(F)(F)F)c(F)c(C(F)(F)F)c3)cc2)c2ccccc21,0.0041,2.681
est-186,FC(F)(F)c1ccc2nc(-c3ccc(N4c5ccccc5Sc5ccccc54)cc3)cnc2c1,0.0032,2.429
est-187,Cc1ccc2c(c1)c1cc(C)ccc1n2-c1ccc2c(c1)c(=O)c1ccc(-n3c4ccc(C)cc4c4cc(C)ccc43)cc1n2-c1ccccc1,0.3651,2.646
est-188,c1ccc(-n2c3ccccc3c3ccccc32)c(-c2nc(-n3c4ccccc4c4ccccc43)cnc2-n2c3ccccc3c3ccccc32)c1,0.1012,2.66
est-189,CC1(C)c2ccccc2N(c2ccc(-c3cnc4cc(N5c6ccccc6C(C)(C)c6ccccc65)ccc4n3)cc2)c2ccccc21,0.02,2.755
est-190,CC(C)(C)c1ccc2c(c1)c1cc(C(C)(C)C)ccc1n2-c1cccc(C(=O)c2nc3ccccc3s2)c1,0.1506,2.608
est-191,Cc1cc2ncc(-c3ccc(N4c5ccccc5N(c5ccc(-c6cnc7ccccc7n6)cc5)c5ccccc54)cc3)nc2cc1C,0.0047,2.629
est-192,Cc1ccc2c(c1)c1cc(N3c4ccccc4C(C)(C)c4ccccc43)ccc1c1nc3ccccc3nc21,0.0046,2.59
est-193,FC(F)(F)c1ccc(-c2ccc3c(c2)c2cc(-c4ccc(C(F)(F)F)cc4)ccc2n3-c2ccccc2-c2ccc(C(F)(F)F)cc2)cc1,0.7419,2.475
est-194,O=C(c1ccccc1)c1c(-c2ccc(N3c4ccccc4Oc4ccccc43)cc2)cccc1-c1ccc(N2c3ccccc3Oc3ccccc32)cc1,0.0096,2.669
est-195,CC1(C)c2ccccc2N(c2ccccc2)c2cc3c(cc21)c1ccccc1n3-c1cccnc1,0.6237,2.462
est-196,Cc1cc2nc(-c3ccccc3)c(-c3ccccc3)nc2cc1N1c2ccccc2Oc2ccccc21,0.0323,2.379
est-197,O=C(c1ccccc1)c1ccc2nc3cc(N4c5ccccc5Oc5ccccc54)c4ccccc4c3nc2c1,0.0167,2.587
est-198,N#Cc1ncc(-c2ccc(-n3c4ccccc4c4ccccc43)cc2-c2ccc(N(c3ccccc3)c3ccccc3)cc2)cn1,0.0463,2.725
est-199,c1ccc(-c2nc(-c3ccccc3)nc(-c3ccc(-n4c5ccccc5c5c4c4ccccc4c4c6ccccc6n(-c6ccccc6)c45)cc3)n2)cc1,0.2295,2.621
est-200,Cc1cc(N2c3ccccc3Sc3ccccc32)cc(C(F)(F)F)c1N1c2ccccc2Sc2ccccc21,0.097,2.726
est-201,FC(F)(F)c1ccncc1-c1ccc(N(c2ccccc2)c2ccccc2)cc1C(F)(F)F,0.4111,2.451
est-202,FC(F)(F)c1ccc(-c2ccc3c(c2)c2cc(-c4ccc(C(F)(F)F)nc4)ccc2n3-c2ccc(-n3c4ccccc4c4ccccc43)cc2)cc1,0.5677,2.744
est-203,c1ccc(N(c2ccccc2)c2ccc(-c3ccc4cc5nc(-c6ccc(N(c7ccccc7)c7ccccc7)cc6)c(-c6ccc(N(c7ccccc7)c7ccccc7)cc6)nc5cc4n3)cc2)cc1,0.2817,2.968
est-204,N#Cc1cc(-c2ccccc2)c(-c2ccccc2)c(N2c3ccccc3Oc3ccccc32)c1,0.0291,2.368
est-205,c1ccc(N(c2ccccc2)c2ccc(-c3cnc4cc(-c5ccc(N(c6ccccc6)c6ccccc6)cc5)c(-c5ccncc5)cc4n3)cc2)cc1,0.3085,2.663
est-206,CN1c2ccccc2Sc2cc(-c3ccc(C(=C(C#N)C#N)c4ccc(C(F)(F)F)cc4)cc3)ccc21,0.0437,2.758
est-207,c1ccc(-c2cccc3nc(-c4ccc(N5c6ccccc6Sc6ccccc65)cc4)nc(-c4ccccc4)c23)cc1,0.005,2.504
est-208,CC1(C)c2ccccc2N(c2ccc3c(c2)C(=O)c2cc(N4c5ccccc5C(C)(C)c5ccccc54)ccc2C3=O)c2ccccc21,0.0104,2.627
est-209,N#Cc1ccc(N2c3ccccc3N(c3ccc4cccnc4c3)c3ccccc32)cc1,0.1042,2.334
est-210,c1ccc(Cn2c3ccccc3c3ccc(-c4ccc(N5c6ccccc6Sc6ccccc65)cc4)cc32)cc1,0.4556,2.379
est-211,CC1(C)c2ccccc2N(c2ccc(-c3ccccc3)c3nsnc23)c2ccccc21,0.0156,2.512
est-212,CC1(C)c2ccccc2N(c2ccc3c(c2)COc2cc(S(=O)(=O)c4ccccc4)ccc2-3)c2ccccc21,0.01,2.606
est-213,COC(=O)c1ccc(-c2ccc(N(c3ccc(-c4ccccc4)cc3)c3ccc4c(c3)c3ccccc3n4-c3cc(C#N)cc(C#N)c3)cc2)cc1,0.051,2.874
est-214,c1ccc(N2c3ccccc3N(c3cccc4cc(-c5cccc(-c6ccncn6)c5)ccc34)c3ccccc32)cc1,0.0649,2.556
est-215,CC1(C)c2ccccc2N(c2cc(-c3ccc(C#N)cc3)ccn2)c2ccccc21,0.0146,2.352
est-216,c1ccc2c(c1)Oc1ccccc1N2c1ccc(-c2ccc3nccnc3c2)cc1-c1ccncn1,0.0155,2.634
est-217,O=C(c1ccccc1)c1ccc(-c2ccc3c(c2)c2ccccc2n3-c2ccc(C(=O)c3ccc(N4c5ccccc5Sc5ccccc54)cc3)cc2)cc1,0.0088,2.718
est-218,N#Cc1ccc(-c2ccc(-c3ccc(C#N)cn3)c(N3c4ccccc4Oc4ccccc43)c2)cc1,0.0376,2.582
est-219,c1ccc(-c2cc(N3c4ccccc4Oc4ccccc43)c3nccc(N4c5ccccc5Oc5ccccc54)c3c2)cc1,0.0201,2.671
est-220,Cc1ccc2c(c1)c1cc(C)ccc1c1nc3cc(N4c5ccccc5Oc5ccccc54)ccc3nc21,0.0439,2.602
est-221,O=C1C(N2c3ccccc3Oc3ccccc32)=NC(c2ccccc2)(c2ccccc2)c2ccccc21,0.0822,2.664
est-222,c1ccc(-c2nc3cc(N4c5ccccc5Sc5cc6ccccc6cc54)cnc3nc2-c2ccccc2)cc1,0.0267,2.695
est-223,CC1(C)c2ccccc2N(c2ccc(C(=O)c3cc(C(F)(F)F)cc(C(F)(F)F)c3)cc2)c2ccccc21,0.0182,2.525
est-224,Cc1c(C(=O)c2ccc(N3c4ccccc4Sc4ccccc43)cc2)cc(-c2ccccn2)cc1-c1ccccn1,0.0134,2.649
est-225,CC1(C)c2ccccc2N2c3ccc(C(=O)c4ccccc4)cc3C(C)(C)c3cccc1c32,0.5399,2.468
est-226,c1ccc(-c2nc(Cc3ccc(-n4c5ccccc5c5cc(-c6ccc7c(c6)c6ccccc6n7-c6ccccc6)ccc54)cc3)nc(-c3ccccc3)n2)cc1,0.0075,2.711
est-227,FC(F)(F)c1ccc(-c2ccc3c(c2)c2cc(-c4cccnc4)ccc2n3-c2cccc(C(F)(F)F)c2C(F)(F)F)cc1,0.2431,2.815
est-228,CC(C)(C)c1nnc(-c2ccc3oc4cccc(N(c5ccccc5)c5ccccc5)c4c3c2)o1,0.5448,2.618
est-229,O=C1c2ccccc2C(=O)C(c2ccccc2)(c2ccccc2-c2ccc(N(c3ccccc3)c3ccccc3)cc2)c2ccccc21,0.0411,2.904
est-230,O=C1c2ccccc2C(=O)c2cc(-n3c4ccc(-c5ccccc5)cc4c4cc(-c5ccc(-n6c7ccccc7c7ccccc76)cc5)ccc43)ccc21,0.1424,2.569
est-231,N#Cc1c(-c2ccccc2O)cccc1N1c2ccccc2Oc2ccccc21,0.0334,2.36
est-232,c1ccc(-c2ccc(N3c4ccccc4N(c4ccc(-c5cc(-c6cccc(-c7ccncc7)c6)ncn5)cc4)c4ccccc43)cc2)cc1,0.0253,2.556
est-233,CC1(C)c2ccccc2N(c2nc3ccccc3nc2-n2c3ccccc3c3ccccc32)c2ccccc21,0.1577,2.537
est-234,c1ccc(-c2nc(-c3ccccc3)nc(-n3c4ccccc4c4cc(-n5c6ccccc6c6cc7c8ccccc8n(-c8ccccc8)c7cc65)ccc43)n2)cc1,0.0285,2.762
est-235,Cc1cc(N2c3ccccc3Oc3ccccc32)c(C#N)c(N2c3ccccc3Oc3ccccc32)c1,0.0224,2.602
est-236,CC1(C)c2ccccc2N(c2ccc(C(=O)c3nc(-c4ccc(N5c6ccccc6C(C)(C)c6ccccc65)cc4)c4ccccc4n3)cc2)c2ccccc21,0.0036,2.981
est-237,CC1(C)c2ccccc2N(c2ccc3oc(=O)c(N4c5ccccc5C(C)(C)c5ccccc54)cc3c2)c2ccccc21,0.045,2.785
est-238,O=c1c2cccc(N3c4ccccc4C(c4ccccc4)(c4ccccc4)c4ccccc43)c2c2ccccc2n1-c1ccccc1,0.1417,2.594
est-239,Cc1cc(-c2ccc3c(c2)C(C)(C)c2ccccc2-3)c(C)c(C#N)c1C#N,0.4415,2.599
est-240,c1ccc(-c2cc(-c3ccc(-n4c5ccccc5c5ccccc54)c(N4c5ccccc5Oc5ccccc54)c3)cc(-c3ccccc3)n2)cc1,0.066,2.673
est-241,COc1ccc(C)cc1B1c2cc(C)ccc2On2c3ccc(C)cc3c3cc(C)cc1c32,0.2957,3.309
est-242,Cc1ccccc1-c1nc(-c2ccccc2)nc(-c2cccc(N3c4ccccc4C(C)(C)c4ccccc43)c2)n1,0.0216,2.505
est-243,FC(F)(F)c1cc(N2c3ccccc3Sc3ccccc32)ncc1N1c2ccccc2Sc2ccccc21,0.0257,2.777
est-244,CCCCCCCCCCOc1ccc(C(=O)c2ccc(N3c4ccccc4Oc4cc(C(=O)c5ccccc5)ccc43)cc2)cc1,0.4591,2.577
est-245,c1ccc(-c2nc(-c3cc(-n4c5ccccc5c5ccccc54)ccc3-n3c4ccccc4c4ccccc43)cc(-n3c4ccccc4c4ccccc43)n2)cc1,0.2579,2.777
est-246,O=c1c2ccc(N3c4ccccc4C(c4ccccc4)(c4ccccc4)c4ccccc43)c-2cccc2c1c1ccccc1n2-c1ccccc1,0.5897,2.821
est-247,c1ccc(-c2cc(-c3cccnc3)c(-c3ccccc3)c(N3c4ccccc4Oc4ccccc43)n2)cc1,0.1482,2.505
est-248,Cc1ccc2c(c1)C(C)(C)c1cc(C)c(C)cc1N2c1ccc(C(C)(C)C)cc1,0.4259,2.34
est-249,Cc1cc(-c2ncccn2)cc(C)c1-c1ccc(C#N)cc1-c1cncnc1,0.8714,2.573
est-250,Cc1cc(N(c2ccc(C(C)(C)C)cc2)c2ccc(C(C)(C)C)cc2)ccc1-c1cc(-c2ccccc2)nc(-c2ccccc2)n1,0.2773,2.568
est-251,Cc1cc(C(C)(C)C)cc(-c2ccc3c(c2)c2cc(C(C)(C)C)ccc2n3-c2ccccc2)c1C,0.647,2.413
est-252,COc1ccc(-c2cc(C)c(-c3ccc(-n4c5ccc(OC)cc5c5cc(OC)ccc54)cc3C#N)c(C)c2)c(OC)c1,0.2355,2.688
est-253,COc1ccc(N(c2ccc(-c3ccc4c(c3)C(=O)OC4)cc2)c2ccc3c(c2)c2ccccc2n3-c2cccc(C#N)c2)cc1,0.0953,2.796
est-254,N#Cc1ccc(-c2ccc(C#N)cc2-c2ccc3c(c2)c2ccccc2n3-c2cc(C#N)cc(C#N)c2)cc1,0.2083,2.717
est-255,CCCCN1C(=O)c2cccc(N3c4ccccc4Oc4ccccc43)c2C1=O,0.0412,2.317
est-256,CC1(C)c2ccccc2N(c2cccc(-c3ncc(-c4cccc(-c5ncccn5)c4)cn3)c2)c2ccccc21,0.0225,2.614
est-257,Cn1c2ccc(C(=O)c3ccccc3)cc2c2ccc(N3c4ccccc4Oc4ccccc43)nc21,0.0235,2.501
est-258,c1ccc2c(c1)Oc1ccccc1N2c1ccc(-c2cnc(-c3cnc(-c4ccc(N5c6ccccc6Oc6ccccc65)cc4)cn3)nc2)cc1,0.0353,2.797
est-259,O=C1c2cccc3ccc(N4c5ccccc5Sc5ccccc54)c(c23)C(=O)N1CCN1CCOCC1,0.031,2.693
est-260,O=C(c1ccccc1)c1ccc(-n2c3ccc(-c4ccccc4)cc3c3cc(-n4c5ccccc5c5cc(-c6ccccc6)ccc54)ccc32)cc1,0.2347,2.431
est-261,CC1(C)c2ccccc2C(=O)c2ccccc2-c2cc(N3c4ccccc4Oc4ccccc43)ccc21,0.1015,2.478
est-262,c1ccc2c(c1)Sc1ccccc1N2c1cc(-c2ccc(-n3c4ccccc4c4ccccc43)cc2)ncn1,0.0495,2.538
est-263,Cc1ccc(C)c(-c2cc(N3c4ccccc4Sc4ccccc43)c3ccc4ccccc4c3n2)c1,0.0201,2.52
est-264,c1ccc2c(c1)N(c1ccc(-c3ccc(-n4cnc5ccccc54)cc3)cc1)c1ccccc1N2c1ccc(-c2ccc3nccnc3c2)cc1,0.0019,2.669
est-265,COc1ccc2c(c1)c1cc(OC)ccc1n2-c1ccc(-c2nc3ccccc3c(C#N)c2C#N)cc1,0.0231,2.536
est-266,N#Cc1cc(-n2c3ccccc3c3ccccc32)cc(-n2c3ccccc3c3ccccc32)c1-c1cncnc1,0.3176,2.73
est-268,Cn1c2ccc(C(C)(C)C)cc2c2cc(C(C)(C)C)cc(-c3ccc4c(c3)C(=O)N(c3ccccc3)C4=O)c21,0.0214,2.659
est-269,c1ccc(-c2nc(-c3ccccc3)nc(-c3ccc4oc5ccc(-n6c7ccccc7c7ccccc76)cc5c4c3)n2)cc1,0.2604,2.443
est-270,N#Cc1cc2c(cc1C#N)N(c1cccc3c1ccc1ccccc13)c1ccccc1O2,0.6368,2.581
est-271,N#Cc1ccc(-c2cc(C(F)(F)F)cc(C(F)(F)F)c2)cc1N1c2ccccc2Oc2ccccc21,0.0186,2.664
est-272,Cn1cnc2nc(-c3ccc(N4c5ccccc5Oc5ccccc54)cc3)cnc21,0.0207,2.522
est-273,CC1(C)c2ccccc2N(c2ccccc2-c2cc(-c3ccc(N4c5ccccc5N(c5ccccc5)c5ccccc54)cc3)nc(-c3ccccc3)n2)c2ccccc21,0.0499,2.944
est-274,O=S1(=O)c2ccccc2S(=O)(=O)c2cc(-c3ccc(C(F)(F)F)cc3)ccc21,1.1163,2.608
est-275,Cc1oc2c(N3c4ccccc4Oc4ccccc43)cccc2c(=O)c1N1c2ccccc2Oc2ccccc21,0.0523,2.806
est-276,CC1(C)c2ccccc2N(c2c(C#N)cnc3c(-c4ccccc4)cccc23)c2ccccc21,0.0265,2.513
est-277,Cc1nc(N2c3ccccc3C(C)(C)c3ccccc32)nc2c1ncn2C,0.89,2.592
est-278,N#Cc1cc2c(=O)c3ccccc3oc2cc1N1c2ccccc2Oc2ccccc21,0.031,2.512
est-279,N#Cc1ccnc(-c2ccc(N3c4ccccc4Oc4ccccc43)c(Oc3ccccc3)c2)c1,0.0336,2.465
est-280,CCCCCCCn1c(=O)c2ccccc2c2cccc(-n3c4ccccc4c4ccccc43)c2c1=O,0.3785,2.388
est-281,CCCCn1c2ccc(-c3ccc(N(c4ccccc4)c4ccccc4)cc3)cc2c2cc3c(cc21)C(=O)N(c1ccccc1)C3=O,0.1225,2.662
est-282,Cc1nc(C#N)c(C)c(-c2ccc(-n3c4ccccc4c4ccccc43)cc2)c1C#N,0.0106,2.54
est-283,N#Cc1nc2c3ccccc3c3c(N4c5ccccc5Oc5ccccc54)cccc3c2nc1C#N,0.0323,2.823
est-284,O=C(C=C(c1ccc(N2c3ccccc3Oc3ccccc32)cc1)c1ccc(N2c3ccccc3Oc3ccccc32)cc1)c1ccc(-n2c3ccccc3c3ccccc32)cc1,0.0325,3.013
est-286,O=S1(=O)c2ccc(N3c4ccccc4Oc4ccccc43)cc2-c2cc(N3c4ccccc4Sc4ccccc43)ccc21,0.0308,2.875
est-287,Cc1ccc(N2c3ccc(C)cc3C(C)(C)c3cc(-c4nc(-c5ccccc5)nc(-c5ccccc5)n4)ccc32)cc1,0.4158,2.499
est-288,Cc1cnc(C#N)c(C#N)c1-c1ccc(N2c3ccccc3C(C)(C)c3ccccc32)cc1,0.0011,2.7
est-289,N#Cc1ccc(-c2ccc(N3c4ccc(-c5ccc(C#N)cc5)cc4N(c4ccc(-c5ccc(C#N)cc5)cc4)c4cc(-c5ccc(C#N)cc5)ccc43)cc2)cc1,0.3557,2.592
est-290,CC(C)(C)c1ccc2c(c1)N(c1cnccn1)c1ccc(C(C)(C)C)cc1C2(C)C,0.0466,2.71
est-291,Cc1cc(-c2cc(C#N)cc(C#N)c2)ccc1N1c2ccccc2Oc2ccccc21,0.0015,2.473
est-292,N#Cc1ccc(C(=O)c2c(-c3ccc(N(c4ccccc4)c4ccccc4)cc3)ccc3ccccc23)cc1-c1ccc(N(c2ccccc2)c2ccccc2)cc1,0.0421,2.837
est-293,O=C1c2ccccc2-c2cccc(-n3c4ccccc4c4ccccc43)c2C1(c1ccccc1)c1ccccc1,0.1345,2.463
est-294,N#Cc1cc(N2c3ccccc3[Se]c3ccccc32)c(C#N)cc1-c1ccccc1,0.0195,2.879
est-295,CC(C)(C)c1ccc2c(c1)c(=O)c1cc(C(C)(C)C)ccc1n2-c1ccc2c(c1)C(=O)c1ccccc1C2=O,0.0188,2.577
est-296,CC(C)(C)c1ccc(-n2c3ccccc3c3cc(-c4cc(-c5ccc(C#N)cc5)ccc4C#N)ccc32)cc1,0.1276,2.483
est-297,CC1(C)c2ccccc2N(c2ccccc2-c2nc(-c3ccccc3)nc(-c3ccccc3)n2)c2ccccc21,0.0267,2.323
est-298,O=C1c2ccccc2C(=O)c2c1cc(N1c3ccccc3Sc3ccccc31)cc2N1c2ccccc2Sc2ccccc21,0.0114,2.716
est-299,Cc1c(C#N)c2ccc(N3c4ccccc4Oc4ccccc43)cc2c2cc(N3c4ccccc4Oc4ccccc43)ccc12,0.1816,2.802
est-300,Cc1cc(C)c(-n2c3ccc(C)cc3c3cc(C)ccc32)c(-c2nc(-c3ccccc3)nc(-c3ccccc3)n2)c1,0.0358,2.565
est-301,CC1(C)c2ccccc2N(c2ccc(-c3cccc(C(F)(F)F)c3)c(C#N)c2)c2ccccc21,0.0307,2.457
est-302,CC(C)(C)c1ccc(-n2c(=O)c3ccccc3c3c(ccc4c5ccccc5oc43)c2=O)cc1,0.8098,2.342
est-303,CCCCN1C(=O)c2cccc3c(N4c5ccccc5N(c5ccc(OC)cc5)c5ccccc54)ccc(c23)C1=O,0.0108,2.559
est-304,Cc1cc2cc(-c3ccc(N4c5ccccc5N(c5ccc(-c6cc(-c7ccccc7)nc(-c7ccccc7)c6)cc5)c5ccccc54)cc3)cnc2cc1C,0.1007,2.78
est-305,COc1ccc(N(c2ccc(OC)cc2)c2ccc3c(=O)c4cc(N(c5ccccc5)c5ccccc5)ccc4sc3c2)cc1,0.3579,2.57
est-306,O=C(c1ccccc1)c1ccc2nc(-c3ccccc3N3c4ccccc4Oc4ccccc43)cnc2c1,0.0352,2.454
est-307,CC(=O)c1cc(-c2ccc(N3c4ccccc4Oc4ccccc43)cc2)ncn1,0.0171,2.329
est-308,O=c1c2ccccc2n2c3ccc(-c4cccc5ccccc45)cc3c(=O)c3cc(-c4cccc5ccccc45)cc1c32,0.4711,2.461
est-309,N#Cc1ccc(-c2cc(C#N)cc(N3c4ccccc4Oc4ccccc43)c2)nc1,0.0347,2.53
est-310,CC(C)(C)c1ccc2c(c1)c1cc(C(C)(C)C)ccc1n2-c1ccc(C(=O)c2cncnc2)cc1,0.2271,2.541
est-311,Cc1ccc(C2(c3ccc(Sc4ccc(N5c6ccccc6C(C)(C)c6ccccc65)cc4)cc3)c3ccccc3C(=O)c3ccccc32)cc1,0.0369,2.85
est-312,CC(C)(C(=O)C(=O)c1ccc(N2c3ccccc3Oc3ccccc32)cc1)c1ccc(N2c3ccccc3Oc3ccccc32)cc1,0.1305,2.75
est-313,N#Cc1cc(-c2cc(-c3ccccc3)cc(-n3c4ccccc4c4ccccc43)c2)cc(-n2c3ccccc3c3ccccc32)c1,0.3279,2.404
est-314,c1ccc(-c2cc(-c3ncccn3)cc3c2N(c2cccc4c2ccc2ccccc24)c2ccccc2N3c2ccccc2)cc1,0.4866,2.752
est-315,Cc1cc2nc3c4ccccc4c4ccc(-c5ccc(N6c7ccccc7Oc7ccccc76)cc5)cc4c3nc2cc1C,0.0416,2.694
est-316,CC1(C)c2ccccc2N(c2ccccc2)c2cc3c4cc(-n5c6ccccc6c6ccccc65)ccc4n(-c4ccccc4)c3cc21,0.4887,2.685
est-317,CC(C)c1cccc(C(C)C)c1-c1nnc(-c2ccc(N3c4ccccc4Oc4ccccc43)cc2)o1,0.0882,2.606
est-318,O=C1c2ccccc2C(=O)c2cc(-n3c4ccc(-c5ccc(-c6ccccc6)cc5)cc4c4cc(-c5ccc(-n6c7ccccc7c7ccccc76)cc5)ccc43)ccc21,0.1551,2.673
est-319,N#Cc1c(-c2ccccc2)nc(-c2ccccc2)c(-c2ccc(N(c3ccccc3)c3ccccc3)cc2)c1C#N,0.0544,2.393
est-320,O=c1c2cccc3c4ccc(c(=O)n1c1cccc(N5c6ccccc6Sc6ccccc65)c1c1ccccc41)c23,0.002,4.708
est-321,FC(F)(F)c1ccc(N2c3ccccc3Sc3ccccc32)cc1N1c2ccccc2Sc2ccccc21,0.096,2.587
est-322,CC1=NC(c2ccccc2)(c2ccccc2)C(c2ccc(N3c4ccccc4Sc4ccccc43)cc2)=N1,0.0202,2.789
est-323,c1ccc2c(c1)Oc1ccccc1N2c1ccc2c3cnccc3n3c4ccccc4c1c23,0.0259,2.624
est-324,N#Cc1ccc2c(c1)c1ccc(-c3ccccc3)nc1c1cc(-c3ccc(N(c4ccc(-c5ccccc5)cc4)c4ccc(-c5ccccc5)cc4)cc3)ccc21,0.2232,2.719
est-325,O=C1c2ccc(-n3c4ccccc4c4ccccc43)cc2C(=O)c2cc(C3(c4ccccc4)c4ccccc4-c4ccccc43)ccc21,0.2215,2.672
est-326,CCCn1c2ccccc2c2ccc(C(=O)c3ccc(N4c5ccccc5Sc5ccccc54)cc3)cc21,0.0116,2.439
est-327,CC1(C)c2ccccc2C(=O)c2cc3c4ccccc4n(-c4ccccc4-c4nc(-c5ccccc5)nc(-c5ccccc5)n4)c3cc21,0.2733,2.811
est-328,Cc1cccc(N2c3ccccc3Oc3ccccc32)c1Cc1ccc(C#N)c(C#N)c1,0.0479,2.602
est-329,CCCCCCn1c2ccc(-c3ccc(-n4c5ccccc5c5ccccc54)cc3)cc2c2cc(-c3ccc(-n4c5ccccc5c5ccccc54)cc3)ccc21,0.5797,2.632
est-330,O=S(=O)(c1ccc(N2c3ccccc3Sc3ccccc32)cc1)c1ccc2c(c1)c1ccccc1n2-c1ccc(F)cc1,0.0455,2.574
est-331,O=C1Cc2cc(N3c4ccccc4Oc4ccccc43)ccc2-c2cc(N3c4ccccc4Oc4ccccc43)ccc21,0.0856,2.713
est-332,O=c1c2ccc(N3c4ccccc4N(c4ccccc4)c4ccccc43)cc2oc2cc(N3c4ccccc4N(c4ccccc4)c4ccccc43)ccc12,0.0432,2.631
est-333,O=C(c1ccc(N2c3ccccc3Sc3ccccc32)cc1)N(C(=O)c1cccc2sc3ccccc3c12)c1ccccc1,0.32,2.768
est-334,CCCCCCN1C(=O)c2cccc(-c3ccc4c(c3)C(C)(C)c3ccccc3N4C)c2C1=O,0.1069,2.48
est-335,FC(F)(F)c1cnc2cc(N3c4ccccc4-n4c5ccccc5c5cccc3c54)ccc2c1,0.101,2.557
est-336,CCN1C(=O)c2cccc3c2C1c1ccc(-n2c4ccc(C(C)(C)C)cc4c4cc(C(C)(C)C)ccc42)cc1C3=O,0.1546,3.361
est-337,N#Cc1cc(-c2ccccc2)cc(-c2cc(-c3ccccc3)c(N3c4ccccc4Oc4ccccc43)cc2C#N)c1,0.0175,2.717
est-338,Cc1cc(N2c3ccccc3[Se]c3ccccc32)cc(C)c1C(=O)c1ccccc1,0.0006,2.602
est-339,Cc1cc(-c2nc3ccccc3[nH]2)c(C#N)cc1N1c2ccccc2Oc2ccccc21,0.0176,2.564
est-340,O=C(c1ccccc1)c1ccc(-n2c3ccccc3c3cccc(-c4ccc(C(F)(F)F)cc4)c32)cc1,0.4107,2.225
est-341,N#Cc1cc(C(F)(F)F)ccc1-n1c2ccc(Br)cc2c2cc(N(c3ccccc3)c3ccccc3)ccc21,0.1108,2.605
est-342,N#Cc1cccn2c(-c3ccccc3)c(C(=O)c3ccc(N4c5ccccc5Oc5ccccc54)cc3)nc12,0.0175,2.737
est-343,O=C1c2ccccc2C(=O)c2cc(-c3c(C(=O)c4ccccc4)ccc4cc(N(c5ccccc5)c5ccccc5)ccc34)ccc21,0.0316,2.638
est-344,CN(C)c1nc(-c2cccc(N3c4ccccc4C(C)(C)c4ccccc43)c2)nc(N(C)C)n1,0.0409,2.611
est-345,O=C(c1ccccc1)c1cc(-c2ccc(N(c3ccccc3)c3ccccc3)cc2)c2c(c1-c1ccc(-c3ccc(N(c4ccccc4)c4ccccc4)cc3)cc1)C(=O)c1ccccc1C2=O,0.0466,2.965
est-346,c1ccc(N(c2ccccc2)c2ccc(-c3ccc4c(c3)c3nc5ccccc5nc3c3nc5ccccc5nc43)cc2)cc1,0.0284,2.421
est-347,c1ccc2c(c1)N(c1ccc(-c3ccncn3)cc1)c1ccccc1N2c1ccc2nccnc2c1,0.0341,2.539
est-348,Cn1c2ccc(N3c4ccccc4C(C)(C)c4ccccc43)cc2c(=O)c2cc3ccccc3cc21,0.2113,2.501
est-349,CC1(C)c2ccccc2N(c2ccc(C(=O)c3ccc(C#N)cc3N3c4ccccc4C(C)(C)c4ccccc43)cc2)c2ccccc21,0.0738,2.86
est-350,FC(F)(F)c1ccc(-c2cc(-n3c4ccccc4c4ccccc43)c(-n3c4ccccc4c4ccccc43)nc2-n2c3ccccc3c3ccccc32)cc1,0.3136,2.808
est-351,O=S(=O)(c1ccc(N2c3ccccc3Oc3ccccc32)cc1)c1ccc(-n2c3ccccc3c3ccccc32)c(F)c1,0.1121,2.572
est-353,CC1(C)c2ccccc2N(c2ccc3c(c2)C(=O)N(c2ccc(F)cc2)C3=O)c2ccccc21,0.0138,2.335
est-354,N#Cc1c(-c2ccccc2)c(F)c(F)c(N2c3ccccc3Oc3ccccc32)c1-n1c2ccccc2c2ccccc21,0.068,2.852
est-355,O=C(c1ccccc1)c1ccc(-n2c3ccccc3c3cc(Oc4ccc5c(c4)c4ccccc4n5-c4ccccc4)ccc32)cc1,0.2728,2.341
est-356,N#Cc1cc(-c2ncccn2)cc(N2c3ccccc3C(c3ccccc3)(c3ccccc3)c3ccccc32)c1,0.1796,2.659
est-357,Cc1cccc(-c2nc(-c3ccccc3)nc(-c3ccccc3)n2)c1N1c2ccccc2Sc2ccccc21,0.0375,2.521
est-358,COC(=O)C1=NC(c2ccccc2)(c2ccccc2)C(c2ccc(N3c4ccccc4Oc4ccccc43)cc2)=N1,0.0378,2.909
est-359,Cc1ccccc1Sc1ccc(-c2nc(-c3ccccc3)nc(-c3ccc(N4c5ccccc5C(C)(C)c5ccccc54)cc3)n2)cc1,0.008,2.701
est-360,Fc1ccc(-c2nc(-c3ccccc3)nc(-n3c4ccc(-c5ccccc5)cc4c4ccc(-c5ccccc5)cc43)n2)cc1,0.3608,2.381
est-361,c1ccc2c(c1)Oc1ccccc1N2c1ccc(-c2nccc(N3c4ccccc4Oc4ccccc43)n2)cc1,0.062,2.57
est-362,CCCCN1C(=O)c2cc(-n3c4ccc(OC)cc4c4cc(OC)ccc43)c(-n3c4ccc(OC)cc4c4cc(OC)ccc43)cc2C1=O,0.0158,2.779
est-363,N#Cc1cc(-c2ccc(-n3c4ccccc4c4ccccc43)cc2)cc(-c2ccc(-n3c4ccccc4c4ccccc43)cc2)c1,0.3825,2.263
est-364,c1ccc(-c2nc(-c3ccccc3)nc(-c3ccccc3-n3c4ccccc4c4c5oc6ccccc6c5c5ccccc5c43)n2)cc1,0.2584,2.779
est-365,CC1(C)c2cc(-c3ccc(C#N)cc3)ccc2N(c2cccc(C#N)c2)c2ccc(-c3ccc(C#N)cc3)cc21,0.1134,2.622
est-366,Fc1ccc(-n2c3ccccc3c3nc(-c4ccccc4)c(-c4ccc(N5c6ccccc6Oc6ccccc65)cc4)nc32)cc1,0.0198,2.673
est-367,CCCCCCN1C(=O)c2ccc(-c3ccc4c(c3)c3ccccc3n4CCCC)cc2C1=O,0.2787,2.282
est-368,O=C1c2ccccc2S(=O)(=O)c2ccc(-c3cccc4c5ccccc5n(-c5ccccc5)c34)cc21,0.0337,2.5
est-369,c1ccc(-c2cc(N3c4ccccc4Oc4ccccc43)cc(N3c4ccccc4Oc4ccccc43)c2)cc1,0.2361,2.27
est-370,O=C1c2cccc(N3c4ccccc4Oc4ccccc43)c2C1(c1ccccc1)c1ccccc1,0.067,2.561
est-371,Cc1ccc(N(c2ccc(C)cc2)c2c(C)cc(C(C)(C)C)cc2-c2cccc3c2C(c2ccccc2)(c2ccccc2)C3=O)cc1,0.034,2.949
est-372,N#Cc1cc(-c2ccc(-n3c4ccccc4c4ccccc43)c3c(-n4c5ccccc5c5ccccc54)cccc23)cc(C#N)n1,0.1972,2.872
est-373,CC1(C)c2ccccc2-c2ccc3c(c21)c1ccccc1n3-c1ccc(-c2nc(-c3ccccc3)cc(-c3ccccc3)n2)cc1,0.3668,2.675
est-374,CC1(C)c2ccccc2N(c2ccc(C(=O)c3ccccc3)cn2)c2ccccc21,0.0197,2.212
est-375,CCCCN1C(=O)c2cccc3cc(N4c5ccccc5N(c5ccc(OC)cc5)c5ccccc54)cc(c23)C1=O,0.0258,2.595
est-376,Cc1cc(C(=O)c2ccccc2)cc(-c2cnc3ccc(N4c5ccccc5Oc5ccccc54)cc3n2)c1,0.057,2.534
est-377,COC(=O)c1ccc(N2c3ccccc3C(C)(C)c3ccccc32)cc1N1c2ccccc2C(C)(C)c2ccccc21,0.1659,2.634
est-378,c1ccc2c(c1)Oc1ccccc1N2c1ccc(-c2c(N3c4ccccc4Oc4ccccc43)ccc3ccccc23)nc1,0.1661,2.721
est-379,N#Cc1cc(-c2ncccc2C#N)cc(N2c3ccccc3C(c3ccccc3)(c3ccccc3)c3ccccc32)c1,0.2761,2.785
est-380,COc1cc(-c2nc3ccccc3[nH]2)c(C#N)cc1N1c2ccccc2Oc2ccccc21,0.0271,2.578
est-381,N#Cc1cc(-c2ccc(N3c4ccccc4Oc4ccccc43)cc2)nc2c(C#N)cccc12,0.0103,2.575
est-382,CCn1c2ccccc2c2c(-c3c4ccccc4c(-c4ccc(N(c5ccccc5)c5ccccc5)cc4)c4nsnc34)cccc21,0.7643,2.868
est-383,CCC1CCC(N2C(=O)c3cccc4c(N5c6ccccc6C(C)(C)c6ccccc65)ccc(c34)C2=O)CC1,0.0091,2.69
est-384,Cc1cc(N2c3ccccc3Oc3ccccc32)nc2ccc(C(C)(C)C)cc12,0.0444,2.42
est-385,O=Cc1cccc(-n2c3ccc(-n4c5ccccc5c5ccccc54)cc3c3cc(-n4c5ccccc5c5ccccc54)ccc32)c1,0.1411,2.444
est-386,c1ccc(-c2cc(-c3ccccc3)c(-c3ccccc3)c(N3c4ccccc4Sc4ccccc43)n2)cc1,0.2098,2.381
est-387,CC1(C)c2ccccc2N(c2ccc(-c3ccc(C(=C(C#N)C#N)c4ccccc4)cc3)cc2)c2ccccc21,0.0011,2.612
est-388,C(=Cc1nnc(-c2ccc(N3c4ccccc4Oc4ccccc43)cc2)s1)c1ccc(N2c3ccccc3Oc3ccccc32)cc1,0.124,2.839
est-389,c1ccc(-c2cc3ccccc3nc2-c2ccc(N3c4ccccc4N(c4ccc(-c5cnc6ccccc6c5)cc4)c4ccccc43)cc2)cc1,0.0237,2.631
est-390,CC1(C)c2ccccc2N(c2cccc3nc4c5c(c6ccccc6c4nc23)CCCC5)c2ccccc21,0.0724,2.757
est-391,N#Cc1c(-c2ccccc2)cc(-c2ccccc2)cc1-c1ccc2c(c1)C(=O)c1ccccc1C2=O,0.4376,2.199
est-392,Cc1cc(-c2ccc(C#N)cc2)c(C)c(-c2ccc(N3c4ccccc4CCc4ccccc43)cc2)c1C#N,0.0192,2.616
est-393,Cc1ccc2c3cccc(C)c3n(C)c2c1N1c2ccc(Br)cc2C(C)(C)c2cc(Br)ccc21,0.588,2.792
est-394,CC1(C)C(=O)c2c(N3c4ccccc4C(C)(C)c4ccccc43)ccc3cccc(c23)-c2ccccc21,0.0755,2.69
est-395,FC(F)(F)c1ccc(-c2nc(-c3cc(C(F)(F)F)cc(C(F)(F)F)c3)nc3ccccc23)cc1,0.8978,2.424
est-396,c1ccc2c(c1)Oc1ccccc1N2c1ccc2nc(-c3cnc4cc(N5c6ccccc6Oc6ccccc65)ccc4c3)ccc2c1,0.0617,2.833
est-397,c1ccc(-c2nc(-c3ccccc3)nc(-c3ccccc3-n3c4ccc(-c5ccncc5)cc4c4cc(-c5cccnc5)ccc43)n2)cc1,0.1416,2.713
est-399,CC(C)(C)c1nnc(-c2ccc3ccc(N4c5ccccc5Oc5ccccc54)cc3c2)o1,0.0583,2.527
est-400,c1ccc(-n2c3ccc(N4c5ccccc5Oc5ccccc54)cc3c3nc(N4c5ccccc5Oc5ccccc54)ccc32)cc1,0.0326,2.81
est-402,N#Cc1c(-c2cc(-c3ccccc3)cc(N3c4ccccc4Oc4ccccc43)c2)cc2ccccc2c1-c1ccccc1,0.0125,2.635
est-403,N#Cc1ccc(N2c3ccccc3C3(c4ccccc4N(c4ccccc4)c4ccccc43)c3ccccc32)cc1,0.0205,2.738
est-404,c1ccc(-c2nc(-c3ccccc3)nc(-n3c4ccccc4c4cccc(-c5ccc6c7ccccc7n(-c7ccccc7)c6c5)c43)n2)cc1,0.0274,2.637
est-405,N#Cc1cc(-c2cnc3ccccc3n2)c(-n2c3ccccc3c3ccccc32)cc1N1c2ccccc2Oc2ccccc21,0.016,2.883
est-406,O=c1c2ccc(-n3c4ccccc4c4ccccc43)cc2sc2cc3sc4ccccc4c3cc12,0.3784,2.523
est-408,CC1(C)c2ccccc2N(c2ccc(N3c4ccccc4Oc4ccccc43)cn2)c2ccccc21,0.1759,2.563
est-409,N#Cc1c(-c2ccc(N3c4ccccc4Oc4ccccc43)cc2)cccc1-c1ccc(N2c3ccccc3Oc3ccccc32)cc1,0.0562,2.564
est-410,Cc1ccc(-n2c3ccccc3c3cc4c(cc32)N(c2ccc(-c3nc(-c5ccccc5)nc(-c5ccccc5)n3)cc2)c2ccccc2C4(C)C)cc1,0.0164,2.906
est-411,Cc1cccc(C)c1Cc1cc(N2c3ccccc3Oc3ccccc32)c(C#N)cc1C#N,0.0275,2.712
est-412,N#Cc1ccccc1-c1nc(-c2ccccc2)nc(-c2ccc(-n3c4ccccc4c4ccccc43)c(C#N)c2)n1,0.2695,2.618
est-413,FC(F)(F)c1ccc2nc3ccc(N4c5ccccc5Sc5ccccc54)cc3nc2n1,0.6797,2.648
est-414,Cc1cc2c3c(c1)c1cc(-c4ccc(N(c5ccccc5)c5ccccc5)cc4)ccc1n3C2=O,0.2425,2.442
est-415,N#Cc1cc(-c2nc(-c3ccccc3)nc(-c3ccccc3)n2)ccc1-n1c2ccccc2c2cccc(-c3ccc4ccccc4c3)c21,0.1319,2.768
est-416,CC1(C)c2ccccc2N(c2cccc3oc4ccccc4c23)c2ccccc21,0.0382,2.319
est-417,CC1(C)c2ccccc2N(c2ccc(S(=O)(=O)c3ccccc3)cn2)c2ccccc21,0.0256,2.323
est-418,Cn1c2ccc(-c3ccc(C#N)cc3)cc2c2cc(-c3ccc(N4c5ccccc5Oc5ccccc54)cc3)ccc21,0.3404,2.566
est-419,COC(=O)c1cc(N(c2ccccc2)c2ccccc2)ccc1-c1ccccc1C(=O)c1ccc(C#N)cc1,0.0985,2.378
est-420,c1ccc(-c2nc(-c3ccccc3)nc(-c3ccccc3-n3c4ccccc4c4cc5c(-c6ccc(-n7c8ccccc8c8ccccc87)cc6)cccc5cc43)n2)cc1,0.3896,2.898
est-421,Cc1cc(C)c2c(c1)c1cc(C(=O)c3ccccc3)c(N3c4ccccc4C(C)(C)c4ccccc43)cc1n2-c1ccccc1,0.1005,2.76
est-422,N#Cc1cc(-c2ccccc2N2c3ccccc3Oc3ccccc32)cnc1C#N,0.0292,2.593
est-423,O=C1c2ccccc2C(=O)c2c1cccc2-c1ccc(-n2c3ccccc3c3cc(-c4cccc5c6ccccc6n(-c6ccccc6)c45)ccc32)cc1,0.057,2.742
est-424,O=C1c2ccccc2CCCC1c1ccc(N2c3ccccc3Oc3ccccc32)cc1,0.539,2.781
est-425,O=c1c2ccccc2n(-c2ccccc2)c2c(N3c4ccccc4Oc4ccccc43)cccc12,0.0231,2.384
est-426,CC1(C)c2ccccc2N(c2ccc(-c3nc(Oc4ccccc4)nc(Oc4ccccc4)n3)nc2)c2ccccc21,0.0438,2.717
est-427,CC(C)(C)c1ccc(N2C(=O)c3ccc(-n4c5ccccc5c5ccccc54)c(-n4c5ccccc5c5ccccc54)c3C2=O)cc1,0.1179,2.741
est-428,N#Cc1ccc2c3ccc(N4c5ccccc5Oc5ccccc54)cc3c3nccnc3c2c1,0.0221,2.61
est-429,c1ccc(-c2nc(-c3ccccc3)nc(-c3ccc(N(c4ccc(N(c5ccccc5)c5ccc(N(c6ccccc6)c6ccccc6)cc5)cc4)c4ccc5ccccc5c4)cc3)n2)cc1,0.0159,2.713
est-430,CC1(C)c2ccccc2N(c2ccc(C(=O)c3nc4ccccc4c(=O)o3)cc2)c2ccccc21,0.011,2.522
est-431,Cc1ccc(S(=O)(=O)c2ccc(C(C)(C)C)cc2-n2c3ccc(C(C)(C)C)cc3c3cc(C(C)(C)C)ccc32)cc1,0.5847,2.686
est-432,c1cnc(-c2cccc(N3c4ccccc4N(c4cccc5ncccc45)c4ccccc43)c2)nc1,0.0517,2.453
est-433,CC1(C)c2ccccc2N(c2ccc3ccc(Sc4ccccc4)nc3n2)c2ccccc21,0.0814,2.593
est-434,c1ccc(-c2ccccc2-c2ccc(-c3ccc(N4c5ccccc5N(c5ccccc5)c5ccccc54)cc3)c3nsnc23)cc1,0.0019,2.514
est-435,N#Cc1ccc(-c2cnc3ccc(-c4ccccc4)cc3n2)c(N2c3ccccc3Oc3ccccc32)c1,0.0495,2.581
est-436,O=C1c2ccc(N3c4ccccc4Sc4ccccc43)cc2C(=O)C1c1ccc(N2c3ccccc3Sc3ccccc32)cc1,0.001,3.19
est-437,Cc1cccc2c3ccccc3n(-c3ccc(-c4nc(-c5ccc(C(F)(F)F)cc5)nc(-c5ccc(C(F)(F)F)cc5)n4)cc3)c12,0.2392,2.647
est-438,N#Cc1cc(-c2cc(C#N)cc(N3c4ccccc4Oc4ccccc43)c2)cc(-c2cnccn2)c1,0.0526,2.767
est-439,CC1(C)c2ccccc2N(c2ccc(S(=O)(=O)c3cccc(-n4c5ccccc5c5ncccc54)c3)cc2)c2ccccc21,0.0845,2.689
est-440,N#Cc1ccccc1Oc1ccccc1O,0.5294,1.813
est-442,N#Cc1cc2cccc(-c3ccccc3)c2nc1N1c2ccccc2Oc2ccccc21,0.0444,2.457
est-443,c1ccc(-c2cccc(N3c4ccc(-c5ccccc5)cc4N(c4cccc(-c5cccc(-c6ncccn6)c5)c4)c4ccc(-c5ccccc5)cc43)c2)cc1,0.0467,2.588
est-444,c1cc2c3c(cccc3c1)-c1nc3cc(-c4ccncc4)ccc3nc1-2,0.9714,2.239
est-445,FC(F)(F)c1c(N2c3ccccc3Oc3ccccc32)cccc1-n1c2ccccc2c2ccccc21,0.0739,2.533
est-446,Cc1cc(N2c3ccccc3Sc3ccccc32)cc(C)c1N1C(=O)c2ccccc2C1=O,0.0001,2.429
est-447,c1ccc(-c2ccc3c(c2)c2ccccc2n3-c2ccccc2Cc2nc(-c3ccccc3)nc(-c3ccccc3)n2)cc1,0.0812,2.471
est-448,CC1(C)c2ccccc2N(c2ccc(-c3cnccn3)c(C#N)c2)c2ccccc21,0.0217,2.509
est-449,CCN(c1ccccc1)c1ccc(-c2ccc3c(c2)C(=O)c2ccccc2S3(=O)=O)cc1,0.0046,2.44
est-450,N#Cc1ccc(C(=O)c2ccc(-n3c4ccc(-c5ccncc5)cc4c4cc(-c5ccncc5)ccc43)cc2)cc1,0.3027,2.512
est-451,N#Cc1cc(-c2nc(-c3ccccc3)nc(-c3ccccc3)n2)ccc1-n1c2ccccc2c2[nH]c3ccccc3c21,0.1957,2.705
est-452,c1ccc(-c2cc(-c3ccc(N4c5ccccc5Oc5ccccc54)cc3)n3c(n2)nc2ccccc23)nc1,0.2148,2.666
est-453,Cc1ccc2c(c1)c1cc(C)cc(C(=O)c3ccc(N4c5ccccc5C(C)(C)c5ccccc54)cc3)c1n2-c1ccccc1,0.0764,2.697
est-454,Cc1cc(-c2nc(-c3ccccc3)cc(-c3ccccc3)n2)ccc1N1c2ccc(-c3ccccc3)cc2C(C)(C)c2cc(-c3ccccc3F)ccc21,0.0219,2.825
est-455,c1ccc2c(c1)Oc1ccccc1N2c1ccc2nc3c(nc2c1)-c1ccc(N2c4ccccc4Oc4ccccc42)c2cccc-3c12,0.0117,2.937
est-456,CCCCN1C(=S)c2cc(-n3c4ccccc4c4ccccc43)c(-n3c4ccccc4c4ccccc43)cc2C1=S,0.1242,2.788
est-457,c1ccc(-c2cccc3nc4cc(N5c6ccccc6Sc6ccccc65)ccc4nc23)cc1,0.0132,2.369
est-458,c1ccc(-n2c3ccccc3c3cc(-c4ccc(-n5c6ccccc6c6cc(-c7ccc8c(c7)c7ccccc7n8-c7ccccc7)ccc65)cc4)ccc32)cc1,0.5347,2.341
est-459,CC1(C)c2ccccc2N(c2cc(-c3ccccc3)cc3c4cc(-c5ccccc5F)ccc4n(-c4ccccc4)c23)c2ccccc21,0.1792,2.771
est-460,Cc1ccccc1-c1ccc2c(c1)C(=O)c1ccc(-c3ccccc3C)cc1C2=O,0.4281,1.934
est-461,C=C(C)N(c1ccccc1)c1ccc(C=C(C(=O)OCC)c2cc(C)cc(C)c2)cc1,0.5107,2.567
est-462,Cc1ccc2nc(-c3ccc(C#N)cc3)n(-c3ccc(N4c5ccccc5Oc5ccccc54)cc3)c2c1,0.0102,2.487
est-463,Cc1ccc(-n2c3ccccc3c3ccccc32)c(-c2nc(-c3cc(C(F)(F)F)cc(C(F)(F)F)c3)nc(-c3ccccc3-n3c4ccccc4c4ccccc43)n2)c1,0.0083,3.065
est-464,O=C(c1nc2ccccc2o1)c1ccccc1N1c2ccccc2Oc2ccccc21,0.053,2.417
est-465,Cc1cccc2c3cccc(C)c3n(-c3ccc4c(=O)c5cccc6c(=O)c7ccccc7n(c4c3)c65)c12,0.2415,2.709
est-466,c1ccc(-c2cc(N3c4ccccc4Oc4ccccc43)c3cc(N4c5ccccc5Oc5ccccc54)cc(-c4ccccc4)c3c2)cc1,0.2057,2.68
est-467,Cn1c2ccccc2c2c(N3c4ccccc4Oc4ccccc43)c(C#N)ccc21,0.0799,2.531
est-468,CN1c2ccccc2N(c2nnc3sc4ccccc4c3n2)c2ccccc21,0.4029,2.671
est-469,CC1(C)c2ccccc2N(c2ccc3nc(N4c5ccccc5C(C)(C)c5ccccc54)sc3c2)c2ccccc21,0.0131,2.702
est-470,N#Cc1c(N(c2ccccc2)c2ccccc2)c(N(c2ccccc2)c2ccccc2)c(C#N)c(N(c2ccccc2)c2ccccc2)c1N(c1ccccc1)c1ccccc1,0.1957,2.62
est-471,N#CC(C#N)=C(c1ccc(-c2ccc(N(c3ccccc3)c3ccccc3)cc2)cc1)c1ccc(N(c2ccccc2)c2ccc(-c3ccc4ccccc4c3)cc2)cc1,0.2968,2.774
est-472,CC(C)(C)c1ccc2c(c1)c1cc(C(C)(C)C)ccc1n2-c1ccc(C(=O)c2ccccc2)cc1C#N,0.3118,2.54
est-473,Cc1ccc(C(=O)c2ccc(N3c4ccccc4C(C)(C)c4ccccc43)cc2)cc1-c1cccc2c1Oc1ccccc1S2,0.0544,2.848
est-474,c1ccc(-c2ccc(-c3nc(-c4ccc(N5c6ccccc6Oc6ccccc65)cc4)nc(-c4ccc(N5c6ccccc6Oc6ccccc65)cc4)n3)cc2)cc1,0.0429,2.603
est-475,N#Cc1cc(N2c3ccccc3Oc3ccccc32)cc(-n2c3ccc(-c4ccccc4)cc3c3cc(-c4ccccc4)ccc32)c1,0.0831,2.693
est-476,N#Cc1c(C#N)c(-c2ccccc2)c(-c2ccc(N(c3ccccc3)c3ccccc3)cc2)c(C#N)c1-c1ccc(N(c2ccccc2)c2ccccc2)cc1,0.0285,2.574
est-477,CCCCCN1c2c(cccc2N2c3ccccc3Oc3ccccc32)N(CCCC)C(=O)c2cccc3cccc1c23,0.3762,2.803
est-478,COc1ccc(N(c2ccc(OC)cc2)c2ccc3c(=O)c4cccc5c6ccccc6n(c3c2)c45)cc1,0.4266,2.459
est-479,O=c1c2ccccc2sc2cc(-n3c4ccc(N(c5ccccc5)c5ccccc5)cc4c4cc(N(c5ccccc5)c5ccccc5)cc(-c5ccccc5)c43)ccc12,0.0711,3.094
est-480,c1ccc2c(c1)Sc1ccccc1N2c1cc2nc(N3c4ccccc4Sc4ccccc43)ccc2cn1,0.6049,2.774
est-481,c1ccc(-c2ccc(N3c4ccccc4N(c4ccc(-c5nc(-c6ccccc6)cc(-c6ccccc6)n5)cc4)c4cc(-c5ccccc5)ccc43)cc2)cc1,0.0506,2.46
est-482,N#Cc1cccc(N2c3ccccc3Oc3ccccc32)c1Cc1cccc(C#N)c1-c1cnccn1,0.0489,2.917
est-483,c1ccc(-c2ccc3c(c2)c2cc(-c4ccccc4)ccc2n3-c2ccccc2-c2nc(-c3ccccc3)nc(-c3ccccc3-n3c4ccc(-c5ccccc5)cc4c4cc(-c5ccccc5)ccc43)n2)cc1,0.0961,2.985
est-484,COc1cc2c(cc1-c1ccc(N(c3ccccc3)c3ccccc3)cc1)C(=O)c1ccc(-c3ccc(N(c4ccccc4)c4ccccc4)cc3)cc1C(=O)C2=O,0.1422,2.735
est-485,c1ccc(-c2cccc(-c3nc(-c4ccccc4)nc(-c4cc(-n5c6ccccc6c6ccccc65)cc(-n5c6ccccc6c6ccccc65)c4)n3)c2)cc1,0.1924,2.562
est-486,CCCCCCn1c2ccccc2c2cccc(N3c4ccccc4Oc4ccccc43)c21,0.3263,2.404
est-487,CC1(C)c2ccccc2N(c2c(-c3ccncn3)ccc(-c3ccccc3)c2C#N)c2ccccc21,0.0608,2.666
est-488,c1ccc2c(c1)N(c1ccc(-c3ccc4nccnc4c3)cc1)c1ccccc1N2c1ccc(-c2cnccn2)cc1,0.0031,2.561
est-489,CC1(C)C=Cc2cc(N3c4ccccc4Oc4ccccc43)ccc2C1=O,0.0725,2.648
est-490,c1ccc(-c2nc(-c3ccc(N4c5ccccc5Oc5ccccc54)c(-c4ccccc4)c3)nc(-c3ccccc3-n3c4ccccc4c4ccccc43)n2)cc1,0.0349,2.894
est-491,N#Cc1ccc(C#N)c(-c2cc(-c3cnccn3)ccc2N2c3ccccc3Oc3ccccc32)c1,0.0369,2.724
est-492,c1ccc(-c2ccccc2-c2nc(-c3ccc(N4c5ccccc5Sc5ccccc54)cc3)nc(-c3ccc(N4c5ccccc5Sc5ccccc54)cc3)n2)cc1,0.0073,2.765
est-493,c1ccc2c(c1)Oc1ccccc1N2c1ccc(-c2nc3cc4ccccc4nc3nc2-c2ccc(N3c4ccccc4Oc4ccccc43)cc2)cc1,0.0166,2.868
est-494,CC1(C)c2ccccc2N(c2ccc(-c3cncc(C#N)c3)cc2C#N)c2ccccc21,0.0175,2.6
est-495,Cc1nc(C)c2ccccc2c1N1c2ccccc2C(c2ccccc2)(c2ccccc2)c2ccccc21,0.2642,2.472
est-496,c1ccc2c(c1)Oc1ccccc1N2c1cccc2c1c(N1c3ccccc3Oc3ccccc31)cc1ccccc12,0.0479,2.515
est-497,CC1(C)c2ccccc2N(c2cccc3cccc(C(=O)c4ccccc4)c23)c2ccccc21,0.3523,2.296
est-498,O=C1c2ccccc2S(=O)(=O)c2cc(-n3c4ccccc4c4ccccc43)ccc2S1(=O)=O,0.2449,2.816
est-499,CC1(C)c2ccccc2N(c2ncc(C(F)(F)F)cc2C(F)(F)F)c2ccccc21,0.0227,2.597
est-500,N#Cc1nccc(Cc2cccc(N3c4ccccc4Oc4ccccc43)c2)c1-c1cccnc1,0.0066,2.665
est-501,O=C1c2ccc(-c3ccc(N4c5ccccc5Oc5ccccc54)cc3)cc2C(=O)c2cc(-c3ccc(N4c5ccccc5Oc5cc(Br)ccc54)cc3)ccc21,0.0007,2.912
est-502,Cc1nccc2c1c1ccccc1n2C,0.9154,2.146
est-503,N#Cc1ccc(-c2cc(-c3cc(F)c(C#N)c(F)c3)ccc2-n2c3ccccc3c3ccccc32)cc1,0.2281,2.513
est-504,O=C(c1cc(N2c3ccccc3Oc3ccccc32)cc(N2c3ccccc3Oc3ccccc32)c1)c1cccc2nccnc12,0.0073,2.895
est-505,c1ccc(-c2ccccc2-c2cc(N3c4ccccc4N(c4ccccc4)c4ccccc43)nc(-c3ccccc3)c2-c2ccccc2)cc1,0.2949,2.51
est-506,Cn1c2ccc(-c3ccccc3)cc2c2cc(-c3ccccc3)cc(N3c4ccccc4Oc4ccccc43)c21,0.3002,2.544
est-507,O=C(c1ccccc1)c1ccc(-n2c3ccccc3c3cc(-c4ccccc4-c4ccc5c(c4)c4ccccc4n5-c4ccc(F)cc4)ccc32)cc1,0.3254,2.539
est-508,O=C(c1ccc(Br)cc1)c1nc2ccccc2s1,0.5921,1.902
est-510,O=c1c(-n2c3ccccc3c3ccccc32)cc(-n2c3ccccc3c3ccccc32)cc2c3n(c4cccc1c4-3)c1ccc(-n3c4ccccc4c4ccccc43)cc1c2=O,0.4412,3.576
est-511,N#Cc1cc(C#N)cc(-c2ccccc2Cc2ccccc2N2c3ccccc3Sc3ccccc32)c1,0.0136,2.643
est-512,CC1(C)c2ccccc2N(c2ccc3c(c2)c2ccccc2c2nccnc32)c2ccccc21,0.0055,2.465
est-513,N#Cc1ccc(-c2cc(-c3cccc(C#N)c3)cc(N3c4ccccc4Sc4ccccc43)c2)cc1,0.059,2.512
est-514,Cc1cccc(C)c1N1c2ccccc2Oc2cc(C(=O)c3ccccc3)ccc21,0.5648,2.179
est-515,O=C(c1ccncc1)c1ccc(-n2c3ccccc3c3ccc4c5ccccc5n(-c5ccccc5)c4c32)cc1,0.2397,2.391
est-516,FC(F)(F)c1ccccc1-c1ccc2ncc(-c3cc(N4c5ccccc5Oc5ccccc54)ccc3-c3ccccc3)cc2c1,0.1011,2.715
est-517,N#Cc1ccc(N2c3ccccc3Oc3ccccc32)c(-c2ccc(N3c4ccccc4Oc4ccccc43)cc2)c1,0.0932,2.603
est-518,COc1ccc(-n2c3cc(C#N)ccc3c3cccc(N4c5ccccc5Oc5ccccc54)c32)cc1,0.0382,2.563
est-519,Nc1ccc2oc(=O)c3cc(N(c4ccccc4)c4ccc(N(c5ccccc5)c5ccc(N(c6ccccc6)c6ccccc6)cc5)cc4)ccc3c(=O)c2c1,0.2662,2.817
est-520,CCOC(=O)c1c(C=O)cc2ccccc2c1N1c2ccccc2Oc2ccccc21,0.0906,2.509
est-521,CC1(C)c2cc(N3c4ccccc4Oc4ccccc43)ccc2C(=O)c2ccc(-n3c4ccccc4c4ccccc43)cc21,0.0416,2.722
est-522,N#Cc1ccc(N(c2ccccc2)c2ccccc2)ccc2c3cccc4c(C#N)c5ccc6ccc1c2c6c5c43,0.6541,3.129
est-523,CC(C)(C)c1ccc2c(c1)c1cc(C(C)(C)C)ccc1n2C(=O)c1ccc(N2c3ccccc3C(C)(C)c3ccccc32)cc1,0.1056,2.791
est-524,c1cnc(-c2nc(-c3ccc(-c4ccc(N5c6ccccc6Oc6ccccc65)cc4)cc3)nc(-c3cccnc3)n2)nc1,0.0048,2.733
est-525,Cc1ccc(-c2cccc(C(F)(F)F)c2)c2c(N3c4ccccc4C(C)(C)c4ccccc43)cccc12,0.2427,2.493
est-526,O=C(c1ccccc1)c1ccc2nc(N3c4ccccc4C(c4ccccc4)(c4ccccc4)c4ccccc43)ccc2c1,0.7859,2.583
est-527,CC(C)(C)c1ccc(N2c3ccccc3C(C)(C)c3cc4c(cc32)c2ccccc2n4-c2ccccc2C(F)(F)F)cc1,0.3014,2.764
est-528,CC1(C)c2ccccc2N(c2ccc3cc(C(=O)c4ccccc4)c(=O)oc3c2)c2ccccc21,0.0532,2.412
est-529,Cn1c2ccccc2c2cc(-c3ccc4c(c3)C(=O)c3cccc(-c5ccc(N(c6ccccc6)c6ccccc6)cc5)c3S4(=O)=O)ccc21,0.0092,2.96
est-530,CC(C)(C)c1ccc(-n2c3ccc(-n4c5ccccc5c5ccccc54)cc3c(=O)c3cc(-n4c5ccccc5c5ccccc54)ccc32)cc1,0.4917,2.51
est-531,c1ccc(-c2nnc(-c3ccc(N4c5ccccc5Oc5ccccc54)c(-c4ccccn4)c3)n2-c2ccccc2)cc1,0.2091,2.602
est-532,c1ccc(-c2ccc3c(c2)c2cc(-c4ccccc4)ccc2n3-c2ccc3c(c2)c2cc(-c4ccccc4)ccc2n3-c2ccccc2-c2nc(-c3ccccc3)nc(-c3ccccc3)n2)cc1,0.023,2.913
est-533,c1ccc(-c2nc(-c3ccccc3)nc(N3c4ccccc4-c4ccc5oc6ccccc6c5c4-c4ccccc43)n2)cc1,0.5543,2.711
est-534,c1ccc(-c2ccc3c(c2)c2cc(-c4ccccc4)ccc2n3-c2ccc3c(c2)c2cc(-c4ccccc4)ccc2n3-c2nc(-c3ccccc3)nc(-c3ccccc3)n2)cc1,0.0528,2.689
est-535,N#Cc1ccc(-c2nccc(-c3ccc(N4c5ccccc5Oc5ccccc54)cc3)c2C(=O)c2ccccc2)cc1,0.0093,2.6
est-536,CN(C)c1ccc(C=Cc2cc(-c3ccc(N4c5ccccc5Oc5ccccc54)cc3)ncn2)cc1,0.4721,2.605
est-537,CC1(C)c2ccccc2N(C2=NC(c3ccccc3)(c3ccccc3)c3ccccc3C2=O)c2ccccc21,0.0338,2.71
est-538,CCCn1c(=O)c(=O)c(=O)c2cccc3c2c2c(cccc21)c(=O)n3CCC,0.4963,2.571
est-539,c1ccc(-c2ccc(N(c3ccccc3)c3cccc4c3ccc3nc(-c5ccccc5)c(-c5ccccc5)nc34)cc2)cc1,0.2159,2.356
est-540,Cn1c2ccccc2c(=O)c2cccc(N3c4ccccc4Sc4ccccc43)c21,0.0526,2.412
est-541,Cc1cccc(-n2c3ccccc3c3ccccc32)c1-c1cc(C#N)c(-c2ccccc2)cc1C#N,0.0452,2.552
est-542,Cc1nc2ccccc2c(N2c3ccccc3Cc3ccccc32)c1C#N,0.0327,2.391
est-543,c1ccc(-c2cc(N3c4ccccc4Oc4ccccc43)c3nccnc3c2)cc1,0.0352,2.353
est-544,c1ccc(-c2nc3c4ccccc4c4ccc(N(c5ccccc5)c5ccccc5)cc4c3nc2-c2ccc(N(c3ccccc3)c3ccccc3)cc2)cc1,0.2583,2.555
est-545,Cc1ccc2c(c1)c1cc(C)ccc1n2-c1ccc(-c2nc(-c3ccccc3)nc(-c3ccccc3)n2)cc1-n1c2ccc(C)cc2c2cc(C)ccc21,0.0705,2.695
est-546,N#Cc1cccc(-c2cnc(-c3ccc(N4c5ccccc5Oc5ccccc54)c(C#N)c3)nc2)c1,0.0178,2.639
est-547,c1ccc(-c2cc3c(N4c5ccccc5Oc5ccccc54)cc(N4c5ccccc5Oc5ccccc54)cc3nc2-c2ccccc2)cc1,0.0937,2.76
est-548,CC1(C)c2ccccc2N(c2ccccc2)c2c1ccc1c2c2ccccc2n1-c1ccccc1C#N,0.177,2.631
est-549,CC1(C)c2ccccc2N(c2ccc(-c3cc(C#N)nc(-c4ccc(N5c6ccccc6C(C)(C)c6ccccc65)cc4)n3)cc2)c2ccccc21,0.0035,2.922
est-550,CC1(C)c2ccccc2N(c2ccc(-c3ccc4c(n3)-c3ccccc3C4=O)cc2)c2ccccc21,0.0024,2.411
est-551,CC1(C)c2ccccc2N(c2ccc(Cn3ccc4cc(N5c6ccccc6C(C)(C)c6ccccc65)ccc43)c(-c3ccccc3)c2)c2ccccc21,0.2198,2.972
est-552,CC1(C)c2ccccc2C(=O)c2ccccc2C(=O)c2ccc(N3c4ccccc4C(C)(C)c4ccccc43)cc21,0.0079,2.911
est-553,Cc1cc(-c2ccccc2)cc(C)c1B(c1ccccc1-c1ccccc1)c1ccc(-c2ccccc2)cc1-n1c2ccccc2c2ccccc21,0.0903,2.882
est-554,N#Cc1cc(-c2ccc3ccccc3c2)c(C#N)cc1-c1ccc2c(c1)Sc1ccccc1N2c1ccccc1,0.0786,2.7
est-555,O=C1c2cccnc2-c2cccc(-c3ccc(C(c4ccccc4)c4ccc(N(c5ccccc5)c5ccccc5)cc4)cc3)c21,0.0073,3.014
est-556,c1ccc(-c2cc(-c3ccc4ncccc4n3)cc(N3c4ccccc4Oc4ccccc43)c2)cc1,0.0153,2.39
est-557,N#Cc1cc(-c2cccnc2)cc(-n2c3ccccc3c3ccccc32)c1-n1c2ccccc2c2ccccc21,0.1049,2.631
est-558,N#Cc1ccc(N2c3ccccc3Oc3ccccc32)cc1-c1cccnc1,0.0862,2.325
est-559,CC1(C)c2ccccc2N(c2ccc(C(=O)C(=O)c3ccccc3)cc2)c2ccccc21,0.0119,2.185
est-560,Cc1ncc(-c2cc(-c3cncnc3)cc(-c3ccccn3)c2)cn1,0.8436,2.437
est-561,N#Cc1cc(-c2cc(N3c4ccccc4Oc4ccccc43)ccn2)c(-c2cccnc2)cc1-c1cccnc1,0.0592,2.816
est-562,O=S1(=O)c2ccccc2N(c2ccc3nc(N4c5ccccc5Sc5ccccc54)ccc3c2)c2ccccc21,0.6111,2.801
est-563,CCOC(=O)c1c(N)oc2ccc(N3c4ccccc4Oc4ccccc43)cc2oc(=O)c2ccccc12,0.2354,3.201
est-564,N#Cc1cccc(N(c2ccccc2)c2ccccc2)c1Cc1ccccc1Cn1c2ccccc2c2ccccc21,0.0929,2.581
est-565,N#Cc1ccc(-n2c3ccccc3c3c4c(ccc32)N(c2ccccc2)c2ccccc2N4c2ccccc2)cc1,0.2339,2.592
est-566,N#Cc1cc(C#N)c(N2c3ccccc3Oc3ccccc32)c(-c2nc3ccccc3[nH]2)c1,0.0885,2.723
est-567,N#Cc1c(-c2ccc(N(c3ccccc3)c3ccccc3)cc2)cc(-c2ccc(N(c3ccccc3)c3ccccc3)cc2)nc1-c1ccccc1,0.4023,2.527
est-568,COc1cccc(-c2nc(OC)nc(-c3ccc(N4c5ccccc5Sc5ccccc54)cc3)n2)c1,0.0073,2.464
est-569,O=c1c2ccccc2oc2ccc(-c3ccc(N(c4ccccc4)c4ccc5c(c4)c4cc(N(c6ccccc6)c6ccccc6)ccc4n5-c4ccccc4)cc3)cc12,0.0528,2.9
est-570,Cc1ccc2c(c1)C(C)(C)c1cc(C)ccc1N2c1ccc(-c2cccnc2-c2ccccc2)cc1C,0.2217,2.476
est-571,N#Cc1ccccc1-n1c2ccccc2c2c3c(c4ccccc4n3-c3ccccc3)c3c(c4ccccc4n3-c3ccccc3)c21,0.1567,2.665
est-572,Cc1ccccc1N(C)c1ccc(N)cc1-c1ccc2c(=O)c3ccccc3oc2c1,0.0785,2.406
est-573,O=C1c2ccccc2-n2c3ccccc3c3cccc(c32)C1(c1ccccc1)c1ccccc1,0.4144,2.378
est-574,Cc1cc(-n2c3ccccc3c3cccc(C)c32)c(C)cc1-c1nc(-c2ccccc2)nc(-c2ccccc2)n1,0.1338,2.516
est-575,Cc1ccc2c(c1)Sc1ccccc1N2c1cc(C(F)(F)F)cc(C(F)(F)F)c1,0.0783,2.453
est-576,N#Cc1cc(C(F)(F)F)c(-n2c3ccccc3c3ccccc32)cc1-n1c2ccccc2c2ccccc21,0.3608,2.506
est-577,c1ccc(-c2cc(N3c4ccccc4N(c4ccc(-c5ccc6ccccc6n5)cc4)c4ccccc43)cc(-c3ccccc3)n2)cc1,0.0372,2.456
est-578,N#Cc1cnc2c(-c3ccc(N(c4ccccc4)c4ccccc4)cc3)c(C#N)c(C(=O)c3ccccc3)c(-c3ccccc3)c2c1,0.1042,2.849
est-579,O=C(c1ccccc1)c1ccc2c(ccc3nc4cc(N5c6ccccc6N(c6ccccc6-c6ccccc6)c6ccccc65)ccc4nc32)c1,0.0262,2.876
est-580,CC1(C)c2ccccc2N(c2ccnc(-c3cc(C#N)ccn3)c2)c2ccccc21,0.0178,2.522
est-581,c1ccc(-c2nc(N3c4ccccc4Oc4ccccc43)ncc2-c2ccc(N3c4ccccc4Oc4ccccc43)cc2)cc1,0.1516,2.679
est-582,N#Cc1cc(-n2c3ccccc3c3ccccc32)cc(-n2c3ccccc3c3cc(-c4ccccc4)ccc32)n1,0.3292,2.56
est-583,N#CC(C#N)=C(c1ccc(N2c3ccccc3Sc3ccccc32)cc1)c1ccc(-n2c3ccccc3c3ccccc32)cc1,0.0022,2.765
est-584,O=C(c1ccccc1)c1ccc(-n2c3ccccc3c3c(C(=O)c4ccc(N5c6ccccc6Oc6ccccc65)cc4)cccc32)cc1,0.0883,2.657
est-585,c1ccc(N2c3ccccc3C(n3c4ccccc4c4cnccc43)c3ccccc32)cc1,0.64,2.442
est-587,O=C1C(c2ccccc2)=C(c2ccccc2)c2cc(-n3c4ccccc4c4ccccc43)ccc2S1(=O)=O,0.247,2.661
est-588,CC1(C)c2ccccc2N(c2ccc(-c3cc(C(F)(F)F)cc(C(F)(F)F)c3)cn2)c2ccccc21,0.0237,2.602
est-589,COc1ccc(N2c3ccccc3N(c3ccc4c(c3)C(=O)N(CCN3CCOCC3)C4=O)c3ccccc32)cc1,0.0273,2.584
est-590,CC(C)(C)c1ccc2c(c1)C(C)(C)c1cc(C(C)(C)C)ccc1N2c1ccc2c(c1)COC2=O,0.0363,2.754
est-591,COc1ccc2c(c1)c1cc(OC)ccc1n2-c1ccc2c(c1)C(=O)c1cc(-n3c4ccc(OC)cc4c4cc(OC)ccc43)ccc1C2=O,0.155,2.572
est-592,c1cnc(-c2ccc(-c3ccc(N4c5ccccc5N(c5ccc(-c6ccc7ccccc7c6)cc5)c5ccccc54)cc3)cc2)nc1,0.0114,2.374
est-593,Cc1c(C#N)c(-c2ccccc2)nc(-c2ccc(C#N)cc2C#N)c1-c1ccc2ccccc2c1,0.6084,2.627
est-594,Cc1cc(C)c(N2C(=O)c3ccc4cccc(N5c6ccccc6Sc6ccccc65)c4c3C2=O)c(C)c1,0.0127,2.716
est-595,N#Cc1c(-c2ccccc2)nc(-c2ccccc2)c(C#N)c1-c1ccc(N2c3ccccc3N(c3ccccc3)c3ccccc32)cc1,0.001,2.548
est-596,CC(C)(C)c1ccc2c(c1)N(c1cccc(C#N)c1)c1cc(C(C)(C)C)ccc1N2c1cccc(C#N)c1,0.0655,2.685
est-597,COc1ccc(N2C(=O)c3cccc4cc(N5c6ccc(-c7ccccc7)cc6C(C)(C)c6cc(-c7ccccc7)ccc65)cc(c34)C2=O)cc1,0.018,2.835
est-598,COc1ccc(N2c3ccccc3Sc3cc(-c4cc(C)c(C#N)cc4C#N)ccc32)cc1,0.1785,2.601
est-599,CC1(C)c2ccccc2N(c2cccc3c4ncncc4c4ccccc4c23)c2ccccc21,0.0917,2.573
est-600,Cc1ccc(N2c3ccc(C(C)(C)C)cc3C(C)(C)c3cc(C(C)(C)C)ccc32)cc1,0.4437,2.4
est-601,Cc1cc(-n2c3ccccc3c3ccccc32)ccc1-c1cc(-n2c3ccccc3c3ccccc32)ccc1-c1nc(-c2ccccc2)nc(-c2ccccc2)n1,0.0674,2.681
est-602,Cc1ccc2c(c1)c1cc(C)ccc1n2-c1ccc(-c2nc(-c3ccccc3)nc(-c3ccccc3)n2)cc1-n1c2ccccc2c2ccccc21,0.1264,2.646
est-603,N#Cc1c2ccccc2c(-c2cc(-c3cccc4ccccc34)cc(-c3c4ccccc4c(Oc4ccccc4)c4ccccc34)c2)c2ccccc12,0.9449,2.668
est-604,CC(C)(C)c1ccc2c(c1)C(C)(C)c1cc(C(=O)c3ccccc3)ccc1N2c1cccc(C#N)c1,0.1787,2.522
est-605,N#Cc1cc(-n2c3ccccc3c3ccccc32)c(-n2c3ccccc3c3ccccc32)cc1C(=O)OCc1ccccc1,0.2498,2.616
est-606,N#Cc1ccc(-c2ccc(C#N)c(-n3c4ccc(-c5ccc(C#N)cc5)cc4c4cc(-c5ccc(C#N)cc5)ccc43)c2)cc1,0.1996,2.543
est-607,c1ccc(-c2cc(-c3ccccc3)c3c(-c4ccccc4)cc(N4c5ccccc5Oc5ccccc54)nc3c2)cc1,0.0496,2.482
est-608,O=C(c1ccncc1)c1ccc(-n2c3ccccc3c3ccc4c(c5ccccc5n4-c4ccccc4)c32)cc1,0.0966,2.445
est-609,c1ccc2c(c1)Oc1ccccc1N2c1ccc(-c2cnc3ccccc3n2)cc1-c1ccncc1,0.0174,2.481
est-610,COc1ccc(N2C(=O)c3ccc(N4c5ccccc5Sc5ccccc54)c4cccc(c34)C2=S)cc1,0.013,2.654
est-611,Cc1cc(-c2cc(C#N)cc(C#N)c2)cc(C)c1N1c2ccccc2Oc2ccccc21,0.0009,2.592
est-612,N#Cc1nc(N2c3ccccc3Oc3ccccc32)c2ccccc2c1N1c2ccccc2Oc2ccccc21,0.0489,2.798
est-613,CC1(C)c2ccccc2N(c2cnc3cc(C#N)ccc3n2)c2ccccc21,0.03,2.502
est-614,N#Cc1ccc2c(c1)c1cc(N(c3ccccc3)c3ccccc3)ccc1c1nc(C#N)c(C#N)nc21,0.2266,2.807
est-615,c1ccc(-c2nc(-c3ccccc3)nc(-c3ccc(-c4cc5c6ccccc6n6c7ccc(-c8ccc9c(c8)c8ccccc8n9-c8ccccc8)cc7c(c4)c56)cc3)n2)cc1,0.2672,2.861
est-616,FC(F)(F)c1ccc2c(c1)c1cc(C(F)(F)F)cc(-c3ccccc3C(F)(F)F)c1n2-c1ccccc1,0.8059,2.59
est-617,Cc1ccc2c(c1)c(=O)c1cc(N3c4ccccc4Oc4ccccc43)ccc1n2-c1ccccc1,0.0537,2.366
est-618,CCCCn1c2ccccc2c2nc(C#N)c(C#N)nc21,0.6071,2.549
est-620,O=C1c2cc(-c3ccc(N(c4ccccc4)c4ccccc4)cc3)ccc2S(=O)(=O)c2cccc(-c3ccc(N(c4ccccc4)c4ccccc4)cc3)c21,0.0257,2.785
est-621,CC1(C)c2ccccc2N(c2ccc(C#N)nc2N2c3ccccc3C(C)(C)c3ccccc32)c2ccccc21,0.0827,2.813
est-622,CC1(C)c2ccccc2N(c2ccccc2)c2ccc(S(=O)(=O)c3ccc(-n4c5ccccc5c5ccccc54)cc3)cc21,0.4952,2.561
est-623,Cn1c2ccc(C#N)cc2c2nc3ccc(N(c4ccccc4)c4ccccc4)cc3nc21,0.5419,2.473
est-624,Cc1ccc2c(c1)c1cc(C)ccc1n2-c1ccc(S(=O)(=O)c2ccc(N3c4ccccc4Oc4ccccc43)cc2)cc1,0.1247,2.582
est-625,CC1(C)c2ccccc2N(c2cnc3c(C(F)(F)F)cccc3c2)c2ccccc21,0.0371,2.476
est-626,O=C(c1ccccc1)c1cc2sc3ccccc3c2cc1-c1ccc(N(c2ccccc2)c2ccccc2)cc1,0.133,2.405
est-627,c1ccc(-c2c3ccccc3nc3cc(-c4ccccc4)n(-c4ccc(N5c6ccccc6N(c6ccccc6)c6ccccc65)cc4)c23)cc1,0.8125,2.675
est-628,FC(F)(F)c1ccc(-c2ccc(N(c3ccc(-c4ccc(C(F)(F)F)cc4)cc3)c3cccc(-c4c(-c5ccc(C(F)(F)F)cc5)cccc4C(F)(F)F)c3)cc2)cc1,0.4548,2.813
est-629,Cc1ccc2c(c1)c(=O)c1cccc3c(=O)c4cccc(N5c6ccccc6Oc6ccccc65)c4n2c13,0.0486,2.738
est-630,CC1(C)c2ccccc2-c2cc3c(cc21)N(c1ccccc1-c1nc(-c2ccccc2)nc(-c2ccccc2)n1)c1ccccc1C3(C)C,0.0244,2.81
est-631,c1ccc(-c2nc(-c3ccccc3-n3c4ccccc4c4ccccc43)nc(-c3cccc(-c4ccccc4)c3-c3ccccc3-n3c4ccccc4c4ccccc43)n2)cc1,0.0153,2.785
est-632,Fc1ccc(-c2nc(-c3ccc(F)cc3)nc(-c3ccc(N4c5ccc(Br)cc5Sc5cc(Br)ccc54)cc3)n2)cc1,0.009,2.617
est-633,c1ccc(-c2nc(-c3ccccc3)nc(-c3ccc4c(c3)C(c3ccccc3)(c3ccccc3N(c3ccccc3)c3ccccc3)c3ccccc3-4)n2)cc1,0.1462,3.2
est-634,CC1(C)c2ccccc2N(c2cccc3nc4cccc(Br)c4nc23)c2ccccc21,0.0188,2.514
est-635,CC(C)(C)c1ccc(-c2cncc3c4ccccc4n(C(=O)c4ccccc4)c23)cc1,0.3174,2.315
est-637,c1ccc(-c2cnc3cc(N4c5ccccc5N(c5ccc(-c6cnc7ccccc7c6)cc5)c5ccccc54)ccc3n2)cc1,0.0122,2.632
est-638,CC(C)(C)c1nnc(-c2ccc3ccc(N4c5ccccc5Oc5ccccc54)cc3c2)s1,0.0743,2.56
est-639,c1ccc(-c2cc(-c3ccc4c(c3)Oc3ccccc3N4c3ccccc3)c3cnccc3n2)cc1,0.1744,2.409
est-640,Cc1cc(-c2ccc(-c3ccncn3)c(N3c4ccccc4C(C)(C)c4ccccc43)c2)cc(-c2ncccn2)c1,0.1207,2.814
est-641,FC(F)(F)c1cnccc1-c1ccc(-c2ccc(N(c3ccccc3)c3ccccc3)cc2)nc1,0.5706,2.385
est-643,c1ccc(-c2nc(-c3ccccc3)nc(-c3cccc(-c4cccc(N5c6ccccc6Oc6ccccc65)c4)c3)n2)cc1,0.0021,2.359
est-644,FC(F)(F)c1ccc2c(-c3ccc(N4c5ccccc5Oc5ccccc54)cc3)cc(-c3ccccn3)nc2n1,0.0016,2.71
est-645,N#Cc1ccc(-c2ccc(N3c4ccccc4N(c4ccc(-c5nc(-c6ccccc6)nc(-c6ccccc6)n5)cc4)c4ccccc43)cn2)cc1,0.0113,2.707
est-646,CC1(C)c2ccccc2N(c2cc(-c3cc(-c4ccccc4)nc(-c4ccccc4)n3)cc(N3c4ccccc4C(C)(C)c4ccccc43)c2)c2ccccc21,0.0385,2.82
est-647,CC1(C)c2ccccc2N(c2ccc(-c3ccc(C#N)cc3)cc2C#N)c2ccccc21,0.0184,2.413
est-648,CCCCn1c2ccccc2c2c(C(=O)c3ccc(N4c5ccccc5Oc5ccccc54)cc3)cccc21,0.0883,2.483
est-649,COc1ccc(-c2cc3ccccc3nc2C(=O)c2ccc(N3c4ccccc4Oc4ccccc43)cc2)cc1,0.0717,2.466
est-650,Cc1cc(-c2ccccc2)c2c(N3c4ccccc4Oc4ccccc43)cc(C)cc2c1,0.0514,2.337
est-651,CC1(C)c2ccccc2N(c2cccc(C(=O)c3ccc(-n4ccc5ccccc54)cc3)c2)c2ccccc21,0.1101,2.468
est-652,O=C(c1ccccc1)c1cnc2nc(-c3ccc(N4c5ccccc5Oc5ccccc54)cc3)ccc2c1,0.0106,2.468
est-653,O=C(c1cccnc1)c1cc(-n2c3ccccc3c3ccccc32)nc(-n2c3ccccc3c3ccccc32)c1,0.2213,2.511
est-654,CC1(C)c2ccccc2N(c2cc(C#N)c(-c3ccc(C#N)cc3)cc2-c2ccccc2)c2ccccc21,0.7004,2.602
est-655,c1ccc(-c2cc3ccc(N4c5ccccc5N(c5ccccc5)c5ccccc54)nc3c(-c3ccccc3)n2)cc1,0.159,2.491
est-656,Cn1c2ccc(-c3cccc(C(=O)c4ccccn4)c3)cc2c2cc(C(C)(C)C)ccc21,0.161,2.33
est-657,CC1(C)c2ccccc2N(c2ccc3c(c2)C(C)(C)C(C)(C)c2ccccc2N3c2ccccc2)c2ccccc21,0.396,2.531
est-658,O=S1(=O)N=S(=O)(c2ccccc2-c2ccc(N3c4ccccc4Oc4ccccc43)cc2)c2ccccc21,0.0122,3.405
est-659,CN1c2ccccc2C(C)(C)c2c1ccc1c2C(C)(C)c2ccccc2N1c1ccccc1,0.5304,2.559
est-660,Cc1cc(N2c3ccccc3C(C)(C)c3ccccc32)c(C)cc1-c1ccccn1,0.3584,2.332
est-661,N#Cc1ccc(-c2ccc(N3c4ccccc4Oc4ccccc43)cc2)c(-c2ccc(N3c4ccccc4Oc4ccccc43)cn2)c1,0.1234,2.868
est-662,Fc1ccc(-c2nc(-c3ccc(F)cc3)nc(-c3ccc(-n4c5ccccc5c5c6ccccc6n(-c6ccccc6)c54)cc3)n2)cc1,0.1194,2.541
est-663,O=C(c1ccc(N2c3ccccc3Sc3ccccc32)cc1)c1ccc(-n2c3ccccc3c3cc(-n4c5ccccc5c5ccccc54)ccc32)cc1,0.0087,2.698
est-664,c1ccc(-c2nc(-c3ccc(-c4ccc(-c5ccccc5-c5ccc(N6c7ccccc7Sc7ccccc76)cc5)cc4)cc3)nc(-c3ccccc3-c3ccccc3)n2)cc1,0.0044,2.684
est-665,CC1(C)c2ccccc2N(c2ccc3c(c2)c2cc(C(F)(F)F)ccc2n3-c2ccccc2)c2ccccc21,0.0645,2.508
est-666,CC(=CC(=O)C(=O)c1ccc(N2c3ccccc3Oc3ccccc32)cc1)c1ccc(N2c3ccccc3Oc3ccccc32)cc1,0.0805,2.783
est-667,N#Cc1cc(C#N)cc(-c2cc(-n3c4ccccc4c4ccccc43)nc(-n3c4ccccc4c4ccccc43)c2)c1,0.0542,2.57
est-668,Cc1cc(N2c3ccccc3Oc3ccccc32)c2ncc(N3c4ccccc4Oc4ccccc43)cc2c1,0.0246,2.731
est-669,O=C(C=Cc1ccncn1)c1ccc(N2c3ccccc3Oc3ccccc32)cc1,0.0151,2.446
est-670,N#Cc1ccc(-c2ncccn2)c(N2c3ccccc3N(c3ccc(-c4ccccc4)cc3)c3ccccc32)c1,0.0371,2.577
est-671,Cc1cc(-c2c(C)cc(-c3ccccn3)cc2C#N)ccc1N1c2ccccc2Oc2ccccc21,0.1358,2.603
est-672,CC1(C)c2ccccc2N(c2ccc3c4ccc(N5c6ccccc6CCc6ccccc65)cc4c4nc5c(nc4c3c2)CCCC5)c2ccccc21,0.0359,3.098
est-673,CC1(C)c2ccccc2N(c2nc(-c3ccc(C(F)(F)F)cc3)nc3ccccc23)c2ccccc21,0.0385,2.485
est-674,N#Cc1cc(C#N)cc(-n2c3ccccc3c3ccc4c(c5ccccc5n4-c4ccccc4)c32)c1,0.0275,2.57
est-675,N#Cc1ccc(-c2c(-n3c4ccccc4c4ccccc43)ccc(C#N)c2-n2c3ccccc3c3ccccc32)cn1,0.1036,2.829
est-676,Cc1ccc(N2c3ccccc3C(C)(C)c3ccccc32)cc1-c1cc(-c2ccc(C#N)cc2)ncn1,0.0056,2.573
est-677,O=C(c1ccc(N2c3ccccc3Oc3ccccc32)cc1)c1ccc(-n2c3ccc(-c4ccccc4)cc3c3cc(-c4ccccc4F)ccc32)cc1,0.0452,2.806
est-678,CC(C)(C)c1ccc(-c2ccc(N3C(=O)c4cccc5c(N6c7ccccc7Oc7ccccc76)ccc(c45)C3=O)cc2)cc1,0.0112,2.666
est-679,c1ccc(-c2ccc(N3c4ccc(-c5cccc(-c6ncccn6)c5)cc4N(c4cccc(-c5ccccc5)c4)c4ccc(-c5ccccc5)cc43)cc2)cc1,0.2643,2.603
est-680,N#Cc1ccc(-c2cccn3c2c(-c2ccc(C(F)(F)F)cc2)c2ccccc23)c(-c2ccc(C(F)(F)F)cc2)n1,0.6057,2.862
est-681,c1ccc2c(c1)Oc1ccccc1N2c1ccc2ccc3c(c2n1)Oc1ccccc1N3c1cccc2c1ccc1ccccc12,0.4639,2.895
est-682,COc1ccc(N(c2ccc(OC)cc2)c2ccc3c(ccc4nc5ccc(N(c6ccc(OC)cc6)c6ccc(OC)cc6)cc5nc43)c2)cc1,0.4384,2.657
est-683,CC(C)(C)c1ccc2c(=O)c3ccc(N(c4ccccc4)c4ccccc4)cc3n(-c3ccc(C(F)(F)F)cc3)c2c1,0.5988,2.604
est-684,c1ccc(-c2cc3nc(-c4ccccc4)c(-c4ccccc4)nc3cc2-c2ccc(N3c4ccccc4N(c4ccccc4)c4ccccc43)cc2)cc1,0.0023,2.451
est-685,O=C(c1ccc(N2c3ccccc3Oc3ccccc32)cc1)c1nc2ccccc2nc1-c1ccc(N2c3ccccc3Oc3ccccc32)cc1,0.0182,2.805
est-686,N#Cc1ccc(C#N)c(-c2c(-c3ccncc3)cccc2N2c3ccccc3Oc3ccccc32)c1,0.0337,2.69
est-687,CC1(C)c2ccccc2N(c2ccc3c(c2)C(C)(C)c2cc4ccccc4nc2-3)c2ccccc21,0.0085,2.606
est-688,N#Cc1ccc(-c2ccncn2)cc1N1c2ccccc2Oc2ccccc21,0.0162,2.483
est-689,c1ccc(-c2nc3ccccc3nc2-c2ccccc2-n2c3ccccc3c3ccccc32)cc1,0.1993,2.106
est-690,CC1(C)c2ccccc2N(c2c(-n3c4ccccc4c4ccccc43)c(-c3ccccc3)nc3ccccc23)c2ccccc21,0.0486,2.673
est-691,FB(F)OC(=Cc1cccc(N(c2ccccc2)c2ccccc2)c1)c1ccccc1,0.4315,2.593
est-692,CC1(C)c2ccccc2N(c2ccc(-c3ccc(S(=O)(=O)c4ccccc4)cc3)c(F)c2)c2ccccc21,0.0209,2.367
est-693,Cc1ccc2c(c1)c1cc(C(F)(F)F)ccc1n2-c1ccc(C(F)(F)F)cc1-c1nc(-c2ccccc2)nc(-c2ccccc2)n1,0.2206,2.759
est-694,c1ccc(-c2nc(-c3ccccc3)nc(-c3ccc(N4c5ccccc5N(c5ccc6ccccc6c5)c5ccccc54)cc3)n2)cc1,0.0107,2.346
est-695,CC1(C)c2ccccc2N(c2nc(-c3ccccc3)nc3c(-c4ccccc4)cccc23)c2ccccc21,0.0402,2.466
est-696,CC1(C)c2ccc(N3c4ccccc4N(c4ccccc4)c4ccccc43)cc2-c2nc3ccccc3cc21,0.0263,2.65
est-697,N#Cc1c(-c2ccc(C(F)(F)F)cc2)c(-c2ccc(C(F)(F)F)cc2)c(C#N)c(-c2ccc(C(F)(F)F)cc2)c1-c1ccc(C(F)(F)F)cc1,0.7758,2.495
est-698,Cn1c2ccccc2c2cccc(N3c4ccccc4Sc4ccccc43)c21,0.4168,2.327
est-699,CC1(C)c2ccccc2N(c2ccc(N3c4ccccc4C(C)(C)c4ccccc43)c3nc4cc(C(F)(F)F)ccc4nc23)c2ccccc21,0.1475,2.994
est-700,CC1(C)c2ccccc2N(c2ccc3c(ccc4nc(C#N)c(C#N)nc43)c2)c2ccccc21,0.0046,2.77
est-701,Cc1ccc(N2c3ccccc3Oc3ccc(-c4cc(C#N)c(C#N)cc4C)cc32)cc1,0.1336,2.544
est-702,Cc1cc(-c2ncccn2)ccc1N1c2ccccc2C(c2ccccc2)(c2ccccc2)c2ccccc21,0.0318,2.499
est-703,CC(C)(C)c1ccc(-c2ccc3c(c2)C(=O)N(c2ccc(C(C)(C)C)cc2)C3=O)cc1,0.3774,2.122
est-704,Cc1ccc(C)c(N2c3ccccc3[Se]c3ccccc32)c1C#N,0.0223,2.875
est-705,COc1ccc(N(c2ccc(OC)cc2)c2ccc3c(c2)c(=O)c2cc(N(c4ccc(OC)cc4)c4ccc5cc(OC)ccc5c4)ccc2n3-c2ccccc2)cc1,0.4256,2.855
est-706,Cc1ccc(-c2ccncn2)c(-c2cc(C#N)ccc2N2c3ccccc3Oc3ccccc32)c1,0.1507,2.614
est-707,CC(C)(C(=O)c1ccc(N2c3ccccc3Sc3ccccc32)cc1)C(=O)c1ccc2ccccc2c1,0.0793,2.552
est-708,CCCCCCN1C(=O)c2cccc(-c3ccc4c(c3)N(CCC)c3ccccc3S4)c2C1=O,0.0681,2.509
est-709,Cc1cncc(C)c1N1c2ccccc2C(C)(C)c2ccccc21,0.192,2.355
est-710,c1ccc(-c2cc(-c3ccccc3)nc(Cc3ccccc3N3c4ccccc4Oc4ccccc43)n2)cc1,0.0159,2.409
est-711,c1ccc(-c2nc(-c3ccccc3)nc(-c3ccc4oc5ccc(N6c7ccccc7Oc7ccccc76)cc5c4c3)n2)cc1,0.0082,2.614
est-712,FC(F)(F)c1ccc(-c2cc3nc4cc(C(F)(F)F)cc(C(F)(F)F)c4nc3cc2-c2ccc(N(c3ccccc3)c3ccccc3)cc2)cc1,0.0733,2.902
est-713,CC1(C)c2ccccc2N(c2ccc(C(=O)c3ccc(Sc4ccc(N(c5ccccc5)c5ccccc5)cc4)cc3)cc2)c2ccccc21,0.2173,2.656
est-714,Cc1cc(N2c3ccccc3Sc3ccccc32)ccc1-c1nc(-c2ccc(C(F)(F)F)cc2)cc(-c2ccc(C(F)(F)F)cc2)n1,0.0002,2.819
est-715,O=C(c1cncnc1)c1cccc(N2c3ccccc3Oc3ccccc32)c1,0.0097,2.315
est-716,O=C(c1ccccc1)c1ccc2nc3cc(N4c5ccccc5Oc5ccccc54)ccc3nc2c1,0.0707,2.384
est-717,c1ccc2c(c1)N(c1ccc(-c3ccc4nccnc4c3)cc1)c1ccccc1N2c1ccc(-c2cncc3cccnc23)cc1,0.003,2.782
est-718,N#Cc1c(N2c3ccccc3Oc3ccccc32)cc2ccccc2c1-c1ccccc1,0.0381,2.388
est-719,N#Cc1ccc(N2c3ccccc3Oc3ccccc32)c(-c2cnc3ccccc3n2)c1,0.0586,2.454
est-720,Cc1cc(N2c3ccccc3Sc3ccccc32)c(C)cc1-c1cc(C(=O)c2ccccc2)c(C#N)cc1C,0.0056,2.693
est-721,CC1(C)c2ccccc2N(c2ccc(-c3nc4ccc(C#N)cc4nc3-c3ccccc3)cc2)c2ccccc21,0.0021,2.526
est-722,O=C(c1ccccc1)c1ccc(-n2c3ccccc3c3cc(-c4ccc5c(c4)c4ccccc4n5-c4cc(C(=O)c5ccccc5)ccc4-n4c5ccccc5c5ccccc54)ccc32)cc1,0.2453,2.927
est-723,CC1(C)c2ccccc2N(c2ccc(-c3nc(-c4cc(C(F)(F)F)cc(C(F)(F)F)c4)nc4ccccc34)cc2)c2ccccc21,0.0019,2.797
est-724,O=C(c1ccccc1)c1cc(Oc2ccc3cccc(N4c5ccccc5Oc5ccccc54)c3c2)cc(N2c3ccccc3Oc3ccccc32)c1,0.0744,2.924
est-725,c1ccc2c(c1)Oc1ccccc1N2c1ccc(-c2cc3ccc(-c4ccc(N5c6ccccc6Oc6ccccc65)cc4)nc3cn2)cc1,0.0104,2.757
est-726,CC1(C)c2ccccc2N(c2ccc3ncc(N4c5ccccc5C(C)(C)c5ccccc54)cc3c2)c2ccccc21,0.0366,2.625
est-727,COc1ccc2c(c1)c1cc(N(c3ccccc3)c3ccccc3)ccc1n2-c1cccc2c1C(=O)N(CCN1CCOCC1)C2=O,0.0619,2.811
est-728,O=C1c2ccccc2C(=O)c2c1cccc2S(=O)(=O)c1ccc(-c2ccc3c(c2)c2ccccc2n3-c2ccccc2)cc1,0.009,2.524
est-729,O=c1c2ccccc2n2c3ccc(N(c4ccccc4)c4ccccc4)cc3c3cccc1c32,0.2734,2.318
est-730,N#Cc1ccc(-c2cc(-n3c4ccccc4c4ccccc43)cc(-n3c4ccccc4c4ccccc43)c2)cc1,0.2117,2.24
est-731,Cc1cc(-c2ccccc2C#N)c(C)c(N2c3ccccc3Sc3ccccc32)c1C#N,0.0208,2.718
est-732,Cc1cc(-c2nc(-c3ccccc3)nc(-n3c4ccccc4c4ccccc43)n2)ccc1N1c2ccccc2Oc2ccccc21,0.0179,2.711
est-733,O=c1c2ccc(-n3c4ccccc4c4ccccc43)cc2oc2cc(-n3c4ccc(-c5ccccc5)cc4c4cc(-c5ccccc5)ccc43)ccc12,0.242,2.619
est-734,N#Cc1ccc(-c2ccncn2)cc1N1c2ccccc2C(c2ccccc2)(c2ccccc2)c2ccccc21,0.0488,2.691
est-735,N#CC(C#N)=C(c1ccc(-c2ccc(N(c3ccccc3)c3ccccc3)cc2)cc1)C1c2cccc(-c3ccc(N(c4ccccc4)c4ccccc4)cc3)c21,0.014,3.429
est-736,N#Cc1ccc2c(c1)c1ccccc1n2-c1ccccc1Cc1nc(-c2ccccc2)nc(-c2ccccc2)n1,0.2688,2.528
est-737,CCn1c2ccccc2c2cc(-c3ccc(-c4cccc5c4c4ccccc4n5C)c4nsnc34)ccc21,0.6486,2.705
est-738,c1ccc(-c2nc(-c3ccccc3-n3c4ccccc4c4ccccc43)nc(-c3ccccc3-n3c4ccccc4c4cc(-n5c6ccccc6c6ccccc65)ccc43)n2)cc1,0.0553,2.861
est-739,Fc1cc(C(F)(F)F)c(C(F)(F)F)cc1-c1ccc(N2c3ccccc3N(c3ccc(-c4ccc(C(F)(F)F)cc4)cc3)c3ccccc32)cc1,0.0316,2.735
est-740,c1ccc(-c2cc(-c3ccc(N4c5ccccc5Oc5ccccc54)cc3)nc(-c3ccccn3)c2)nc1,0.0798,2.496
est-742,O=Cc1ncccc1-c1ccc(N2c3ccccc3Oc3ccccc32)cc1,0.0125,2.368
est-743,O=C(c1ccc(N2c3ccccc3Oc3ccccc32)cc1)c1ccc(-n2c3ccccc3c3cc4c(cc32)N(c2ccccc2)c2ccccc2O4)cc1,0.0856,2.876
est-744,N#Cc1c(-c2ccccc2)cc(N2c3ccccc3N(c3ccccc3Oc3ccccc3)c3ccccc32)cc1-c1ccccc1,0.1066,2.538
est-745,O=C1c2ccccc2C(=O)c2ccc(N3c4ccccc4Sc4ccccc43)c3cccc1c23,0.0081,2.421
est-746,N#Cc1cc(-c2ccc(N3c4ccccc4Oc4ccccc43)cc2)cc(-c2ccc(C#N)nc2)c1,0.0013,2.601
est-747,N#Cc1cc2nc3c4ccccc4c4cnccc4c3nc2cc1C#N,0.6105,2.644
est-748,Cc1cccc(C)c1N1C(=O)c2cccc3cc(N4c5ccccc5Sc5ccccc54)cc(c23)C1=O,0.0143,2.62
est-749,N#Cc1nc2ccc(N3c4ccccc4N(c4ccccc4)c4ccccc43)cc2nc1-c1ccccc1,0.0508,2.541
est-750,CC1(C)c2ccccc2N(c2ccc(-n3c4ccccc4c4cc(-c5ccc(C#N)cc5)ccc43)cc2)c2ccccc21,0.2523,2.557
est-751,c1cncc(-c2cc(-c3ccc(N4c5ccccc5Oc5ccccc54)cc3)n3ncnc3n2)c1,0.0276,2.604
est-752,N#Cc1ccc(-c2cc(-n3c4ccccc4c4ccccc43)c(C#N)c(-n3c4ccccc4c4ccccc43)c2)cc1,0.1563,2.479
est-753,FC(F)(F)c1ccc2c(c1)c1cc(N3c4ccccc4Oc4ccccc43)ccc1n2Cc1ccccc1,0.1675,2.451
est-754,CC1(C)c2cc(-c3ccccc3)ccc2N(c2cc(-c3ccccc3)ccn2)c2ccc(-c3ccccc3)cc21,0.0677,2.326
est-755,Cc1ccc(-c2ccncn2)c(-c2cc(C#N)ccc2C#N)c1,0.7576,2.418
est-756,N#Cc1c(-c2ccccc2)c(-c2ccccc2)cc(N2c3ccccc3N(c3ccccc3)c3ccccc32)c1-c1ccccc1,0.0813,2.489
est-757,Cc1ccnc2c(N3c4ccccc4C(C)(C)c4ccccc43)ccnc12,0.0332,2.476
est-758,N#Cc1ccnc(N2c3ccccc3C(N3c4ccccc4Oc4ccccc43)c3ccccc32)c1,0.1962,2.762
est-759,CC1(C)c2ccccc2N(c2ccc(-c3ccccc3C(F)(F)F)c(C(F)(F)F)c2)c2ccccc21,0.0589,2.512
est-760,c1ccc2c(c1)Oc1ccccc1N2c1ccc2ncc(N3c4ccccc4Oc4ccccc43)nc2c1,0.0615,2.654
est-761,c1ccc(N(c2ccccc2)c2ccc3cc(N(c4ccccc4)c4ccc(N(c5ccccc5)c5ccc6ncccc6c5)cc4)ccc3c2)cc1,0.4539,2.455
est-762,O=c1c2ccccc2sc2cc(N3c4ccccc4N(c4ccccc4)c4ccccc43)ccc12,0.0262,2.346
est-763,FC(F)(F)c1ccccc1-c1cccc(N2c3ccccc3C3(c4ccccc4-c4ccccc43)c3ccccc32)c1,0.4621,2.93
est-764,CC1(C)c2ccccc2N(c2ccc(-c3ncnc4c3sc3ccccc34)cc2)c2ccccc21,0.0045,2.528
est-765,CC1(C)c2ccccc2N(c2ccc(-c3nc(-c4ccccc4)nc(-c4ccccc4)n3)cc2)c2ccc3c(oc4ccccc43)c21,0.0061,2.798
est-766,Cc1cc(N2c3ccccc3N(c3ccccc3)c3ccccc32)cc(C#N)c1-c1ccc(C#N)cc1,0.0293,2.552
est-767,c1ccc(-c2nc3cc(N4c5ccccc5Oc5ccccc54)ccc3cc2-c2ccc(N3c4ccccc4Oc4ccccc43)cc2)cc1,0.0903,2.713
est-768,N#Cc1cc(C#N)cc(-c2ncc3c(N4c5ccccc5Oc5ccccc54)cccc3n2)c1,0.0277,2.674
est-769,O=c1c2ccccc2c2cc(N3c4ccccc4Oc4ccccc43)ccc2n1-c1ccccc1,0.0807,2.271
est-771,N#Cc1ccccc1-c1cc(C#N)c(N2c3ccccc3Sc3ccccc32)cc1C#N,0.0191,2.723
est-772,N#Cc1c(-c2ccc(N3c4ccccc4Oc4ccccc43)cc2)cccc1N1c2ccccc2Oc2ccccc21,0.0231,2.578
est-773,Cc1cc2cc(N3c4ccccc4Oc4ccccc43)cc(C)c2cc1N1c2ccccc2Oc2ccccc21,0.1596,2.621
est-774,N#Cc1cc(-c2ccc(-n3c4ccccc4c4ccccc43)cc2)ccc1N1c2ccccc2Oc2ccccc21,0.0226,2.524
est-775,Cc1cccc(N2c3ccc(C)cc3N(c3ccc4c5ccccc5n(-c5ccccc5)c4c3)c3ccc(C)cc32)c1,0.8952,2.506
est-776,c1ccc(-c2ncc(N3c4ccccc4N(c4ccccc4)c4ccccc43)nc2-c2ccccc2)cc1,0.0826,2.276
est-777,CC1(C)c2ccccc2N(c2ccnc3nc4c(nc23)-c2ccccc2C4(C)C)c2ccccc21,0.061,2.891
est-778,FC(F)(F)c1cc(Cc2nc(-c3ccccc3)nc(-c3ccccc3-n3c4ccccc4c4ccccc43)n2)cc(C(F)(F)F)c1,0.0411,2.784
est-779,O=C(C=C(c1ccc(N2c3ccccc3Oc3ccccc32)cc1)c1ccc(N2c3ccccc3Oc3ccccc32)s1)c1ccc(N2c3ccccc3Oc3ccccc32)cc1,0.1144,3.285
est-780,CC1(C)c2ccccc2N(c2ccc3c(c2)c2cc(N4c5ccccc5C(C)(C)c5ccccc54)ccc2n3-c2ccccc2)c2ccccc21,0.0707,2.64
est-781,CCOC(=O)c1ccc2c(N3c4ccccc4Oc4ccccc43)cccc2c1,0.0177,2.139
est-782,CC1(C)c2ccccc2N(c2cccc(-c3cc(C(F)(F)F)cc(C(F)(F)F)c3)c2C#N)c2ccccc21,0.0193,2.723
est-783,O=C(c1ccccc1)c1ccc(-n2c3ccccc3c3c2c2c4ccccc4n(-c4ccccn4)c2c2c4ccccc4n(-c4ccccc4)c32)cc1,0.2282,2.852
est-784,c1ccc(-c2cc(-n3c4ccccc4c4ccccc43)nc(-c3ccc(N4c5ccccc5Oc5ccccc54)cc3)n2)cc1,0.0533,2.604
est-785,Cc1cc(-c2c(C)cc(N3c4ccccc4Oc4ccccc43)cc2C)c(C#N)cc1C(=O)c1ccccc1,0.0003,2.659
est-786,Cc1cc(-c2ccccc2)cc(C#N)c1N1c2ccccc2Oc2ccccc21,0.024,2.315
est-787,O=C1c2cc(-n3c4ccccc4c4ccccc43)c(-n3c4ccccc4c4ccccc43)cc2C(=S)N1C1CCCCC1,0.2311,2.79
est-789,c1ccc(N2c3ccccc3N(c3ccc(-c4ccc5ccc(-c6ccc(N7c8ccccc8N(c8ccccc8)c8ccccc87)cc6)nc5n4)cc3)c3ccccc32)cc1,0.0045,2.7
est-790,CC1(C)c2ccccc2N(c2ccc(-c3ccncc3-c3ccc(C#N)cc3)cc2)c2ccccc21,0.0055,2.417
est-791,Cc1cc(N(c2ccccc2)c2ccccc2)ccc1-c1cc(-c2ccc(N(c3ccccc3)c3ccccc3)cc2)c(C#N)cc1C#N,0.1397,2.63
est-792,CC1(C)c2cc(Br)ccc2N(c2ccc(C(=O)c3ccc(-n4c5ccc(Br)cc5c5cc(Br)ccc54)cc3)cc2)c2ccc(Br)cc21,0.0112,2.788
est-793,N#Cc1ccc(-c2ccncc2)cc1-c1ccc(N2c3ccccc3Oc3ccccc32)cc1,0.0137,2.377
est-794,c1ccc(-c2nc(-c3ccccc3)nc(-c3cc(-n4c5ccccc5c5ccccc54)cc(-n4c5ccccc5c5cc(-n6c7ccccc7c7ccccc76)ccc54)c3)n2)cc1,0.113,2.774
est-795,c1ccc2c(c1)N(c1ccc(-c3nnns3)cc1)c1ccccc1N2c1ccc(-c2cccc3ccccc23)cc1,0.0403,2.679
est-796,CC(C)(C)c1ccc2c(c1)c1cc(C(C)(C)C)ccc1n2-c1ccc(C(=O)c2ccc(C#N)cc2)cc1,0.2722,2.437
est-797,O=Cc1ccnc(N2c3ccccc3C(c3ccccc3)(c3ccccc3)c3ccccc32)c1,0.0597,2.497
est-798,O=C(c1ccc(N(c2ccccc2)c2ccccc2)cc1)c1ccc2c(c1)c1cc(N(c3ccccc3)c3ccccc3)ccc1n2-c1ccccc1,0.3418,2.504
est-799,Cn1c2ccccc2c2nc(-c3ccc(C(F)(F)F)cc3)nc(-c3ccc(N4c5ccccc5Sc5ccccc54)cc3)c21,0.1343,2.784
est-800,Cc1ccc2c(c1)c(=O)c1cc(C(C)(C)C)ccc1n2-c1ccc(C(=O)c2ccc(-n3c4ccc(C(C)(C)C)cc4c4cc(C(C)(C)C)ccc43)cc2)cc1,0.4139,2.845
est-801,N#Cc1cc(C(=O)c2ccncc2)c(-n2c3ccccc3c3ccccc32)cc1-n1c2ccccc2c2ccccc21,0.2368,2.669
est-802,CC1(C)C(=O)C(=O)c2c3ccc(N4c5ccccc5Oc5ccccc54)c-3cccc21,0.0174,2.636
est-803,COc1ccc(N2c3ccccc3Sc3c(-c4ccc(C#N)cc4)cccc32)cc1,0.2466,2.321
est-804,c1cnc(-c2nc(-c3ccc(N4c5ccccc5Oc5ccccc54)cc3)cc(-c3cccnc3)n2)nc1,0.025,2.604
est-805,O=C1C(=O)c2cc(-c3ccc(N(c4ccccc4)c4ccccc4)cc3)c(-c3ccc(N(c4ccccc4)c4ccccc4)cc3)c3cccc1c23,0.2875,2.586
est-806,c1cncc(-c2nc(-c3ccc(N4c5ccccc5Oc5ccccc54)cc3)cc(-c3ccc(N4c5ccccc5Oc5ccccc54)cc3)n2)c1,0.0259,2.77
est-807,c1ccc2c(c1)Oc1ccccc1N2c1cc(-c2ccc3ncccc3n2)cc(N2c3ccccc3Oc3ccccc32)c1,0.029,2.728
est-808,N#Cc1cccc(O)c1Cc1c(C#N)c(-c2ccccc2)nc(-c2ccccc2)c1N1c2ccccc2Oc2ccccc21,0.0371,2.97
est-810,N#Cc1cc(-c2ccc(N3c4ccccc4Oc4ccccc43)cc2)nc2ncccc12,0.008,2.485
est-811,c1ccc2c(c1)Oc1ccccc1N2c1ccc(-c2ncc(-c3cnc(-c4ccc(N5c6ccccc6Oc6ccccc65)cc4)nc3)cn2)cc1,0.0429,2.635
est-812,O=Cc1ccncc1-c1ccc(N2c3ccccc3Oc3ccccc32)cn1,0.0162,2.531
est-814,FC(F)(F)c1ccc(-c2ccc(-c3ccc(N(c4ccccc4)c4ccccc4)cc3)c3nsnc23)cc1,0.317,2.443
est-815,c1cncc(-c2cc(-c3ccc(N4c5ccccc5Oc5ccccc54)cc3)nc3ncnn23)c1,0.0182,2.608
est-816,N#Cc1cc2ccc(N3c4ccccc4Oc4ccccc43)cc2cc1N1c2ccccc2Oc2ccccc21,0.0359,2.698
est-817,c1ccc2c(c1)N(c1ccc(-c3cnc4ncccc4c3)cc1)c1ccccc1N2c1ccc(-c2ccc3nccnc3c2)cc1,0.002,2.723
est-818,CCCCCCN1C(=O)c2cccc3cccc(c23)-c2nc(-c3ccc(N4c5ccccc5Oc5ccccc54)cc3)cnc21,0.3355,2.854
est-819,O=C(c1ccc(N2c3ccccc3Sc3ccccc32)cc1)c1cccc(-n2c3ccccc3c3cccnc32)c1,0.0106,2.543
est-820,O=C1c2ccccc2C(=O)c2c1cc1c3ccccc3n(-c3ccc(-n4c5ccccc5c5ccccc54)cc3)c1c2-c1ccc(-n2c3ccccc3c3ccccc32)cc1,0.084,2.814
est-821,N#Cc1c(-c2ccccc2)cc(N2c3ccccc3Oc3ccccc32)cc1-c1ccc2ccccc2c1,0.1183,2.458
est-822,O=C(c1ccc(-n2c3ccccc3c3ccccc32)cc1)c1ccc(-n2c3ccc(-c4ccc(-n5c6ccccc6c6ccccc65)cc4)cc3c3cc(-c4ccc5c(c4)c4ccccc4n5-c4ccccc4)ccc32)cc1,0.2608,3.076
est-823,c1ccc(Oc2ccc(Oc3cccc4c3c3ccccc3n4-c3ccccc3-c3nc(-c4ccccc4)nc(-c4ccccc4)n3)cc2)cc1,0.0418,2.628
est-824,CN(c1ccccc1)c1ccc2c(c1)C(C)(C)c1cc(-c3nc(-c4ccccc4)nc(-c4ccccc4)n3)ccc1-2,0.5371,2.492
est-825,N#Cc1ccc(-c2cc(-c3ccccc3)cc(-n3c4ccccc4c4ccccc43)c2-c2ccc(C#N)cc2C#N)cc1,0.0512,2.726
est-826,CC1(C)c2ccccc2-c2ccc(N3c4ccccc4Sc4ccccc43)cc21,0.2506,2.289
est-827,c1ccc(-c2ccc3c(c2)c2cc(-c4ccccc4)ccc2n3-c2ccc(-c3nc(-c4ccccc4)nc(-n4c5ccccc5c5cc(-c6ccccc6)ccc54)n3)cc2)cc1,0.2914,2.703
est-828,O=c1c2ccc(-c3ccc(N(c4ccccc4)c4ccccc4)cc3)c3c(cccc13)-c1nc3ccccc3nc1-c1cccc3cccc-2c13,0.0566,4.174
est-829,O=S1(=O)c2ccccc2N1Cn1c2ccccc2c2ccccc21,0.6071,2.392
est-830,CC1(C)c2ccccc2N(c2ccc3nc4nc(N5c6ccccc6C(C)(C)c6ccccc65)ccc4nc3c2)c2ccccc21,0.0145,2.894
est-831,Cc1ccc2c(c1)c1cc(N3c4ccccc4Oc4ccccc43)c(C)cc1n2-c1ccc(-c2ncccn2)cc1,0.1099,2.67
est-832,Cc1nc(C)c2ccc(C(=O)c3ccccc3)cc2c1N1c2ccccc2Oc2ccccc21,0.0162,2.47
est-833,c1ccc2c(c1)Oc1ccccc1N2c1ccc2c3ccccc3c3ncc(N4c5ccccc5Oc5ccccc54)cc3c2c1,0.0836,2.72
est-834,CC1(C)c2ccccc2N(c2ccccc2S(=O)(=O)c2ccccc2)c2cc(-c3ccccc3)ccc21,0.2013,2.387
est-835,O=C(c1ccc(-c2ccc(N(c3ccccc3)c3ccccc3)cc2)cc1)c1ccc(-c2ccc(N(c3ccccc3)c3ccccc3)cc2)cc1,0.2532,2.038
est-836,c1ccc(N2c3ccccc3N(c3ccc(-c4nc5ncccc5nc4-c4cccnc4)cc3)c3ccccc32)cc1,0.0019,2.638
est-837,c1ccc(-c2ccc(N3c4ccccc4N(c4ccc(-c5ccc6ccccc6n5)cc4)c4ccccc43)cc2)cc1,0.0098,2.184
est-838,Cc1cc(N2c3ccccc3Oc3ccccc32)c(-c2ccc(C#N)cc2)cc1C#N,0.1034,2.499
est-839,N#Cc1ccc(-n2c3ccccc3c3ccccc32)c(-c2cccc(-n3c4ccccc4c4ccccc43)c2C#N)c1,0.1945,2.566
est-840,c1ccc(N(c2ccccc2)c2ccc(-c3ccc4c(ccc5nc6cc(-c7ccc(N(c8ccccc8)c8ccccc8)cc7)ccc6nc54)c3)cc2)cc1,0.2291,2.623
est-841,CC1(C)c2ccccc2N(c2ccc3c(=O)c4cccc(N5c6ccccc6C(C)(C)c6ccccc65)c4oc3c2)c2ccccc21,0.0728,2.883
est-842,COC(=O)C(=Cc1ccc(N2c3ccccc3Sc3ccccc32)cc1)c1ccc(N2C(=O)c3ccccc3C2=O)cc1,0.0,2.653
est-843,CC1(C)c2ccccc2N(c2ccc(Cc3cc(C(F)(F)F)cc(C(F)(F)F)c3)cc2)c2ccccc21,0.1381,2.502
est-844,CC(C)(C)c1ccc(-c2ccc3c(c2)C(C)(C)c2cc(-c4ccc(C(C)(C)C)cc4)ccc2N3c2ccc(-c3nc(-c4ccccc4)nc(-c4ccccc4)n3)cc2)cc1,0.0085,2.864
est-845,O=C(c1ccccc1)c1ccccc1-c1ccccc1C(=O)c1ccc(N2c3ccccc3Oc3ccccc32)cc1,0.1096,2.284
est-846,N#Cc1ccccc1-c1cnc2ccc(N3c4ccccc4Oc4ccccc43)nc2c1,0.0455,2.491
est-847,O=C(c1ccccc1)c1ccc2c(c1)N(c1ccccc1)c1ccccc1O2,0.4625,2.0
est-848,Cc1cc(-c2ccc(N3c4ccccc4Sc4ccccc43)cc2)cc(C)c1C(=O)c1ccc(N2c3ccccc3Sc3ccccc32)cc1,0.0129,2.732
est-849,O=S(=O)(c1ccc(N2c3ccccc3Oc3ccccc32)cc1)c1ccc(-n2c3ccccc3c3cc(-c4cccnc4)ccc32)cc1,0.1266,2.722
est-850,c1ccc(-c2ccnc(-c3ccc(N4c5ccccc5N(c5ccc(-c6ccccc6-c6ccccc6)nc5)c5ccccc54)cc3)c2)cc1,0.14,2.595
est-851,c1ccc(N(c2ccccc2)c2ccc3c(c2)c2cc(N(c4ccccc4)c4ccccc4)ccc2n3-c2ncc3ccccc3n2)cc1,0.2277,2.634
est-852,Cc1cc(C)cc(N(c2ccc(C)c(C)c2)c2ccc3c(c2)c2cc(-c4ccccc4)ccc2n3-c2ccccc2)c1,0.3661,2.483
est-853,Cn1c2ccccc2c2ncc(N3c4ccccc4C(C)(C)c4ccccc43)cc21,0.0385,2.455
est-854,CC(C)(C)c1ccc(C(=O)c2ccc3c(c2)c2cc(C(C)(C)C)ccc2n3-c2ccc(-n3c4ccc(C(C)(C)C)cc4c4cc(C(C)(C)C)ccc43)cc2)cc1,0.4947,2.779
est-855,CC1(C)c2ccccc2N(c2ccc3c(=O)ocnc3c2)c2ccccc21,0.015,2.466
est-856,CC(C)(C)c1ccc2c(c1)c1cc(C(C)(C)C)cc3c(=O)c4cc(N(c5ccccc5)c5ccccc5)ccc4n2c31,0.3416,2.757
est-857,O=C(c1ccccc1)c1cc(Oc2ccc(N3c4ccccc4Oc4ccccc43)cc2)ncn1,0.0117,2.413
est-858,CC1(C)c2ccccc2N(c2ccc(-c3nc(-c4ccccc4)cc(-c4ccccc4)n3)cc2F)c2ccccc21,0.0187,2.475
est-859,O=C(c1ccc(N2c3ccccc3Oc3ccccc32)cc1)c1ncccc1-c1ccc(N2c3ccccc3Oc3ccccc32)cc1,0.0677,2.719
est-862,CC1(C)c2ccccc2N(c2ccc(N3C(=O)c4ccccc4S(=O)(=O)c4ccccc43)cc2)c2ccccc21,0.0041,2.614
est-863,c1ccc2c(c1)Oc1ccccc1N2c1ccc(-c2cnc3nc(-c4ccc(N5c6ccccc6Oc6ccccc65)cc4)cnc3c2)cc1,0.0128,2.838
est-864,O=C(c1ccc(N2c3ccccc3Sc3ccccc32)cc1)N1C(=O)c2ccccc2C1c1ccccc1,0.2144,2.909
est-865,N#Cc1cc(C#N)c(-c2ccccc2-c2ccc(N(c3ccccc3)c3ccccc3)cc2)c(-c2ccccc2)c1,0.0247,2.421
est-866,c1ccc2c(c1)Oc1ccccc1N2c1cc2nc3c4ccccc4c4ccccc4c3nc2cc1-n1c2ccccc2c2ccccc21,0.0253,2.731
est-867,c1ccc2c(c1)Sc1ccccc1N2c1cc2ncccc2c(N2c3ccccc3Sc3ccccc32)n1,0.052,2.846
est-868,CC1(C)c2ccccc2N(c2ccc3c4c(ccc(O)c24)C(=O)N(CCCN2CCOCC2)C3=O)c2ccccc21,0.0187,2.811
est-869,N#Cc1cc(-c2ccccc2)cc(C#N)c1-c1c(-n2c3ccccc3c3ccccc32)cccc1-n1c2ccccc2c2ccccc21,0.0626,2.647
est-870,O=C(C(O)=Cc1ccc(N(c2ccccc2)c2ccccc2)cc1)c1ccc(N(c2ccccc2)c2ccccc2)cc1,0.5161,2.303
est-871,N#Cc1c(F)c(F)c(N2c3ccccc3Oc3ccccc32)c(F)c1-c1ccc(F)cc1,0.0501,2.663
est-872,FC(F)(F)c1ccnc(N2c3ccccc3Sc3ccccc32)c1,0.0326,2.344
est-873,CC(C)(C)N1C(=O)c2cc(-n3c4ccccc4c4ccccc43)c(-n3c4ccccc4c4ccccc43)cc2C1=O,0.1598,2.521
est-874,CC1(C)c2ccccc2N(c2ccc(C(=O)c3ccc(N4c5ccccc5Oc5ccccc54)cc3)cc2)c2ccccc21,0.0623,2.47
est-875,O=S(=O)(c1ccccc1)c1cc(-n2c3ccc(-c4ccccc4)cc3c3cc(-c4ccccc4)ccc32)cc(-n2c3ccc(-c4ccccc4)cc3c3cc(-c4ccccc4)ccc32)c1,0.2174,2.743
est-876,CC1(C)c2ccccc2N(c2cc3ccccc3c3c2C(=O)c2ccccc2-3)c2ccccc21,0.0087,2.451
est-877,CC1(C)c2ccccc2N(c2ccc(C(=O)c3ccc(-n4c5ccccc5c5c6ccccc6ccc54)cc3)cc2)c2ccccc21,0.0878,2.637
est-878,C1=C(N2c3ccccc3Oc3ccccc32)CCC1,0.7371,2.43
est-879,O=C(c1ccccc1)c1ccc(-n2c3ccccc3c3cc(-c4ccc5c(c4)c4cc(-c6ccccc6)ccc4n5-c4ccc(C(=O)c5ccccc5)cc4)ccc32)cc1,0.3268,2.562
est-880,CC1(C)c2ccccc2N(c2ccc3nc4c(ccc5ccncc54)nc3c2)c2ccccc21,0.0157,2.577
est-881,COc1ccc(-c2ccc(N3c4ccccc4Oc4ccccc43)cc2C(=O)c2ccc(-c3ccc(N4c5ccccc5Oc5ccccc54)cc3)cc2)cc1,0.0419,2.844
est-882,Cc1cc(=O)c2cc(N3c4ccccc4Oc4ccccc43)c(-c3ccccc3)cc2o1,0.1075,2.46
est-883,c1ccc(N2c3ccccc3N(c3ccc(-c4ccc5nc6c7ccccc7c7ccccc7c6nc5c4)cc3)c3ccccc32)cc1,0.0012,2.471
est-884,O=C(c1ccccc1)c1ccccc1-n1c2ccccc2c2c1ccc1c3ccccc3n(-c3ccccc3)c12,0.1243,2.395
est-885,Fc1cccc2nc(-c3ccccc3)nc(-c3ccc4c(c3)N(c3ccccc3)c3ccccc3C4(c3ccccc3)c3ccccc3)c12,0.4049,2.802
est-886,CCCCn1c(=O)c2c(c3cccc(-c4ccc(N(c5ccccc5)c5ccccc5)cc4)c31)-c1ccccc1C(=O)C2=O,0.0792,2.729
est-887,CC(C)(C)c1nc(-c2ccc(-n3c4ccccc4c4ccccc43)c(C(F)(F)F)c2)nc(C(C)(C)C)n1,0.2221,2.695
est-888,N#Cc1cccc(C#N)c1-c1ccc(N2c3ccccc3N(c3cccc4cnccc34)c3ccccc32)cc1,0.0023,2.735
est-889,O=S(=O)(c1ccc(C(F)(F)F)cc1)c1ccccc1-n1c2ccccc2c2ccccc21,0.2284,2.199
est-890,CC1(C)c2ccccc2N(c2cc(C#N)cc(C#N)c2)c2ccccc21,0.0379,2.428
est-891,c1ccc2c(c1)Oc1ccccc1N2c1ccc2c(ccc3nc4ccc(N5c6ccccc6Oc6ccccc65)nc4nc32)c1,0.0611,2.997
est-892,O=S(=O)(c1ccc(N2CCCc3ccccc32)cc1)c1ccc(N2c3ccccc3CCc3ccccc32)cc1,0.195,2.382
est-893,FC(F)(F)c1ccc(-c2ccc3c(c2)c2ccccc2n3-c2ccccc2-c2nc(-c3ccccc3)nc(-c3ccccc3)n2)cc1,0.0838,2.583
est-894,CC1(C)c2ccccc2N(c2ccc3ccc4ncccc4c3c2N2c3ccccc3C(C)(C)c3ccccc32)c2ccccc21,0.1679,2.857
est-895,COc1ccc(N2c3ccccc3Oc3ccccc32)cc1-c1nnc(-c2ccc(N3c4ccccc4Oc4ccccc43)cc2)o1,0.0913,2.777
est-896,O=C(c1ccccc1)c1ccccc1-c1ccccc1-n1c2ccccc2c2cc(-c3cccc4c3Oc3ccccc3N4c3ccccc3)ccc21,0.027,2.859
est-897,c1ccc2c(c1)c1ccccc1n2-c1ccc2nc3c4ccc(-n5c6ccccc6c6ccccc65)cc4c4cc(-n5c6ccccc6c6ccccc65)ccc4c3nc2c1,0.3817,2.756
est-898,O=C(c1ccccc1)c1ccc2ccc(N3c4ccccc4Sc4ccccc43)cc2n1,0.0144,2.306
est-899,c1ccc(-c2cc(-c3ccc(N4c5ccccc5N(c5ccc(-c6ccc7nc(-c8ccccc8)ccc7c6)cc5)c5ccccc54)cc3)nc(-c3ccccc3)n2)cc1,0.0321,2.733
est-900,FC(F)(F)c1c(-c2ccc(N(c3ccccc3)c3ccccc3)cc2)cncc1-c1ccc(N(c2ccccc2)c2ccccc2)cc1,0.1911,2.444
est-901,O=C1c2ccccc2-c2cc(N3c4ccccc4Sc4ccccc43)ccc2S1(=O)=O,0.0042,2.709
est-902,COc1ccc(N2c3ccccc3Oc3cc(-c4ccc(-c5ccc(C#N)cc5)cc4C#N)ccc32)cc1,0.1831,2.5
est-903,CC1(C)c2ccccc2N(c2ccc(-c3ccn4ccnc4c3)cc2C#N)c2ccccc21,0.0245,2.732
est-904,Cc1ccc2c(c1)c1cc(C)cc(C)c1n2-c1cc(-c2ccccc2)cc(-c2nc(-c3ccccc3)nc(-c3ccccc3)n2)c1,0.1346,2.638
est-905,O=S(=O)(c1ccc(N2c3ccccc3Sc3ccccc32)cc1)c1ccc(N2c3ccccc3Sc3ccccc32)nc1,0.0209,2.699
est-906,Cc1cc(-c2nc(-c3ccccc3)nc(-c3ccccc3)n2)cc(-c2c(-n3c4ccccc4c4ccccc43)cccc2-n2c3ccccc3c3ccccc32)c1,0.2605,2.731
est-907,N#Cc1cc(-c2cccc(Cn3c4ccccc4c4ccccc43)c2)c(-n2c3ccccc3c3ccccc32)cc1C#N,0.2213,2.659
est-908,Cc1ccc2c(c1)c1cc(N3c4ccccc4Oc4ccccc43)ccc1n2-c1ccc(C(=O)c2ccccc2)cn1,0.0061,2.608
est-909,CC1(C)c2ccccc2N(c2cc(-c3ccncc3)cc(-c3ncccn3)c2)c2ccccc21,0.0295,2.514
est-910,COC(=O)c1ccc(C)cc1-c1ccc(C#N)cc1-c1ccc(N(c2ccc(OC)cc2)c2ccc(OC)cc2)cc1,0.1012,2.483
est-911,O=C(c1ccccc1)c1ccc2c(ccc3nc4ccc(N5c6ccccc6N(c6ccccc6)c6ccccc65)nc4nc32)c1,0.0338,2.827
est-912,c1ccc(N2c3ccccc3N(c3ccc(-c4cc5ccccc5cc4-c4ccc(N5c6ccccc6Oc6ccccc65)cc4)cc3)c3ccccc32)cc1,0.1982,2.575
est-913,O=S(=O)(c1ccccc1)c1ccc(-c2cc(F)c(N3c4ccccc4Oc4ccccc43)c(F)c2)c(F)c1,0.0493,2.544
est-914,O=C1c2ccccc2-c2ccc(N3c4ccccc4Oc4ccccc43)c3c(-c4ccccc4)ccc1c23,0.03,2.493
est-915,O=C(C(=O)c1ccc(-n2c3ccccc3c3ccccc32)cc1)c1ccc(N2c3ccccc3Oc3ccccc32)cc1,0.0551,2.406
est-916,N#Cc1ccc(-n2c3ccccc3c3c4ccccc4n(-c4ccccc4)c32)c(C(F)(F)F)c1,0.0864,2.557
est-917,CC(C)(C)c1ccc2c(c1)c1cc(C(C)(C)C)ccc1n2-c1ccccc1-c1ccc(-c2nc(-c3ccccc3)nc(-c3ccccc3)n2)cc1,0.0828,2.643
est-918,O=c1c2ccccc2n2c3c(cccc13)N(c1ccccc1)c1c(-c3ccccc3)cccc1-2,0.5553,2.396
est-919,FC(F)(F)c1cc(-c2cncnc2)c(-c2ccc(N(c3ccccc3)c3ccccc3)cc2)cc1-c1ccc(N(c2ccccc2)c2ccccc2)cc1,0.2195,2.71
est-920,Cc1ccc(N(c2ccccc2)c2ccc3c4ccc(C)cc4n(-c4ccc(-c5ncccn5)cc4)c3c2)cc1,0.0774,2.495
est-921,Cc1cc(N2c3ccccc3Oc3ccccc32)ccc1-c1cc(-c2cc(C#N)ccc2C#N)ccn1,0.0001,2.664
est-922,CN1c2ccccc2C(C)(C)c2cc(N3c4ccccc4C(c4ccccc4)(c4ccccc4)c4ccccc43)ccc21,0.6997,2.556
est-923,Cn1c2ccccc2c2cc(C(=O)c3ccc(N4c5ccccc5C(C)(C)c5ccccc54)cc3)ccc21,0.1003,2.41
est-924,N#Cc1cc2nc3c4ccc(-c5ccc(N(c6ccccc6)c6ccccc6)cc5)cc4c4c(C#N)cccc4c3nc2cc1C#N,0.0651,2.995
est-925,N#Cc1ccc(C#N)c2nc(C(=O)c3ccc(N4c5ccccc5Oc5ccccc54)cc3)cnc12,0.0084,2.782
est-926,CC1(C)c2ccccc2N(c2ccccc2Sc2ccc(-c3nc(-c4ccccc4)nc(-c4ccccc4)n3)cc2)c2ccccc21,0.0492,2.596
est-927,CC1(C)c2ccccc2N(c2ccc(-c3ccc(C(=O)c4ccc(-n5c6ccccc6c6ccccc65)cc4)cc3)cc2)c2ccccc21,0.0245,2.5
est-928,CC1(C)c2ccccc2N(c2ccc(-c3ccc(-c4cnc(-c5ccc(N6c7ccccc7C(C)(C)c7ccccc76)cc5)nc4)cn3)cc2)c2ccccc21,0.0079,2.849
est-929,c1ccc(-c2nc(-c3ccccc3)nc(-c3cccc(-c4ccccc4N4c5ccccc5Sc5ccccc54)c3)n2)cc1,0.0431,2.402
est-930,CC(C)(C)c1ccc2c(c1)C(=O)c1cc(-c3ccc(-n4c5ccccc5c5ccccc54)cc3)ccc1C2=O,0.0648,2.383
est-932,N#Cc1cc(-c2ccccn2)nc(-n2c3ccccc3c3ccccc32)c1-n1c2ccccc2c2ccccc21,0.1756,2.697
est-933,CCCN1c2ccccc2Sc2c(-c3ccc(-c4nc(-c5ccccc5)nc(-c5ccccc5)n4)cc3)cccc21,0.0139,2.552
est-934,CCCCCCN1c2ccccc2OC(=O)c2nc(N3c4ccccc4Oc4ccccc43)ccc21,0.0566,2.735
est-935,Cc1ccc2c(c1)c1cc(C)ccc1n2-c1ncnc(-n2c3ccc(C)cc3c3cc(C)ccc32)c1C#N,0.32,2.674
est-936,CC1(C)c2ccccc2N(c2ccccc2Cc2cc(-c3ccc(C#N)cc3)ncn2)c2ccccc21,0.019,2.622
est-937,c1ccc(-c2ccc3cc(N4c5ccccc5N(c5ccccc5)c5ccccc54)ccc3n2)cc1,0.0415,2.195
est-938,Cn1c2ccc(N3c4ccccc4Oc4ccccc43)cc2c2cc(C(C)(C)C)ccc21,0.3153,2.406
est-939,O=C1c2cccc(-c3c(-n4c5ccccc5c5ccccc54)cccc3-n3c4ccccc4c4ccccc43)c2C(=O)N1C1CCCCC1,0.0985,2.75
est-940,Brc1ccc(N2CCc3ccccc32)c2nsnc12,0.7846,2.592
est-941,N#Cc1cccc(-c2cc(-n3c4ccccc4c4ccccc43)c(C#N)c(-n3c4ccccc4c4ccccc43)c2)c1,0.1674,2.545
est-942,N#Cc1cc2nc(-c3ccc(-c4ccc(N(c5ccccc5)c5ccccc5)cc4)cc3)c(-c3ccc(-c4ccc(N(c5ccccc5)c5ccccc5)cc4)cc3)nc2cc1C#N,0.0138,2.795
est-943,Cc1cccc(N(c2ccccc2)c2ccccc2)c1-c1c(C#N)c(-c2ccccc2)nc2c(C#N)cccc12,0.0315,2.71
est-944,CCCCCCN1C(=O)c2ccc(-c3cccc(-n4c5ccccc5c5ccccc54)c3)c3c(-n4c5ccccc5c5ccccc54)ccc(c23)C1=O,0.362,2.92
est-945,c1ccc(-c2cc3nc4c5ccccc5c5ccccc5c4nc3cc2-c2ccc(N3c4ccccc4N(c4ccccc4)c4ccccc43)cc2)cc1,0.001,2.611
est-946,N#Cc1ccc(-c2ccc3c4ccc(-c5cccnc5)cc4c4cc(-c5cnc(C#N)nc5)ccc4c3c2)cc1,0.65,2.707
est-947,N#CC(C#N)=C(c1ccc(-c2ccc(N(c3ccccc3)c3ccccc3)cc2)cc1)c1ccc(N2c3ccccc3N(c3ccccc3)c3ccccc32)cc1,0.0081,2.808
est-948,N#Cc1ccc(-c2cc(-c3ccc(N4c5ccccc5C(c5ccccc5)(c5ccccc5)c5ccccc54)cc3)c(C#N)cn2)cc1,0.0013,2.834
est-949,Cc1ccc(-c2ccccc2Cn2c3ccccc3c3ccccc32)cc1-c1nc(-c2ccccc2)nc(-c2ccccc2)n1,0.0464,2.474
est-950,N#Cc1cc(-c2cnccc2-c2ccc(N(c3ccccc3)c3ccccc3)cc2)cc(-c2cccnc2)c1C#N,0.0295,2.703
est-951,c1ccc2c(c1)Oc1ccccc1N2c1cc2ccccc2c2nc3ccsc3nc12,0.0268,2.633
est-952,N#Cc1ccc(-c2cc(-c3ccncn3)cc(N3c4ccccc4Oc4ccccc43)c2)cc1,0.0534,2.517
est-953,O=c1c2ccccc2n2c3ccc(-c4cccc5c4sc4ccccc45)cc3c(=O)c3cccc1c32,0.4929,2.522
est-954,FC(F)(F)c1cccc(C(F)(F)F)c1-c1cc(-c2cccnc2)nc(-c2cccnc2)c1,1.132,2.558
est-955,c1ccc(-n2c(-c3ccc(-n4c5ccccc5c5ccccc54)cc3)nc3c4cccnc4c4ncccc4c32)cc1,0.7517,2.573
est-956,O=C(c1ccccc1)c1ccc2cc(N3c4ccccc4Sc4ccccc43)ccc2n1,0.0124,2.286
est-957,CC1(C)c2ccccc2N(c2cc3nc4ccccc4nc3cc2F)c2ccccc21,0.021,2.386
est-958,CCOC(=O)C(=Cc1ccc(N(c2ccccc2)c2ccccc2)cc1S(=O)(=O)OC)c1ccc([N+](=O)[O-])cc1,0.0952,2.77
est-959,c1ccc(-n2c3ccccc3c3cc(N4c5ccccc5C(c5ccccc5)(c5ccccc5)c5ccccc54)ccc32)cc1,0.1762,2.436
est-960,c1ccc2c(c1)Sc1ccccc1N2c1ccc2ccc(N3c4ccccc4Sc4ccccc43)cc2c1,0.0607,2.31
est-961,O=C(c1ccc(N2c3ccccc3Oc3ccccc32)cc1)c1ccc2sc3ccc(N4c5ccccc5Oc5ccccc54)cc3c2c1,0.0582,2.779
est-962,O=C(c1ccc(N2c3ccccc3Oc3ccccc32)cc1)c1ccccc1-c1ccccn1,0.0831,2.248
est-963,c1ccc(-c2cnc3c(n2)-c2cccc4c(N5c6ccccc6N(c6ccccc6)c6ccccc65)ccc-3c24)cc1,0.0099,2.66
est-965,N#Cc1c(-c2cnc3ccccc3c2)cccc1N1c2ccccc2Oc2ccccc21,0.0253,2.422
est-966,O=Cc1cc2cc(c1O)C=CC(=O)c1ccc(cc1)-n1c3ccccc4ccccc(sc-2n4)c=3oc2ccccc21,0.7391,5.776
est-967,c1ccc2c(c1)Oc1ccccc1N2c1ccc2nc(N3c4ccccc4Oc4ccccc43)cnc2c1,0.0475,2.651
est-968,N#Cc1c(F)cc(N2c3ccccc3Oc3ccccc32)cc1N1c2ccccc2Oc2ccccc21,0.065,2.666
est-969,Cc1cccc(-c2cccnc2)c1C(=O)c1ccc(N2c3ccccc3C(c3ccccc3)(c3ccccc3)c3ccccc32)cc1,0.2479,2.696
est-970,O=C1c2ccc(N3c4ccccc4Oc4ccccc43)c3cc(Oc4ccccc4)cc(c23)C(=O)N1CCN1CCOCC1,0.012,2.787
est-971,Cc1ccc2c(c1)C(C)(C)c1cc(C)ccc1N2c1ccc2c(=O)oc3ccccc3c2c1,0.0328,2.46
est-972,c1ccc(-c2cc(-c3ccccc3)nc(Cc3ccccc3-n3c4ccccc4c4ccccc43)n2)cc1,0.1037,2.262
est-973,N#Cc1ccc(-c2nc3c(C#N)ccnc3nc2-c2ccccc2)cc1,0.3819,2.391
est-974,COc1ccccc1-c1ccc2c(c1)C(C)(C)c1cc(-c3ccccc3)ccc1N2c1ccc2c(c1)C(C)(C)c1ccccc1-2,0.1572,2.665
est-975,O=C(c1ccccc1)c1ccccc1C(c1cc(C(F)(F)F)cc(C(F)(F)F)c1)c1ccccc1N1c2ccccc2Oc2ccccc21,0.0127,3.352
est-976,Fc1cc(N2c3ccccc3Oc3ccccc32)c(F)cc1-c1cnc2ccccc2n1,0.0123,2.441
est-977,CC1(C)c2ccccc2N(c2ccc(C(=O)c3ccc(Sc4ccccc4N4c5ccccc5C(C)(C)c5ccccc54)cc3)cc2)c2ccccc21,0.0579,2.808
est-978,CC1(C)c2ccccc2N(c2ccc3nc(-c4ccc(C#N)cc4)cc(-c4ccc(C#N)cc4)c3c2)c2ccccc21,0.0536,2.651
est-979,Cc1cccc(-c2cc(-c3ccccc3N3c4ccccc4C(C)(C)c4ccccc43)ncn2)c1,0.0243,2.444
est-980,O=C(c1ccccc1)c1cnc2cc(N3c4ccccc4N(c4ccccc4)c4ccccc43)ccc2c1,0.0323,2.38
est-981,N#Cc1cccc(-c2cc(N3c4ccccc4Oc4ccccc43)c(-c3ccccc3)c(-c3ccccc3)c2C#N)c1,0.0662,2.706
est-982,CC(C)(C)c1ccc2c(c1)c1cc(-c3ccncc3)ccc1n2-c1ccc(C(=O)c2ccccc2)cc1,0.4158,2.307
est-983,c1cc(-c2ccc(N3c4ccccc4Oc4ccccc43)cc2)cc(-c2ccc(N3c4ccccc4Oc4ccccc43)cn2)c1,0.106,2.585
est-984,O=Cc1cccc(N2c3ccccc3Oc3ccccc32)c1-c1nc2ccccc2[nH]1,0.064,2.497
est-985,c1ccc(-c2nc3ccc(N4c5ccccc5Sc5cc6c(cc54)c4ccccc4n6-c4ccccc4)cc3nc2-c2ccccc2)cc1,0.0214,2.818
est-986,N#CC(C#N)=C1c2ccc(-c3ccc(N(c4ccccc4)c4ccccc4)cc3)cc2-c2cc(-c3cccs3)ccc21,0.1187,2.793
est-987,CC1(C)c2ccccc2N(c2cc(Br)nc3cc(Br)c4ccccc4c23)c2ccccc21,0.1336,2.713
est-988,N#Cc1cccc(N2c3ccccc3N(c3ccc4nc5ccccc5cc4c3)c3ccccc32)c1,0.0214,2.451
est-989,N#Cc1ccc(-c2cc(-c3ccc(Cl)cc3)c(C#N)c(N3c4ccccc4Oc4ccccc43)c2C#N)cc1,0.0233,2.766
est-990,CC1(C)c2ccccc2N(c2ccc(N3c4ccccc4C(C)(C)c4ccccc43)c(C=O)c2)c2ccccc21,0.0308,2.626
est-991,N#Cc1nc2ccccc2nc1Cc1ccccc1N1c2ccccc2Oc2ccccc21,0.0041,2.587
est-992,Cc1cc(C#N)c(C#N)cc1Cc1c(C)cccc1N1c2ccccc2Oc2ccccc21,0.0793,2.722
est-993,O=Cc1nc(N2c3ccccc3Oc3ccccc32)ccc1N1c2ccccc2Oc2ccccc21,0.0231,2.74
est-994,c1ccc(-c2cc(-c3ccccc3)nc(N3c4ccccc4C(c4ccccc4)(c4ccccc4)c4ccccc43)c2)cc1,0.756,2.425
est-995,c1ccc2c(c1)Oc1ccccc1N2c1ccc2cc3ccc(N4c5ccccc5Oc5ccccc54)nc3cc2c1,0.1675,2.692
est-996,Cc1cc(N2c3ccccc3Oc3ccccc32)ccc1-c1nnc(-c2ccc(C#N)cc2)o1,0.052,2.457
est-997,Cn1c2ccccc2c2cc(Sc3ccc4c(c3)C(=O)c3ccccc3C4=O)ccc21,0.282,2.341
est-998,CC1(C)c2ccc(-c3ccccc3)cc2N(c2ccc3c(c2)C(=O)c2ccccc2C3=O)c2ccc(-c3ccccc3)cc21,0.016,2.57
est-999,c1ccc2c(c1)Oc1ccccc1N2c1cc2c(cn1)c1ccccc1c1ccc3ccccc3c12,0.5534,2.506
est-1000,O=C1c2ccccc2C(=O)c2cc(-c3cc4ccc(N(c5ccccc5)c5ccccc5)cc4c(N(c4ccccc4)c4ccccc4)c3O)ccc21,0.0898,2.826
