DOI,TADF Name,TADF_SMILES,Solvent/Host,Solvent_Host_SMILES,Photosensitizer Name,Photosensitizer_SMILES,absorption_wavelength_nm,emission_wavelength_nm,FWHM_nm,Delta_EST_eV,PLQY_percent,EQE_max_percent,lifetime_us,kRISC_x1e5_s-1,kISC_x1e7_s-1,kd_x1e5_s-1,kr_x1e7_s-1,knr_x1e7_s-1,quotes,notes
10.1039-c9tc02186h.pdf,o-2SPAc-PPM,c1ccc(-c2nc(-c3ccccc3N3c4ccccc4C4(c5ccccc5-c5ccccc54)c4ccccc43)cc(-c3ccccc3N3c4ccccc4C4(c5ccccc5-c5ccccc54)c4ccccc43)n2)cc1,pure solid,c1ccc(-c2nc(-c3ccccc3N3c4ccccc4C4(c5ccccc5-c5ccccc54)c4ccccc43)cc(-c3ccccc3N3c4ccccc4C4(c5ccccc5-c5ccccc54)c4ccccc43)n2)cc1,,,,522.0,,,,10.1,,,,,,,Table 2 ... Non-doped o-2SPAc-PPM ... 522 || Table 2 ... Non-doped o-2SPAc-PPM ... 10.1,Non-doped device data.
10.1016-j.cclet.2021.08.064.pdf,2Cz-DMAC-BTB,CC1(C)c2cc(-n3c4ccccc4c4ccccc43)ccc2N(c2ccc3c(c2)-c2ccccc2S3(=O)=O)c2ccc(-n3c4ccccc4c4ccccc43)cc21,cyclohexane,C1CCCCC1,,,,494.0,,,,,,,,,,,The emission peaks were red-shifted from 494 nm in cyclohexane,Solvatochromic study.
10.1002-cptc.202400259.pdf,PTZ-T-Ph,c1ccc(-c2nc(-c3ccc(N4c5ccccc5Sc5ccccc54)s3)nc3ccccc23)cc1,heptane,CCCCCCC,,,396.0,482.0,,,15.0,,,,,,,,0.15[d] || 396 || 482[b],Degassed QY used.
10.1021-acsami.1c11812.pdf,SON-tBuCz,Cc1ccc(S(=O)(=O)c2cc(-n3c4ccc(C(C)(C)C)cc4c4cc(C(C)(C)C)ccc43)nc(-n3c4ccc(C(C)(C)C)cc4c4cc(C(C)(C)C)ccc43)c2)cc1,toluene,CC1=CC=CC=C1,,,385.0,473.0,93.0,,42.9,,,,,,,,"Table 1 ... 473 || Table S6 ... 42.9 || Table S5 ... 474 || Table S6 ... 7.33 || Table S5 ... 93 || Table 1 ... 294, 385 || Table 1 ... 42.9",Lifetime is prompt fluorescence (7.33 ns) under N2; no TADF observed in solution.
10.1016-j.jlumin.2024.120812.pdf,MeICP,Cc1cc(-c2nc3cccc4c5ccccc5n2c34)cc(C)c1N1c2ccccc2Oc2ccccc21,toluene,CC1=CC=CC=C1,,,,521.0,,,,,,,,,,,structureless green emission peaks at 525 nm for ICP and 521 nm for MeICP,CT absorption is much lower than ICP.
10.1038-s41566-020-0668-z.pdf,mCz-TRZ,Cc1ccc2c(c1)c1cc(C)ccc1n2-c1ccc(-c2nc(-c3ccccc3)nc(-c3ccccc3)n2)cc1,toluene,CC1=CC=CC=C1,,,,434.0,,,72.0,,,,,,,,mCz-TRZ | 434 | 72 | 5.8 | - | - | -,Delayed fluorescence not clear in table.
10.1021-acsami.9b02824.pdf,"5,8-DCQx-Ac",CC1(C)c2ccccc2N(c2ccc(-c3nc4c(C#N)ccc(C#N)c4nc3-c3ccc(N4c5ccccc5C(C)(C)c5ccccc54)cc3)cc2)c2ccccc21,ps,[*]C(C1=CC=CC=C1)C[*],,,,,,0.1063,72.0,,3.12,6.38,1.05,3.21,0.45,0.012842,"Table 2 ... 1.05 || Table 2 ... 63.8 (x10^4) || Table 1 ... 0.1063 || Table 2 ... 0.45 || Table 2 ... 128.42 (x10^3) || Table 2 ... 32.1 (x10^4) || Table 1 ... 72 || Table 1 ... 66.71 (ns), 3.12 (us)","1 wt% doped film. Lifetimes are [tau_p, tau_d]."
10.1016-j.cclet.2025.111194.pdf,CZID-CH3,Cc1ccc(C2c3[nH]c4ccccc4c3C(c3ccc(C)cc3)c3[nH]c4ccccc4c32)cc1,pure solid,Cc1ccc(C2c3[nH]c4ccccc4c3C(c3ccc(C)cc3)c3[nH]c4ccccc4c32)cc1,,,,630.0,,,16.4,,138420.0,,,,,,"Table S1. Photophysical parameters... CZID-CH3 425,456 nm (Prompt) 5.65, 5.59 ns (τF) 463, 630 nm (Delay) 46.54, 138.42 ms (τP) || Table S2. Quantum yields... CZID-CH3 PLQY 16.4% DF 1.2% RTP 6.5%","Prompt emission at 425/456 nm, Delayed emission at 463 nm and 630 nm. Prompt lifetimes 5.65/5.59 ns; Delayed lifetimes 46.54 ms and 138.42 ms. DF quantum yield 1.2%, RTP quantum yield 6.5%."
10.1002-adom.202402960.pdf,BN-1TPh,CC(C)(C)c1ccc2c(c1)c1cc(C(C)(C)C)cc3c1n2-c1cc(-c2ccccc2-c2cc(-c4ccccc4)cc(-c4ccccc4)c2)cc2c1B3c1cc(C(C)(C)C)cc3c4cc(C(C)(C)C)ccc4n-2c13,phczbcz,C1(C2=CC(C(C=CC=C3)=C3N4C5=CC=CC=C5)=C4C=C2)=C(N6C(C=CC=C7)=C7C8=C6C=CC(N9C(C=CC=C%10)=C%10C%11=C9C=CC=C%11)=C8)C=CC=C1,,,,496.0,27.0,,97.0,30.8,39.0,0.324,4.57,0.556,17.1,0.529,Table S3... 97 || Table S3... 39.0 || Table 1... 496 || Table S3... 5.56 (10^4 s^-1) || Table 1... 27 || Table S3... 3.24 (10^4 s^-1) || Table S3... 4.57 (10^7 s^-1) || Table S3... 1.71 (10^8 s^-1) || Table 2... 496 || Table 2... 30.8 || Table S3... 5.29 (10^6 s^-1) || Table 2... 27 || Table 1... 97,Film properties (10 wt% doped). EQE max at 10 wt% doping.
10.1021-acsami.6b14796.pdf,DMAC-DCPP,CC1(C)c2ccccc2N(c2ccc3c(c2)c2cc(N4c5ccccc5C(C)(C)c5ccccc54)ccc2c2nc(C#N)c(C#N)nc32)c2ccccc21,mcppy2po,O=P(C1=CC=CC=C1)(C2=CC=CC=C2)C3=NC(C4=CC(N5C(C=CC=C6)=C6C7=C5C=CC=C7)=CC(N8C(C=CC=C9)=C9C%10=C8C=CC=C%10)=C4)=CC=C3,,,,618.0,,0.08,33.0,10.1,2.4,1.37,1.4,4.17,0.15,0.3,Table 2 ... 2.4 || Table 2 ... 1.4 || Table 2 ... 0.15 || Table 2 ... kTADF (x10^4 s-1) ... 13.7 || Table 3 ... 10.1 || Table 1 ... 678/618 || Table 1 ... 12/33 || Table 2 ... 0.30 || Table 1 ... 0.04(0.08),"Doped film (3 wt%) and device (10 wt%). CIE (0.60, 0.40)."
10.1039-d2qm01304e.pdf,BNCzPTZ,CC(C)(C)c1ccc2c(c1)c1cc(C(C)(C)C)cc3c1n2-c1cccc2c1B3c1cccc3c1N2c1ccccc1S3,thf,C1CCOC1,,,,510.0,,,,,,,,,,,510,
10.1002-adom.202400490.pdf,3CzSF-BN,CC(C)(C)c1ccc2[nH]c3c(B4c5c(cc(-n6c7ccc(C(C)(C)C)cc7c7cc(C(C)(C)C)ccc76)c(-c6ccc7c(c6)C6(c8ccccc8-c8ccccc86)c6ccccc6-7)c5C#N)-n5c6ccc(C(C)(C)C)cc6c6cc(C(C)(C)C)cc4c65)cc(C(C)(C)C)cc3c2c1,toluene,CC1=CC=CC=C1,,,489.0,520.0,30.0,0.09,100.0,,,,,,,,Table 1 || The UV–vis absorption spectrum exhibited a pronounced absorption band peaking at 489 nm... 3CzSF-BN emitted green fluorescence with an emission peak at 520 nm... PLQY of 3CzSF-BN in N2-bubbling toluene reached 100%,PLQY measured in N2-bubbling toluene. Delta_EST calculated from S1/T1 levels in toluene/frozen toluene.
10.1002-anie.201412107.pdf,DDCzIPN,N#Cc1c(-n2c3ccccc3c3ccccc32)cc(-n2c3ccccc3c3ccccc32)c(C#N)c1-c1c(C#N)c(-n2c3ccccc3c3ccccc32)cc(-n2c3ccccc3c3ccccc32)c1C#N,thf,C1CCOC1,,,400.0,,,,,,,,,,,,"230,287,329,400",UV/Vis absorption edge 447 nm
10.1039-d1tc04595d.pdf,TPXZBN,CC(C)(C)c1ccc2c(c1)c1cc(C(C)(C)C)ccc1n2-c1cc2c3c(c1)N1c4ccccc4Oc4cccc(c41)B3c1cccc3c1N2c1ccccc1O3,toluene,CC1=CC=CC=C1,,,474.0,502.0,33.0,0.16,91.0,,,,,,,,Table 1 ... TPXZBN ... 33 || TPXZBN ... exhibit small singlet–triplet state energy gaps (DEst) of 0.16 eV || Table 1 ... TPXZBN ... 0.16 || strong absorption bands at around 474 nm ... can be ascribed to the ICT absorption || small FWHMs of 33 nm ... for TPXZBN || Table 1 ... TPXZBN ... 91 || fluorescence spectra peaking at 502 nm ... for TPXZBN || Table 1 ... TPXZBN ... 502 || high photoluminescence quantum yields (PLQYs) of 91% ... in toluene solutions,Small Stokes shift of 28 nm.
10.1002-adma.201702767.pdf,HMAT-TRZ,COc1ccc(N(c2ccc(OC)cc2)c2cc3c4c(c2)C(C)(C)c2cc(N(c5ccc(OC)cc5)c5ccc(OC)cc5)cc5c2N4c2c(cc(-c4nc(-c6ccccc6)nc(-c6ccccc6)n4)cc2C5(C)C)C3(C)C)cc1,pmma,[*]CC(C)(C(OC)=O)[*],,,,500.0,,,,,4440.0,,,,,,"Delayed fluorescence is clearly found in the doped film at 300 K, with an emission wavelength of ≈500 nm || longer lifetime of the delayed component (τd1 = 0.67 ms, τd2 = 4.44 ms) is obtained under vacuum",10 mol% film. Lifetimes in vacuum. Emission wavelength ~500 nm.
10.1016-j.chempr.2020.04.021.pdf,7CzFDCF3DPh,Fc1c(-c2c(-n3c4ccccc4c4ccccc43)c(-n3c4ccccc4c4ccccc43)c(C(F)(F)F)c(-n3c4ccccc4c4ccccc43)c2-n2c3ccccc3c3ccccc32)c(-n2c3ccccc3c3ccccc32)c(-n2c3ccccc3c3ccccc32)c(C(F)(F)F)c1-n1c2ccccc2c2ccccc21,toluene,CC1=CC=CC=C1,,,,,,,55.0,,1.78,9.5,0.065,,0.47,,7CzFDCF3DPh ... 40.3% ... 55.0% || 1775.35 (19.04%) || kISC 6.50 ... kRISC 9.50 ... ks 4.70,"PLQY in degassed toluene. Lifetime is delayed component (1775.35 ns in table, text says 1.77 ms which contradicts kRISC magnitude and Figure 3B; µs unit adopted). kS (singlet radiation) taken as kr."
10.1002-advs.202503175.pdf,"6,10NICz",c1cc2c3ccncc3n3c4cnccc4c(c1)c23,pmma,[*]CC(C)(C(OC)=O)[*],,,,388.0,30.0,0.36,12.0,,34000.0,9.5,27.0,,27.0,,Table 4. Selected photophysical properties in 1 wt.% doped films in PMMA. || Table 3. Selected photophysical properties in 10 wt.% doped films in PMMA. || kRISC of 9.5 x10^5 s-1... kISC is competitive with kFl and is three orders of magnitude faster than kRISC... kFl and kISC at an equivalent rate of 2.7x10^8 s-1 || Table S7. Energies of the singlet and triplet excited states.,"10 wt% (first value) and 1 wt% (second value) films. Simultaneous TADF/RTP. 11.9 ms TADF at 10 wt%, 34.0 ms TADF at 1 wt%. PLQY in air (10%) and vacuum (12%)."
10.1016-j.jphotochem.2025.116468.pdf,Aze-Me-Acr,Cn1c2ccc(N3c4ccccc4CCc4ccccc43)cc2c(=O)c2cc(N3c4ccccc4CCc4ccccc43)ccc21,toluene,CC1=CC=CC=C1,,,483.0,523.0,,,57.0,,,,,,5.14,3.87,Table 1 || Table S1,Prompt fluorescence lifetime 11.1 ns.
10.1039-c9tc04804a.pdf,"3,4'ACSO2",CC1(C)c2ccccc2N(c2ccc(S(=O)(=O)c3cccc(N4c5ccccc5C(C)(C)c5ccccc54)c3)cc2)c2ccccc21,pure solid,CC1(C)c2ccccc2N(c2ccc(S(=O)(=O)c3cccc(N4c5ccccc5C(C)(C)c5ccccc54)c3)cc2)c2ccccc21,,,,476.0,,0.09,,,,,,,,,0.09 || 476,Delta_EST obtained from onsets of fluorescence and phosphorescence in neat films.
10.1039-d3sc05188a.pdf,TPPA-BQ,O=C1c2ccccc2C(=O)c2nc(-c3ccc(-c4ccc(N(c5ccccc5)c5ccccc5)cc4)cc3)c(-c3ccc(-c4ccc(N(c5ccccc5)c5ccccc5)cc4)cc3)nc21,pmma,[*]CC(C)(C(OC)=O)[*],,,,600.0,,,,,,,,,,,emission (600 nm) of the 0.5 wt% doped film in PMMA,0.5 wt% doped films.
10.1002-adma.202501164.pdf,PXZ-TEMPO,CC1(C)CC(N2C(=O)c3cccc4c(N5c6ccccc6Oc6ccccc65)ccc(c34)C2=O)CC(C)(C)N1[O],pmma,[*]CC(C)(C(OC)=O)[*],,,,,,,2.0,,4.2,,,,,,PXZ-TEMPO ... PLQE [%] PMMA 2 || PXZ-TEMPO ... tau_d [s] 4.2x10^-6,1% film. Delayed emission fraction: 28%. Prompt lifetime: 12 ns.
10.1002-advs.201902508.pdf,2PhCz2CzBn,N#Cc1c(-n2c3ccccc3c3ccccc32)c(-n2c3ccc(-c4ccccc4)cc3c3cc(-c4ccccc4)ccc32)cc(-n2c3ccc(-c4ccccc4)cc3c3cc(-c4ccccc4)ccc32)c1-n1c2ccccc2c2ccccc21,pure solid,N#Cc1c(-n2c3ccccc3c3ccccc32)c(-n2c3ccc(-c4ccccc4)cc3c3cc(-c4ccccc4)ccc32)cc(-n2c3ccc(-c4ccccc4)cc3c3cc(-c4ccccc4)ccc32)c1-n1c2ccccc2c2ccccc21,,,,480.0,84.0,,45.0,3.9,5.1,3.4,4.2,,2.3,,Table S3 ... non-doped ... 5.1 || Table S3 ... non-doped ... 3.4 || Table 2 ... nondoped ... 84 || Table 2 ... nondoped ... 480 || Table S3 ... non-doped ... 2.3 || Table 1 ... 45 ... Determined from nondoped thin films || Table S3 ... non-doped ... 4.2 || Table 2 ... nondoped ... 3.9,Nondoped film/device. Lifetime is delayed fluorescence lifetime.
10.1039-c9tc00419j.pdf,DBTCz-Trz,c1ccc(-c2nc(-c3ccccc3)nc(-c3ccc(-n4c5ccccc5c5cc(-c6ccc7sc8ccccc8c7c6)ccc54)cc3)n2)cc1,ethyl acetate,CCOC(C)=O,,,,474.0,,,,,,,,,,,474 nm in EA,
10.1021-am508574m.pdf,red-1b,CCC(C)Oc1ccc(-c2cc(-c3ccc(-c4cc(-c5ccc(OC(C)CC)cc5)c(-c5cc(-c6cccc7ccccc67)cc(-c6cccc7ccccc67)c5)s4)c4nsnc34)sc2-c2cc(-c3cccc4ccccc34)cc(-c3cccc4ccccc34)c2)cc1,pure solid,CCC(C)Oc1ccc(-c2cc(-c3ccc(-c4cc(-c5ccc(OC(C)CC)cc5)c(-c5cc(-c6cccc7ccccc67)cc(-c6cccc7ccccc67)c5)s4)c4nsnc34)sc2-c2cc(-c3cccc4ccccc34)cc(-c3cccc4ccccc34)c2)cc1,,,,622.0,,0.4,28.0,1.75,0.828,,,,,,"For the solid film of red-1b spin-casted from a toluene solution, a red emission with λem ≈ 622 nm || the ϕfl was determined to be 28% from 30 nm red-1b thin film cast on quartz || estimate the lifetime of the delayed component of 828 ns. || the delayed fluorescence lifetime of red-1b is about 828 ns. || maximum external quantum efficiency (EQE) of 1.75% || The ΔE S‑T of red-1b is estimated to be ∼0.40 eV.",Device structure: ITO/PEDOT:PSS/PVK/red-1b/TPBi/CsF/Al. Delta_EST estimated using prompt solid-state PL and 2 us delayed PL in toluene at 77 K. Lifetime is for the delayed component.
10.1016-j.orgel.2015.11.019.pdf,PTSOPT,O=S(=O)(c1ccc(N2c3ccccc3Sc3ccccc32)cc1)c1ccc(N2c3ccccc3Sc3ccccc32)cc1,toluene,CC1=CC=CC=C1,,,319.0,,,0.41,,,,,,,,,"Table 1 ... 0.41 || Table 1 ... 209, 255, 319",Singlet and triplet energies (3.02 eV and 2.61 eV) estimated from onset of PL spectra.
10.1039-c9sc01240k.pdf,4CzPPODPO,O=P(c1ccccc1)(c1ccccc1)c1cc(-n2c3ccccc3c3ccccc32)c(-n2c3ccccc3c3ccccc32)cc1P(=O)(c1ccccc1)c1cc(-n2c3ccccc3c3ccccc32)c(-n2c3ccccc3c3ccccc32)cc1P(=O)(c1ccccc1)c1ccccc1,toluene,CC1=CC=CC=C1,,,,,,0.32,,,,,,,,,0.32c,In dilute Toluene solution (10^-6 mol L^-1)
10.1002-adom.202100180.pdf,lb-1,CC1(C)c2ccccc2N(c2ccccc2S(=O)(=O)c2ccccc2)c2ccccc21,mcp,c1cc(-n2c3ccccc3c3ccccc32)cc(-n2c3ccccc3c3ccccc32)c1,,,,506.0,,,,12.34,,,,,,,Table S5 ... lb-1 ... 5% ... Peak 506 || Table S5 ... lb-1 ... 5% ... EQE 12.34,Device data at 5 wt% dopant concentration.
10.1002-smll.202106462.pdf,pCz-BN,CC(C)(C)c1ccc2c(c1)c1cc(C(C)(C)C)cc3c1n2-c1cc(-c2ccc(-n4c5ccccc5c5ccccc54)cc2)cc2c1B3c1cc(C(C)(C)C)cc3c4cc(C(C)(C)C)ccc4n-2c13,toluene,CC1=CC=CC=C1,,,471.0,491.0,21.0,0.15,90.0,,,,,,,,Table 1 ... 491/496 || Table 1 ... 21 (0.11) || Table 1 ... 0.15 || Table 1 ... 471 || Table 1 ... 90/95,"S1=2.62 eV, T1=2.47 eV"
10.1039-d2tc02283d.pdf,B-dpa-Cz,CC(C)(C)c1cc2c3c(c1)-n1c4ccccc4c4cccc(c41)B3c1ccccc1N2c1ccccc1,thf,C1CCOC1,,,,458.0,28.0,,,,,,,,,,B-dpa-Cz ... 458 / 28,
10.1002-anie.202202232.pdf,10j,Fc1cc2nc3c(nc2cc1F)-c1cccc2c4cccc5c6cccc-3c6n(c12)c54,cbp,c1ccc2c(c1)c1ccccc1n2-c1ccc(-c2ccc(-n3c4ccccc4c4ccccc43)cc2)cc1,,,,500.0,,0.24,19.0,,12.98,,,,,,500 CBP 19 5.35±0.14 12.98±0.92 - 0.32 2.48 2.24 0.24,
10.1016-j.chempr.2022.02.017.pdf,2PCzBN-tPh,CC(C)(C)c1ccc(-c2cc(-n3c4ccc(-c5ccccc5)cc4c4cc(-c5ccccc5)ccc43)c(C#N)c(-n3c4ccc(-c5ccccc5)cc4c4cc(-c5ccccc5)ccc43)c2)cc1,ppf,O=P(c1ccccc1)(c1ccccc1)c1ccc2oc3ccc(P(=O)(c4ccccc4)c4ccccc4)cc3c2c1,,,,467.0,,,66.0,12.8,7.7,2.55,11.1,,,,2PCzBN-tPh ... 7.7 || PLQYs of those doped films were also measured to be ... 0.66 for 2PCzBN-tPh || emission peaks at ... 467 ... for 2PCzBN-tPh || 2PCzBN-tPh ... 12.80 || 2PCzBN-tPh ... 2.55,Film properties in 10 wt% PPF. Device properties in 50 wt% PPF. Lifetime is delayed component.
10.1021-acsami.7b08258.pdf,ACBM,Cc1cc(C)c([B-](c2c(C)cc(C)cc2C)N2c3ccccc3C(C)(C)c3ccccc32)c(C)c1,pure solid,Cc1cc(C)c([B-](c2c(C)cc(C)cc2C)N2c3ccccc3C(C)(C)c3ccccc32)c(C)c1,,,,529.0,,0.107,44.3,,3.92,,,,,,"ACBM spin-casted thin film | 529 | 44.3 | 26(0.9948), 3916(0.0052) | -2.46; -",Data from spin-casted thin film. Delta_EST converted from -2.46 kcal/mol.
10.1021-acs.jpcc.0c03341.pdf,4CzIPN,N#Cc1c(-n2c3ccccc3c3ccccc32)c(C#N)c(-n2c3ccccc3c3ccccc32)c(C#N)c1-n1c2ccccc2c2ccccc21,ps,[*]C(C1=CC=CC=C1)C[*],,,,,,0.062,99.0,,,7.0,2.1,,,,Table 1 ... 21 || Table 1 ... 62 || Table 1 ... 99 || Table 1 ... 0.7,1 wt% doping concentration.
10.1016-j.orgel.2022.106657.pdf,DMAC-AQ,CC1(C)c2ccccc2N(c2ccc3c(c2)C(=O)c2ccccc2C3=O)c2ccccc21,2-methyltetrahydrofuran,CC1OCCC1,,,,594.0,,0.09,,,,,,,,,"the ΔEST is calculated to be 0.09 eV, which is in agreement with the theoretically estimated value. || DMAC-AQ shows finely structured PL with peaks at 492 and 594 nm","Data at 77 K; 492nm (LE), 594nm (CT)."
10.1021-acs.jpcc.4c04343.pdf,2PTZ-BN,c1ccc2c(c1)Sc1cccc3c1N2c1cccc2c1B3c1cccc3c1N2c1ccccc1S3,isopropyl ether,CC(C)OC(C)C,,,,,,,89.0,,,,,,,,Table S1 ... 2PTZ-BN ... Isopropyl ether 89%,Solvatochromic study.
10.1039-d4sc03111c.pdf,S1-TRZ,Cc1ccc2c(c1)C1(c3ccccc3-c3cc4c(cc31)sc1ccccc14)c1cc(C)ccc1N2c1ccc(-c2nc(-c3ccccc3)nc(-c3ccccc3)n2)cc1,ppf,O=P(c1ccccc1)(c1ccccc1)c1ccc2oc3ccc(P(=O)(c4ccccc4)c4ccccc4)cc3c2c1,,,,516.0,,0.06,96.0,39.2,1700.0,11.1,2.09,,1.95,0.0803,Table 2 ... S1-TRZ ... τp (ns) 24 ... τd (ms) 1.7 || Table 2 ... S1-TRZ ... PL 96 || Table 3 ... S1-TRZ(20wt%):PPF ... EQE 39.2 || Table 2 ... S1-TRZ ... kRISC (10^5 s-1) 11.1 || The energy levels of S1 (ES1)/T1 (ET1) are calculated to be ... 2.69/2.63 eV for S1-TRZ ... resulting in small ΔEST values of ... 0.06 ... eV,Properties at 10 wt% doping except max EQE which includes 20 wt% data. Delta_EST is experimental.
10.1016-j.cej.2022.134934.pdf,SXAC-BP-SXAC,O=C(c1ccc(N2c3ccccc3C3(c4ccccc4Oc4ccccc43)c3ccccc32)cc1)c1ccc(N2c3ccccc3C3(c4ccccc4Oc4ccccc43)c3ccccc32)cc1,pure solid,O=C(c1ccc(N2c3ccccc3C3(c4ccccc4Oc4ccccc43)c3ccccc32)cc1)c1ccc(N2c3ccccc3C3(c4ccccc4Oc4ccccc43)c3ccccc32)cc1,,,,504.0,,0.061,57.0,17.1,4.7,4.7,2.2,,1.03,,SXAC-BP-SXAC | 504 | 17.1 || SXAC-BP-SXAC | neat film | 500 | 57 | 2.6 | 4.7 | 4.7 | 0.061 || SXAC-BP-SXAC | neat film | kF 10.3 | kISC 2.2,Lifetime is tau_delayed. Mean lifetime is 2.6 us.
10.1002-adom.202002153.pdf,5CzCO2Me,COC(=O)c1c(-n2c3ccccc3c3ccccc32)c(-n2c3ccccc3c3ccccc32)c(-n2c3ccccc3c3ccccc32)c(-n2c3ccccc3c3ccccc32)c1-n1c2ccccc2c2ccccc21,dpepo,O=P(c1ccccc1)(c1ccccc1)c1ccccc1Oc1ccccc1P(=O)(c1ccccc1)c1ccccc1,,,,508.0,,-0.06306,50.0,3.4,6.7,,,,0.89,15.0,"τd avg [µs] 6.70 || λmax [nm] 508 || EQEmax [%] 3.4 || PLQYdegassed [%] 50 || ΔEST [eV] −0.06306 || kp,r [s–1] 8.9 × 106 || kp,nr [s–1] 1.5 × 108",5 wt% concentration. Emission wavelength is EL peak. PLQY is degassed value.
10.1039-d4tc01214c.pdf,2-TPA-DBPzCN,N#Cc1cc2nc3c4ccccc4c4ccc(-c5ccc(N(c6ccccc6)c6ccccc6)cc5)cc4c3nc2cc1C#N,dpepo,O=P(c1ccccc1)(c1ccccc1)c1ccccc1Oc1ccccc1P(=O)(c1ccccc1)c1ccccc1,,,,700.0,,,,,,,,,,,2-TPA-DBPzCN ... 641/700,
10.1002-adom.202200290.pdf,QXT,Cc1cccc2c3cccc(C)c3n(-c3ccc4c(=O)c5ccc(-n6c7c(C)cccc7c7cccc(C)c76)cc5oc4c3)c12,toluene,CC1=CC=CC=C1,,,,468.0,82.0,,54.0,,1.1,29.0,5.0,,0.85,0.049,QXT Sol ... 1.1 || QXT Sol ... 468 || compared to that of QXT (FWHM = 82 nm) || QXT Sol ... 54 || QXT Sol ... 8.5 [10^6 s^-1] || QXT Sol ... 29 || QXT Sol ... 5.0 || QXT Sol ... 49 [10^4 s^-1],Solution data. FWHM from main text referring to solution spectra.
10.1002-adma.202415951.pdf,8PhDM-B,Cc1ccc(-c2ccccc2)c2c1-c1cccc(-c3ccc(-c4nc(-c5ccccc5)nc(-c5ccccc5)n4)cc3)c1C21c2ccccc2N(c2ccccc2)c2ccccc21,dichloromethane,ClCCl,,,,536.0,,,,,,,,,,,Table S2... DCM 536,"Two emission bands observed, lower energy band reported."
10.1039-d5tc02141c.pdf,36Me-HDT1,Cc1ccc2c(c1)c1cc(C)ccc1n2-c1c(C#N)c(-n2c3ccc(-c4ccccc4)cc3c3cc(-c4ccccc4)ccc32)c(-n2c3ccc(-c4ccccc4)cc3c3cc(-c4ccccc4)ccc32)c(-c2cc(-c3ccccc3)cc(-c3ccccc3)c2)c1-n1c2ccc(C)cc2c2cc(-c3ccccc3)ccc21,toluene,CC1=CC=CC=C1,,,,488.0,,0.02,100.0,,3300.0,14.0,,,,,Table 1 ... 36Me-HDT1 ... 488 ... 100(21) ... 3.3 ... 2.81 ... 2.79,"S1=2.81 eV, T1=2.79 eV. Delayed lifetime 3.3 ms. Prompt lifetime 11 ns."
10.1038-s41467-024-53740-1.pdf,Cz-PI,CCCCC(CC)CN1C(=O)c2ccc(-n3c4ccc(C(C)(C)C)cc4c4cc(C(C)(C)C)ccc43)cc2C1=O,acetonitrile,CC#N,,,,620.0,,,1.0,,,,,,,,Acetonitrile | 620 nm || 0.28 || <0.01,PLQY <0.01. Lifetime 0.28 ns.
10.1016-j.cej.2023.147444.pdf,Qx-Py-2DMAC,CC1(C)c2ccccc2N(c2ccc(-c3cnc4ccccc4n3)c(N3c4ccccc4C(C)(C)c4ccccc43)n2)c2ccccc21,toluene,CC1=CC=CC=C1,,,372.0,548.0,,0.06,15.4,,1.42,,,,,,Table S3,Solution data. Lifetime is delayed component.
10.1002-adfm.202314533.pdf,TCz-DMAC,CC(C)(C)c1ccc2c(c1)c1cc(C(C)(C)C)cc3c4cc(N5c6ccccc6C(C)(C)c6ccccc65)ccc4c(=O)n2c31,ppf,O=P(c1ccccc1)(c1ccccc1)c1ccc2oc3ccc(P(=O)(c4ccccc4)c4ccccc4)cc3c2c1,,,,486.0,,0.19,97.0,29.9,117.7,0.3,6.12,,1.98,0.06,Table 1. Photophysical data of the investigated compounds in doped films... TCz-DMAC 486 97/29/68 12.2/117.7 2.89/2.70/0.19 19.8/0.6/61.2 0.3 || Table 2. Summary of device performances... TCz-DMAC 10 488 3.1 3430 66.6/65.4 29.9/20.4/8.9,10 wt% doping concentration. Lifetime values are for prompt (12.2 ns) and delayed (117.7 us) fluorescence.
10.1039-d4sc04896b.pdf,NBO-pSAF,CC(C)(C)c1ccc2c(c1)B1c3c(cc(N4c5ccccc5C5(c6ccccc6-c6ccccc65)c5ccccc54)cc3-n3c4ccc(C(C)(C)C)cc4c4cc(C(C)(C)C)cc1c43)O2,2-methyltetrahydrofuran,CC1OCCC1,,,,,,0.19,,,,,,,,,Table 1 ... NBO-pSAF ... 0.19,Delta_EST estimated from the wavelength onset of LT-PH at 77 K.
10.1016-j.dyepig.2023.111858.pdf,Me-PABDPA,Cc1cccc(C)c1N(c1ccc(N(c2ccccc2)c2ccccc2)cc1)c1cc2c3c(c1)N(c1c(C)cccc1C)c1ccc(N(c4ccccc4)c4ccccc4)cc1B3c1cc(N(c3ccccc3)c3ccccc3)ccc1N2c1c(C)cccc1C,cyclohexane,C1CCCCC1,,,,487.0,29.0,,,,,,,,,,487,Solvatochromic data.
10.1016-j.chempr.2020.04.021.pdf,5CzCF3Ph,FC(F)(F)c1c(-n2c3ccccc3c3ccccc32)c(-n2c3ccccc3c3ccccc32)c(-n2c3ccccc3c3ccccc32)c(-n2c3ccccc3c3ccccc32)c1-n1c2ccccc2c2ccccc21,pure solid,FC(F)(F)c1c(-n2c3ccccc3c3ccccc32)c(-n2c3ccccc3c3ccccc32)c(-n2c3ccccc3c3ccccc32)c(-n2c3ccccc3c3ccccc32)c1-n1c2ccccc2c2ccccc21,,,,,,,,,0.61,,,,,,614.74 (32.89%),Lifetime is delayed component (614.74 ns).
10.1002-lpor.202500234.pdf,PCzAQ,O=C1c2ccccc2C(=O)c2cc(-c3ccc4c(c3)c3ccccc3n4-c3ccccc3)ccc21,toluene,CC1=CC=CC=C1,,,422.0,540.0,,,1.4,,,,,,64.6,7.64,Table S2,Solution data.
10.1002-adom.202401402.pdf,DBIPOAc,CCCCn1c(=O)n(CCCC)c2cc3nc4c5cc(N6c7ccccc7C(C)(C)c7ccccc76)ccc5c5ccc(N6c7ccccc7C(C)(C)c7ccccc76)cc5c4nc3cc21,pure solid,CCCCn1c(=O)n(CCCC)c2cc3nc4c5cc(N6c7ccccc7C(C)(C)c7ccccc76)ccc5c5ccc(N6c7ccccc7C(C)(C)c7ccccc76)cc5c4nc3cc21,,,,537.0,,,6.0,,,,,,,,"Neat film ... PLQY, % ... 6.0 || Neat film ... lambda_max ... 537",Broad emission. TRES detects bands at 492 nm and 593 nm.
10.1039-d1tc05696d.pdf,PPOCzPN,N#Cc1cc(-n2c3ccccc3c3cc(P(=O)(c4ccccc4)c4ccccc4)ccc32)c(-n2c3ccccc3c3cc(P(=O)(c4ccccc4)c4ccccc4)ccc32)cc1C#N,dichloromethane,ClCCl,,,,498.0,,,51.0,,,,,,,,Table 1 ... MeCN DCM ... PL 498 || Table 1 ... 51,"Delta_EST is listed as electronic gap (HOMO-LUMO) in Table 1, not singlet-triplet gap."
10.1021-jacs.4c18235.pdf,Compound 3,Cc1ccccc1Sc1c(C#N)c(Sc2ccccc2C)c(Sc2ccccc2C)c(C#N)c1Sc1ccccc1C,dichloromethane,ClCCl,,,470.0,620.0,,,2.1,,0.5,553.0,46.8,,0.04,1.8,Table 1 || Table S2,PLQY in degassed DCM. kRISC 5.53e7 s-1.
10.1039-c7sc04669c.pdf,SBDBQ-DMAC,CC1(C)c2ccccc2N(c2ccc3nc(-c4ccccc4)c(-c4ccccc4)nc3c2)c2ccccc21,pure solid,CC1(C)c2ccccc2N(c2ccc3nc(-c4ccccc4)c(-c4ccccc4)nc3c2)c2ccccc21,,,431.0,541.0,,0.06,,10.1,,,,,,,Table S2 || Table 3 ... Device E ... 10.1,"EQE from non-doped device E. Emission peak 541 nm (PL), 544 nm (EL)."
10.1002-anie.202414488.pdf,BF-HIC-XT,O=c1c2ccc(-n3c4ccccc4c4ccc5c6ccccc6n(-c6ccc7oc8ccccc8c7c6)c5c43)cc2oc2cc(-n3c4ccccc4c4ccc5c6ccccc6n(-c6ccc7oc8ccccc8c7c6)c5c43)ccc12,ppf,O=P(c1ccccc1)(c1ccccc1)c1ccc2oc3ccc(P(=O)(c4ccccc4)c4ccccc4)cc3c2c1,,,,487.0,,0.074,91.0,26.4,6.7,2.5,1.2,,2.4,0.24,Table S5... BF-HIC-XT... kRISC [×105 s‒1] 2.5 || Table S4... BF-HIC-XT... Φf [%] 91 || Table S5... BF-HIC-XT... kIC [×106 s‒1] 2.4 || Table S7... 10 wt% BF-HIC-XT... ηext [%] 26.4 || Table S5... BF-HIC-XT... kISC [×107 s‒1] 1.2 || Table S5... BF-HIC-XT... kF [×107 s‒1] 2.4 || Table S5... BF-HIC-XT... τdelayed [μs] 6.7,Data from 10 wt% doped film. knr is derived from kIC (2.4 x 10^6 s^-1).
10.1021-acsaelm.5c00863.pdf,AcPB,CC1(C)c2ccccc2N(c2ccc(C(=O)c3ccc(-c4cccc5c4Oc4ccccc4S5)cc3)cc2)c2ccccc21,zeonex,[*]CC1C(C2CCC3C2)C3C(C[*])C1,,,,477.0,,0.02,,,1695.14,,,,,,"The singlet−triplet energy splitting values of 0.02 eV observed for AcPB || 24.14 μs (23.09%), 86.55 μs (40.53%), 320.58 μs (25.06%), 1695.14 μs (11.33%) || at 477 nm, vacuum, delayed emission",Lifetimes are delayed emission components in vacuum.
10.1016-j.dyepig.2017.02.035.pdf,BDQDMAC,CC1(C)c2ccccc2N(c2ccc(N3c4ccccc4C(C)(C)c4ccccc43)c3nc(-c4ccccc4)c(-c4ccccc4)nc23)c2ccccc21,pure solid,CC1(C)c2ccccc2N(c2ccc(N3c4ccccc4C(C)(C)c4ccccc43)c3nc(-c4ccccc4)c(-c4ccccc4)nc23)c2ccccc21,,,,603.0,,0.07,14.0,,4.86,,,,,,"Table 1 ... l_Fl,max [nm] ... BDQDMAC 603 || SI Table 2 ... BDQDMAC ... 300 K ... t_d (us) 4.86 || Table 1 ... DEST [eV] 0.07 || Table 1 ... PLQY ... 14.0 ... Measured in their neat films",Lifetime at 300 K.
10.1039-c6nj01296e.pdf,CDPA,Cc1cc(=O)oc2c(N=Nc3ccc(N(C)C)cc3)c(O)ccc12,chloroform,ClC(Cl)Cl,,,407.0,548.0,,,1.7,,,,,,,,Table 1 Optical properties of CDPA in different solvents ... Chloroform 0.149 407 548 ... 1.7,Solution property.
10.1002-anie.201912340.pdf,4b,Cc1ccc2c(c1)B(c1c(C(F)(F)F)cc(C(F)(F)F)cc1C(F)(F)F)c1cc(C)cc3c1N2c1cc(C)ccc1B3c1c(C(F)(F)F)cc(C(F)(F)F)cc1C(F)(F)F,pmma,[*]CC(C)(C(OC)=O)[*],,,,491.0,,0.19,,,,,,,,,Table S1... 491 || Table 1... 0.19 || Table S1... 0.19,Emission at 298K. Phosphorescence at 77K is 530 nm.
10.1002-adfm.202315935.pdf,TPAPyAP,c1ccc(N(c2ccccc2)c2ccc(-c3cnc4nc5c(nc4c3)-c3cccc4cccc-5c34)cc2)cc1,cbp,c1ccc2c(c1)c1ccccc1n2-c1ccc(-c2ccc(-n3c4ccccc4c4ccccc43)cc2)cc1,,,,537.0,,0.32,62.0,7.6,,,,,,,Table 1... 0.32 || Table 1... 8.4 || Table 1... 537 || Table 2... 7.6 || Table 2... 526 || Table 1... 62(61),"2 wt% doped film. Monoexponential decay observed (fluorescence only) in CBP film. EL peak 526 nm, PL peak 537 nm."
10.1021-acs.orglett.3c04283.pdf,BN2Si2,C[Si]1(C)c2ccccc2N2c3cccc4c3B(c3cccc1c32)c1cccc2c1N4c1ccccc1[Si]2(C)C,cyclohexane,C1CCCCC1,,,461.0,486.0,,,71.0,,,,,,,,"BN2Si2 | C6H12 | 273, 362, 461 | 486 | 71 | 0.16",FWHM 0.16 eV
10.1002-anie.202304104.pdf,m-DBCz,CC(C)(C)c1cc2c3c(c1)B1c4c(cc(C(C)(C)C)cc4-n4c5ccc(C(C)(C)C)cc5c5cc(C(C)(C)C)cc1c54)N3c1cc(C(C)(C)C)cc3c1B2c1cc(C(C)(C)C)cc2c4cc(C(C)(C)C)ccc4n-3c12,hexane,CCCCCC,,,,532.0,26.0,,,,,,,,,,"Table S4. Summary of PL spectra data of CzBN, BN-Y and BN-R in different polar solvents.",Solvatochromism study.
10.1021-acsami.0c07612.pdf,pipd-BZ-DMAC,CC1(C)c2ccccc2N(c2ccc(C(=O)c3nc4ccccn4c3-c3ccccc3)cc2)c2ccccc21,pure solid,CC1(C)c2ccccc2N(c2ccc(C(=O)c3nc4ccccn4c3-c3ccccc3)cc2)c2ccccc21,,,,520.0,,0.27,15.2,2.58,1.7,1.17,1.94,,0.32,1.8,pipd-BZ-DMAC | neat film | 520 | 15.2 | 24.8 | 1.7 | 1.17 | 0.270 || C | 2.58 | 528 || pipd-BZ-DMAC | Film | 8.0 | 3.2 | 1.8 | 19.4,Device C emitter.
10.1039-d1tc03937g.pdf,PDAD-SFAC,O=c1c2ccccc2n(-c2cccnc2)c2cc(N3c4ccccc4C4(c5ccccc5-c5ccccc54)c4ccccc43)ccc12,ppf,O=P(c1ccccc1)(c1ccccc1)c1ccc2oc3ccc(P(=O)(c4ccccc4)c4ccccc4)cc3c2c1,,,,484.0,79.0,0.018,91.0,26.8,8.1,2.3,,,,,Table 2 ... 484 79 ... 26.8 || Table S1 ... 15 wt% ... 476 ... 25.3; 20 wt% ... 484 ... 25.9; 25 wt% ... 484 ... 26.8 || Table 1 ... PDAD-SFAC ... 482 91 ... 8.1 2.3 0.018,"Doped film in PPF. Data merged for concentrations 15, 20, 25 wt%. PL data (25 wt%) peak 482 nm. EL peaks: 476 nm (15%), 484 nm (20%, 25%). The original text/table unit for delayed lifetime is ms, but the calculated kRISC (10^5 s^-1) is consistent with us, so values are treated as microseconds."
10.1039-c8tc00594j.pdf,"o,o'-NPh2",Cc1cc(C)c(B(c2ccccc2Cc2ccccc2N(c2ccccc2)c2ccccc2)c2c(C)cc(C)cc2C)c(C)c1,pure solid,Cc1cc(C)c(B(c2ccccc2Cc2ccccc2N(c2ccccc2)c2ccccc2)c2c(C)cc(C)cc2C)c(C)c1,,,375.0,445.0,58.0,,20.0,,,,,,,,with the full width at half maximum (FWHM) of 58 nm. || There are two main absorption bands that can be recognized: one centered at 301 nm and another broad band at around 375 nm. || emits deep blue light with the absolute fluorescence quantum yield of 0.2 || PL spectrum exhibits an unstructured peak located at 445 nm,Film emits deep blue light.
10.1039-d1tc05696d.pdf,DiPPOCzPN,N#Cc1cc(-n2c3ccccc3c3cc(P(=O)(c4ccccc4)c4ccccc4)ccc32)c(-n2c3ccc(P(=O)(c4ccccc4)c4ccccc4)cc3c3cc(P(=O)(c4ccccc4)c4ccccc4)ccc32)cc1C#N,dichloromethane,ClCCl,,,,465.0,,,61.0,,,,,,,,Table 1 ... 61 || Table 1 ... 465,"Delta_EST is listed as electronic gap (HOMO-LUMO) in Table 1, not singlet-triplet gap."
10.1002-adom.202102558.pdf,TXO-f-TPA,O=C1c2cc(-c3ccc(N(c4ccccc4)c4ccccc4)cc3)ccc2S(=O)(=O)c2ccc3c(c21)C(=O)c1cc(-c2ccc(N(c4ccccc4)c4ccccc4)cc2)ccc1S3(=O)=O,tpbi,c1ccc(-n2c(-c3cc(-c4nc5ccccc5n4-c4ccccc4)cc(-c4nc5ccccc5n4-c4ccccc4)c3)nc3ccccc32)cc1,,,,640.0,,,15.2,1.21,1.51,0.143,19.9,,0.217,1.21,Table S2 || Table 1,"PL peak 618 nm in film (10 wt%), EL peak 640 nm in Device B. Rates from Table 1."
10.1039-d3nj04201d.pdf,NI-PXZ-PhF,O=C1c2cccc3c(N4c5ccccc5Oc5ccccc54)ccc(c23)C(=O)N1c1ccc(F)cc1,toluene,CC1=CC=CC=C1,,,506.0,704.0,,,1.4,,,,,,,,Table 1 ... NI-PXZ-PhF TOL ... tPF 2.7 ns ... Phi_F 1.4% || Table 2 ... NI-PXZ-PhF TOL 9,Prompt fluorescence lifetime: 2.7 ns; No TADF observed; Singlet oxygen quantum yield: 9%
10.1021-acs.jpclett.9b00937.pdf,DMAc-PCN,CC1(C)c2ccccc2N(c2ccc(-c3c(C#N)c(-c4ccccc4)nc(-c4ccccc4)c3C#N)cc2)c2ccccc21,cbp,c1ccc2c(c1)c1ccccc1n2-c1ccc(-c2ccc(-n3c4ccccc4c4ccccc43)cc2)cc1,,,,525.0,,0.13,92.0,13.8,2.89,6.7,1.6,,1.2,,"four emitters show PL quantum yields (PLQYs) of... 92... % || Table 3... DMAc-PCN... EQEd[%] 13.8 || Table S4... DMAc-PCN... λem, max [nm]... 525 || Table 2... DMAc-PCN... kISC (1/s) 1.6×10^7 || Table 2... DMAc-PCN... PL max (nm) 525 || Table 2... DMAc-PCN... PLQY(%) 44/48 || Table 2... DMAc-PCN... kRISC (1/s) 6.7×10^5 || Table 2... DMAc-PCN... τd (ns) 2892.42 || Table 2... DMAc-PCN... kr,S (1/s) 1.2×10^7 || Table S4... DMAc-PCN... ∆EST [eV] d) 0.13",PLQY is the sum of prompt (44%) and delayed (48%) components. Lifetime is delayed fluorescence lifetime (2892.42 ns). EQE from vacuum-processed device; solution-processed device showed lower EQE (7.2%). Delta_EST is experimental.
10.1002-adma.201401393.pdf,TXO-TPA,O=C1c2ccccc2S(=O)(=O)c2ccc(-c3ccc(N(c4ccccc4)c4ccccc4)cc3)cc21,pure solid,O=C1c2ccccc2S(=O)(=O)c2ccc(-c3ccc(N(c4ccccc4)c4ccccc4)cc3)cc21,,,450.0,625.0,,,36.0,,,,,,,,Table S1 ... thin film 450 || absolute fluorescence quantum yields (ΦPL) of ... TXO-TPA film were ... 0.36 ± 0.02 || TXO-TPA has a red emission centered at 625 nm,"Emission peak and PLQY from text/table. Text says 625 nm, Table S1 says 630 nm."
10.1039-d0tc04465b.pdf,"5,8-DCNQx-DICz",N#Cc1ccc(C#N)c2nc(-c3ccc(-n4c5ccccc5c5c6c(c7ccccc7n6-c6ccccc6)c6c(c7ccccc7n6-c6ccccc6)c54)cc3)c(-c3ccccc3)nc12,ps,[*]C(C1=CC=CC=C1)C[*],,,,,,,40.0,,1600.0,11.2,0.842,6.25,0.16,0.0446,Table 2 ... 6.25 || Table 1 ... 1.6 [ms] || Table 2 ... 8.42 (header x10^6) || Table 2 ... 11.2 || Table 2 ... 1.60 (header x10^6) || Table 1 ... 40 || Table 2 ... 4.46 (header x10^5),1 wt% doping. Lifetime consists of prompt (99.8 ns) and delayed (1.6 ms) components.
10.1002-adom.201800935.pdf,oAcTBC,CC1(C)c2ccccc2N(c2cc(-c3ccc(C#N)cc3)c(C#N)c(-c3ccc(C#N)cc3)c2)c2ccccc21,toluene,CC1=CC=CC=C1,,,,509.0,76.0,,,,,,,,,,Table 1. Summary of key physical properties... oAcTBC... 509... 76,Solvatochromic effect study
10.1002-adma.202503383.pdf,m-DPAcPAz-BNCz,CC(C)(C)c1ccc2c(c1)cc1n2-c2ccc3c4c2B1c1cc(C(C)(C)C)cc2c5cc(C(C)(C)C)cc(c5n-4c12)-c1ccc(N2c4ccccc4C(c4ccccc4)(c4ccccc4)c4ccccc42)cc1-3,toluene,CC1=CC=CC=C1,,,491.0,515.0,34.0,0.13,98.0,,,,,,,,98 || 491 || 0.13 || 515 || 34,Fundamental photophysical properties in toluene.
10.1021-acs.jpca.4c01371.pdf,DBF4,Cc1cc(N(c2ccccc2)c2ccccc2)c2oc3cc(-c4nnc(C(C)(C)C)o4)ccc3c2c1,pmma,[*]CC(C)(C(OC)=O)[*],,,,,,,,,,,,,,,Table 2... DBF4... tau_PMMA 3.61,
10.1021-acs.chemmater.8b00006.pdf,55bpmAc,CC1(C)c2ccccc2N(c2ccc(-c3ncc(-c4cnc(-c5ccc(N6c7ccccc7C(C)(C)c7ccccc76)cc5)nc4)cn3)cc2)c2ccccc21,dpepo,O=P(c1ccccc1)(c1ccccc1)c1ccccc1Oc1ccccc1P(=O)(c1ccccc1)c1ccccc1,,,,516.0,,,99.0,24.9,21.8,0.79,0.78,0.46,1.04,,"Table 3... ΦF=57, ΦTADF=42 || Table 3 || maximum EQE of 24.9% || Figure S7... 516 nm (55bpmAc) || Transient PL analysis... films of... DPEPO... The short lifetimes (τp) (55-63 ns)... longer lifetime (τd) (17.1-37.5 μs)",Device EL peak 512 nm. PLQY calculated as sum of ΦF and ΦTADF. Lifetimes from text description of DPEPO films (Figure 4).
10.1021-acs.jpcc.4c02993.pdf,23CT,c1ccc(-c2nc(-c3ccccc3)nc(-c3cccc(-n4c5ccccc5c5ccccc54)c3-n3c4ccccc4c4ccccc43)n2)cc1,zeonex,[*]CC1C(C2CCC3C2)C3C(C[*])C1,,,375.0,,,,,,7.8,3.8,9.5,,,,"peaking at approximately 275 nm is the π−π* transition of the TRZ A unit and transitions between ∼300 and 340 nm are attributed to the π−π* absorption of the carbazole D unit. At low energies, a third band appears peaking at 375 nm assigned as “direct” CT absorption || Table 1 ... 23CT ... 501x8.3 || Table 1 ... 23CT ... 701x5.9 || Table 1 ... 23CT ... 3.0+/-7.8","Single exponential decay in DF. Absorption values are approximate for the family (TRZ peak ~275, Carbazole ~340, CT ~375)."
10.1002-adfm.202315935.pdf,TPAPyBPN,c1ccc(N(c2ccccc2)c2ccc(-c3cnc4nc5c6cccnc6c6ncccc6c5nc4c3)cc2)cc1,mcp,c1cc(-n2c3ccccc3c3ccccc32)cc(-n2c3ccccc3c3ccccc32)c1,,,,,,,68.0,,,,,,,,Table S5... 68,2 wt% doped film.
10.1039-d5tc00329f.pdf,tBCQBN,CC(C)(C)c1ccc2c(c1)c1cc(C(C)(C)C)ccc1n2-c1cccc(N2CCN3c4cccc5c4B(c4cccc2c43)c2cc(C(C)(C)C)cc3c4cc(C(C)(C)C)ccc4n-5c23)c1,thf,C1CCOC1,,,,494.0,48.0,,,,,,,,,,48 || 494,Data from SI Table 2.
10.1002-anie.202313084.pdf,t-BuCz-DABNA,CC(C)(C)c1ccc2c(c1)c1cc(C(C)(C)C)ccc1n2-c1cc2c3c(c1)N(c1ccccc1)c1cc4c(cc1B3c1ccccc1N2c1ccccc1)B1c2ccccc2N(c2ccccc2)c2cc(-n3c5ccc(C(C)(C)C)cc5c5cc(C(C)(C)C)ccc53)cc(c21)N4c1ccccc1,toluene,CC1=CC=CC=C1,,,460.0,466.0,12.0,0.02,94.2,,4.32,2.1,,,21.1,,"Table 1: The photophysical date of v-DABNA, Cz-DABNA and t-BuCz-DABNA.",HOMO/LUMO = -5.48/-2.87 eV (CV). Delta EST derived from spectral onsets.
10.1016-j.cej.2023.147218.pdf,CNQP-TPA,N#Cc1cc2nc3c4ccc(-c5ccc(N(c6ccccc6)c6ccccc6)cc5)nc4c4nc(-c5ccc(N(c6ccccc6)c6ccccc6)cc5)ccc4c3nc2cc1C#N,toluene,CC1=CC=CC=C1,,,510.0,669.0,,0.08,68.6,,,,,,,,"669 || 68.6 || 309, 388, 510 || 0.08",Absorption peaks and PL measured in toluene (10^-5 mol L-1).
10.1016-j.scib.2020.08.023.pdf,MeCz-TAZTRZ,Cc1ccc2c(c1)c1cc(C)ccc1n2-c1ccc(-c2nc3nc(-c4ccccc4)nc(-c4ccccc4)n3n2)cc1,toluene,CC1=CC=CC=C1,,,383.0,472.0,,0.36,90.4,,,,2.12,,19.1,,"Table 1 ... MeCz-TAZTRZ ... k_abs 383 ... k_em 472 ... DE(1CT-3LE) 0.36 || Table S4 ... MeCz-TAZTRZ ... ΦPL,N2 90.4 ... kr,S 19.1 ... kISC 21.2 [x10^6 s-1]",Solution properties. PLQY in N2.
10.1021-jacs.3c04132.pdf,SMAT-IPTZ,CC1(C)c2cccc3c2N2c4c(cccc4C(C)(C)c4cc(-c5nc6cccc7c6n5-c5ccccc5S7)cc1c42)S3,acetonitrile,CC#N,,,,541.0,,0.31,95.0,,,,,,,,Table S12 ... 0.31 || Table 2 ... 0.83/0.95 || Table 2 ... SMAT-IPTZ 541,No delayed emission.
10.1021-acsami.5c04911.pdf,CzTPT-PA,c1ccc(-c2nc(-c3ccccc3)nc(-c3ccc(-c4c(-n5c6ccccc6c6ccccc65)ccc5c4C4(c6ccccc6-5)c5ccccc5N(c5ccccc5)c5ccccc54)cc3)n2)cc1,chloroform,ClC(Cl)Cl,,,,521.0,,,,,,,,,,,521,
10.1002-cptc.202400259.pdf,DMAC-T-Ph,CC1(C)c2ccccc2N(c2ccc(-c3nc(-c4ccccc4)c4ccccc4n3)s2)c2ccccc21,heptane,CCCCCCC,,,383.0,491.0,,,27.0,,,,,,,,491[b] || 0.27[d] || 383,Degassed QY used.
10.1002-adom.201801190.pdf,o-BTH-DMF,CC1(C)c2ccccc2-c2ccc(-c3cc4nsnc4cc3-c3ccc4c(c3)C(C)(C)c3ccccc3-4)cc21,pure solid,CC1(C)c2ccccc2-c2ccc(-c3cc4nsnc4cc3-c3ccc4c(c3)C(C)(C)c3ccccc3-4)cc21,,,,452.0,,,9.9,,,,,,,,Table 1... 14.6/9.9/16.4 || Table 1... 449/452/453,
10.1039-d0tc00960a.pdf,Ac-BPCN,CC1(C)c2ccccc2N(c2ccc3nc4c5cc(C#N)ccc5c5ccc(C#N)cc5c4nc3c2)c2ccccc21,pbict,c1ccc(-c2nc(-n3c4ccccc4c4ccc5c6ccccc6n(-c6ccccc6)c5c43)nc(-n3c4ccccc4c4ccc5c6ccccc6n(-c6ccccc6)c5c43)n2)cc1,,,,615.0,,,,20.7,,,,,,,Table S2 ... 14.3 || Table 3 ... 597 || Table S2 ... 615 || Table 3 ... 20.7 || Table S1 ... 608 || Table S1 ... 15.7,"Data merged for 1%, 3%, and 5% doping concentrations respectively."
10.1002-adma.202003911.pdf,CzPhAP,N#Cc1nc2c(nc1C#N)-c1ccc(-c3ccc(-n4c5ccccc5c5ccccc54)cc3)c3cccc-2c13,ppt,O=P(c1ccccc1)(c1ccccc1)c1ccc2sc3ccc(P(=O)(c4ccccc4)c4ccccc4)cc3c2c1,,,,578.0,,0.24,57.0,11.0,,,,,,,"Table S3... PPT... 578 || emission maxima of 586, 578, and 560 nm || Table S3... PPT... 0.24 || Table S3... PPT... 57(50) || large ΔEST, 0.24 eV, as measured in the 6 wt% CzPhAP:PPT film || The absolute ΦPLs of these films are 56.6%, 47.4%, and 32.4% || The OLED shows... EQE of 11%","Shows organic long-persistent luminescence (OLPL) with duration > 1000 s. PLQY 57% (degassed), 50% (air). EL peak at 570 nm."
10.1016-j.cclet.2024.110066.pdf,DM-X,c1ccc(-c2nc(-c3ccccc3)nc(-c3ccccc3C3(c4ccccc4)c4ccccc4N(c4ccccc4)c4ccccc43)n2)cc1,dichloromethane,ClCCl,,,,540.0,,,8.7,,,,,,5.4,,Table 1... DM-X... 540... 8.7... 18.5... 5.4E + 07,Lifetime is tau_F from TRPL
10.1038-s41467-025-59893-x.pdf,DBACzPh,CC(c1ccc2c(c1)c1ccccc1n2-c1ccccc1)c1ccc2c3c1Oc1ccccc1B3c1ccccc1O2,mcbp,c1cc(-c2cccc(-n3c4ccccc4c4ccccc43)c2)cc(-n2c3ccccc3c3ccccc32)c1,,,355.0,450.0,,0.24,59.0,12.3,155.0,0.32,2.1,,0.37,,DBACzPh mCBP... 553 503... 054... 95/15... 54.9... 0.551... 73.0... 1.2... 23.0 || DBACzPh:mCBP... Device C... EQE 12.3,Film PLQY 51% Air / 59% Ar. Phosphorescence at 490 nm. Device A/C EL 455 nm.
10.1016-j.mtchem.2024.102239.pdf,23bCzSOB,C=C(C=CC)n1c2ccccc2c2cc3c4ccccc4n(-c4ccc(S(=O)(=O)c5ccc(-n6c7ccccc7c7cc8c9ccccc9n(-c9ccccc9)c8cc76)cc5)cc4)c3cc21,pure solid,C=C(C=CC)n1c2ccccc2c2cc3c4ccccc4n(-c4ccc(S(=O)(=O)c5ccc(-n6c7ccccc7c7cc8c9ccccc9n(-c9ccccc9)c8cc76)cc5)cc4)c3cc21,,,,449.0,,,70.4,14.9,23.2,1.57,,0.43,1.65,,"Table 2 ... 14.9 || Table 1 ... 440 || The reverse intersystem crossing rate constant (kRISC) of neat film for 23bCzSOB and 23bCzTPO are calculated to be 1.57 and 2.97 × 10^5 s−1, respectively. || Table S1 ... kd [10^4] ... 4.3 || Table S1 ... 23.2 || fast radiative radiation (kr S)... rate constants of 1.65... x 10^7 s-1 for 23bCzSOB || Table S1 ... 70.4 || Table 2 ... 449",Nondoped device EML. Device CEmax 29.5 cd/A.
10.1002-anie.202414383.pdf,2b,COc1cc2c(cc1OC)c1c3c4c(c5c6cc(OC)c(OC)cc6c6cc(C(C)(C)C)cc2c6c15)-n1c2ccc(C(C)(C)C)cc2c2cc(C(C)(C)C)cc(c21)B4c1cc(C(C)(C)C)cc2c4cc(C(C)(C)C)ccc4n-3c12,toluene,CC1=CC=CC=C1,,,545.0,585.0,46.0,0.19,65.7,,17900.0,,,,,,Table 1: ... 2b ... 545 || Table 1: ... 2b ... 17.9 [ms] || Table 1: ... 2b ... 46 || Table 1: ... 2b ... 585 || Table 1: ... 2b ... 0.19 || Table 1: ... 2b ... 65.7,Lifetime delayed is 17.9 ms. PLQY is the value after N2 bubbling.
10.1039-d1sc05753g.pdf,PhCzSPOTz,O=P(c1ccccc1)(c1ccccc1)c1nc(-c2ccccc2)nc(-n2c3ccccc3c3ccccc32)n1,pure solid,O=P(c1ccccc1)(c1ccccc1)c1nc(-c2ccccc2)nc(-n2c3ccccc3c3ccccc32)n1,,,373.0,484.0,,0.26,28.0,,12.4,0.319,0.441,0.095,0.087,0.225,"Table S1... PhCzSPOTz... 0.26[b] || Table S3... Pure host films... PhCzSPOTz... 0.95 || Table S3... Pure host films... PhCzSPOTz... 2.25 || Table S3... Pure host films... PhCzSPOTz... 28 || Table S1... PhCzSPOTz... 266/373[b] || Table S3... Pure host films... PhCzSPOTz... 4.41 || Table S3... Pure host films... PhCzSPOTz... 15.4 (PF ns), 12.4 (DF us) || Table S3... Pure host films... PhCzSPOTz... 0.87 || Table S3... Pure host films... PhCzSPOTz... 3.19 || Table S1... PhCzSPOTz... 484[b]",Pure host film properties.
10.1039-d4tc03450c.pdf,8a,CC(C)(C)c1ccc2c(c1)c1cc(C(C)(C)C)ccc1n2-c1ccc2c(c1)O[B-]1(c3ccccc3S(=O)(=O)c3ccccc31)[n+]1c-2oc2ccccc21,dichloromethane,ClCCl,,,421.0,545.0,,,47.0,,,,,,,,"Table 3 UV-vis absorption and emission data for 7a–7d, 8a–8d in solution",
10.1016-j.jphotochem.2024.115922.pdf,IQLO-PXZ,O=C1c2ccc(N3c4ccccc4Oc4ccccc43)cc2-c2nc3ccccc3cc21,mcbp,c1cc(-c2cccc(-n3c4ccccc4c4ccccc43)c2)cc(-n2c3ccccc3c3ccccc32)c1,,,,620.0,,,42.0,10.3,23.6,1.13,9.3,,1.67,2.31,1.13 || 1.67 || 9.4 || The films exhibit bright emissions peaking at 620 nm for IQLO-PXZ || 23.6 || 9.30 || 2.31 || 10.3 || respectable PLQYs of 42 %,PL properties from 10 wt% doped film; EQE from device with 5 wt% doped film.
10.1016-j.molstruc.2024.141219.pdf,PCNDPA-CF3,N#Cc1ccc(-c2cc(C(F)(F)F)ccc2N(c2ccccc2)c2ccccc2)cc1,dpepo,O=P(c1ccccc1)(c1ccccc1)c1ccccc1Oc1ccccc1P(=O)(c1ccccc1)c1ccccc1,,,,454.0,,,,6.53,,,,,,,PCNDPA-CF3 ... EQEmax of ... 6.53 % || PCNDPA-CF3 ... peak at 454 nm,
10.1039-d5sc01958c.pdf,DMe-3TCzBN,CC(C)(C)c1ccc2c(c1)c1cc(C(C)(C)C)cc3c1n2-c1cc2c(c4c1B3c1cc(C(C)(C)C)cc3c5cc(C(C)(C)C)ccc5n-4c13)-n1c3ccc(C(C)(C)C)cc3c3cc(C(C)(C)C)cc(c31)C2(C)C,phczbcz,C1(C2=CC(C(C=CC=C3)=C3N4C5=CC=CC=C5)=C4C=C2)=C(N6C(C=CC=C7)=C7C8=C6C=CC(N9C(C=CC=C%10)=C%10C%11=C9C=CC=C%11)=C8)C=CC=C1,,,,572.0,56.0,,90.0,34.7,98.2,0.13,0.19,,6.4,0.71,"3 568 56/0.21 ... 34.7 || 3 572 56/0.21 90... 98.2 6.4 7.1 1.9 1.3 || DMe-3TCzBN... peaking at... 569 nm, with exceptional FPL values of... 90%... EQE values of... 34.7%","Doped 3 wt% film. Delayed lifetime 98.2 us, prompt 11.2 ns. Device (3 wt%) EQE 34.7%."
10.1021-acs.jpclett.2c00435.pdf,AQ-PTZ-O,O=C1c2ccccc2C(=O)c2cc(N3c4ccccc4S(=O)c4ccccc43)ccc21,cyclohexane,C1CCCCC1,,,,521.0,,0.0,9.7,,1.533,,,,,,"The 1CS state energy of AQ-PTZ-O is 2.7 eV in CHX ... close to that of the 3AQ state (2.7 eV) || 521 j || 17.7/1533 j,r || 9.7 j || AQ-PTZ-O shows a luminescence lifetime of 17.7 ns (99.9%)/1.5 μs (0.1%) in deaerated CHX",Delta_EST approximated from the onset of CT emission (2.7 eV) and 3AQ state (2.7 eV). Lifetime is delayed fluorescence (1533 ns).
10.1021-acs.jpcc.6b10854.pdf,2CN-tCz,N#CC(C#N)=C(c1ccc(-n2ccc3ccccc32)cc1)c1ccc(-n2ccc3ccccc32)cc1,toluene,CC1=CC=CC=C1,,,438.0,566.0,,0.11,1.02,,,,,,,,Table 2 ... 2CN-tCz 438 || Table 2 ... 2CN-tCz ... 0.11 || Table 2 ... 2CN-tCz ... 1.02 || Table 2 ... 2CN-tCz ... 566,Stokes shift: 128 nm. T1: 2.32 eV. TADF characteristic was not detected. Prompt lifetime: 4.35 ns.
10.1002-adom.201600843.pdf,CzAc-26DPPM,CC1(C)c2cc(-n3c4ccccc4c4ccccc43)ccc2N(c2ccc(-c3cc(-c4ccccc4)nc(-c4ccccc4)n3)cc2)c2ccc(-n3c4ccccc4c4ccccc43)cc21,chloroform,ClC(Cl)Cl,,,382.0,556.0,,,,,,,,,,,Table S5 ... Chloroform ... 556 || Table S5 ... Chloroform ... 382,Solution data.
10.1038-s41377-024-01490-6.pdf,t-DABNA,CC(C)(C)c1ccc(N2c3ccc(C(C)(C)C)cc3B3c4cc(C(C)(C)C)ccc4N(c4ccc(C(C)(C)C)cc4)c4cccc2c43)cc1,mcbp,c1cc(-c2cccc(-n3c4ccccc4c4ccccc43)c2)cc(-n2c3ccccc3c3ccccc32)c1,,,,464.0,27.0,,,14.1,,,,,,,Table S1 ... 1 wt% t-DABNA: mCBP ... 14.1,Unsensitized device.
10.1002-adfm.201606458.pdf,DBT-BZ-DMAC,CC1(C)c2ccccc2N(c2ccc(C(=O)c3ccc4sc5ccccc5c4c3)cc2)c2ccccc21,pure solid,CC1(C)c2ccccc2N(c2ccc(C(=O)c3ccc4sc5ccccc5c4c3)cc2)c2ccccc21,,,,505.0,,0.08,80.2,14.2,2.9,2.75,1.6,,0.704,0.174,Table 1 ... Neat film ... kISC [× 10^6 s−1] 16.0 || Table 1 ... Neat film ... kF [× 10^6 s−1] 7.04 || Table 1 ... Neat film ... 505 || Table 1 ... Neat film ... kTADF [× 10^4 s−1] 27.5 || Table 1 ... Neat film ... τprompt [ns] 40.4 ... τTADF [µs] 2.9 || Table 1 ... Neat film ... 0.08 || Table 1 ... Neat film ... kIC [× 10^6 s−1] 1.74 || Table 2 ... Neat film ... 14.2 || Table 1 ... Neat film ... 80.2,Nondoped OLED efficiency reported.
