est,SMILES,ΔEST-PM7,ΔEST_ad_au,ΔEST_ad_eV,SOC_cm-1,k_r_s-1,fluorescence_time_ns,k_nr_s-1,k_isc_s-1,k_risc_s-1
est-1,c1cc(-n2c3ccccc3c3ccccc32)c(-c2nc3nccc4c5ccccc5n2c34)c(-n2c3ccccc3c3ccccc32)c1,0.2962,-0.00311544,-0.08477544116620085,0.2128379665,5947.10515,168149.0,33524487000.0,980820.099,10505.9202
est-3,Cn1c(=O)c2c(-c3ccc(N(c4ccccc4)c4ccccc4)cc3)ccc3c4ccccc4sc4cccc1c4c23,0.0486,0.01013638,0.27582495131610785,0.1414213562,17145.0555,58325.85,113256512000.0,0.0106792932,0.256717783
est-4,CC1(C)c2ccccc2N2c3ccccc3-c3cccc(C(=O)c4ccccc4)c3C21,0.1492,-0.00733566,-0.19961347762924433,0.3001666204,34748.6789,28778.07,143677896000.0,8284346.86,277.600428
est-7,O=c1c2c(-c3ccc(N(c4ccccc4)c4ccccc4)cc3)cccc2c2ncccc2n1-c1ccccc1,0.0332,-0.00730228,-0.19870516155635326,0.0173205081,95.7054023,10448700.0,8358680040.0,1.12984175,2.73424847e-05
est-10,COc1ccc(-c2cc(=O)c3ccc(N4c5ccc(C)cc5C(C)(C)c5cc(-c6cccc(C#N)c6)ccc54)cc3o2)cc1,0.0301,-0.0056468,-0.15365725585384504,0.03,33483.6443,29865.33,3488574970.0,494.259471,0.0416122169
est-13,O=c1c2ccc(C(F)(F)F)cc2c2c(-c3ccc(N(c4ccccc4)c4ccccc4)cc3)cccc2n1Cc1ccccc1,0.1834,0.00658553,0.17920140046454136,0.0458257569,2263108.52,441.87,55404531300.0,6.47307955,0.00409508353
est-14,c1ccc(N(c2ccccc2)c2ccc(-c3cc4cccnc4nc3-c3cc(-c4cccnc4)nc(-c4cccnc4)c3)cc2)cc1,0.1207,-0.00198307,-0.05396208372283142,0.0547722558,54147.2047,18468.17,85196757200.0,0.00302326103,4.23238859e-05
est-18,COc1ccc(-c2cc(=O)c3ccc(N4c5ccc(C)cc5C(C)(C)c5cc(-c6cc(C#N)ccc6C)ccc54)cc3o2)cc1,0.0218,-0.00417642,-0.1136461777454692,0.0173205081,25889.7826,38625.28,3810351000.0,59408.5524,55.612801
est-22,FC(F)(F)c1cc(-c2ccc(N(c3ccccc3)c3ccccc3)cc2)c(C(F)(F)F)nc1-c1cccnc1,0.0417,0.00267896,0.07289821529755201,0.1708800749,22264.059,44915.44,32023460100.0,116.960188,6.96858241
est-23,FC(F)(F)c1nc(N2c3ccccc3Oc3ccccc32)ccc1-c1ccc(-c2cnccn2)cc1,0.0566,-0.01544943,-0.42040040701035436,0.0173205081,2.96454266e-05,33732000000000.0,203487.795,0.0171205914,1.05658079e-07
est-24,FC(F)(F)c1ncc(-c2cccc(-n3c4ccccc4c4ccccc43)c2C(F)(F)F)o1,0.1844,0.00226807,0.061717328802938,0.144222051,27922.8375,35812.98,50864882700.0,107047.682,4249.05787
est-25,FC(F)(F)c1cc(-c2ccccc2)c(C(F)(F)F)c(C(F)(F)F)c1-c1ccc(N(c2ccccc2)c2ccccc2)cc1,0.0272,-0.01234206,-0.3358445617311586,0.03,7640.91505,130874.0,45677601700.0,368.028988,392.060571
est-26,FC(F)(F)c1cc(C(F)(F)F)c(C(F)(F)F)cc1-c1ccc(N(c2ccccc2)c2cccc3ccccc23)cc1,0.2752,0.00013229,0.0035997942864817523,0.02,6.29672005,158813000.0,1153997280.0,0.0517346727,0.15830185
est-27,N#Cc1ccc(-c2nc3c(nc2-c2ccc(N(c4ccccc4)c4ccccc4)cc2)nc(-c2ccc(C#N)cc2)n3-c2ccc(C#N)cc2)cc1,0.0613,-0.00495972,-0.1349608565919516,0.1024695077,121545.258,8227.39,242833855000.0,257.45209,0.279729982
est-30,FC(F)(F)c1cc(-c2cnc3ncccc3c2)c(-n2c3ccccc3c3ccccc32)cc1C(F)(F)F,0.2084,1.978e-05,0.0005382412199456426,0.3734969879,266064.514,3758.49,25872005400.0,198441.4,245894.687
est-31,Cc1cc(-c2cc(-c3ccccc3)nc(-n3c4ccccc4c4cccc(-n5c6ccccc6c6ccccc65)c43)c2)ccc1C#N,0.1037,-0.01139646,-0.3101134748969524,0.0574456265,15444.9483,64746.09,2949500870.0,370711.58,0.216231027
est-32,N#Cc1cnc2c(-c3ccncc3)cccc2c1-c1ccc(N(c2ccccc2)c2ccccc2)cc1,0.0935,0.00037918,0.01031801343675373,0.0223606798,1982.44201,504428.0,58468414300.0,0.00692168716,0.011402544
est-33,FC(F)(F)c1cc(-c2ccccn2)c(C(F)(F)F)cc1-c1ccc(N(c2ccccc2)c2ccccc2)cc1,0.0896,0.00517872,0.14092015017982298,0.213541565,4492.5017,222593.0,5027558780.0,2356.38712,8.03831921
est-37,O=C1c2ccc3c(oc4ccccc43)c2C(=O)N1CCCCn1c2ccccc2c2ccccc21,0.023,-0.03161095,-0.8601777700526143,0.0141421356,1198907.66,834.09,83355434.2,273.303724,260.437937
est-40,N#Cc1cc(-c2ccc(N(c3ccccc3)c3ccccc3)cc2)cc2c1C(c1ccccc1)(c1ccccc1)C(=O)c1ccccc1-2,0.1501,0.00613426,0.16692171819331433,0.51,1029295.67,971.54,69153533500.0,3218.46542,12.0353866
est-41,CC1(C)c2ccccc2N(c2ccccc2)c2ccc(Oc3cncc(C#N)c3-n3c4ccccc4c4ccccc43)cc21,0.0455,-0.02688136,-0.7314790697774519,0.0761577311,271907.466,3677.72,75940093700.0,372069.315,-2.80897901e-07
est-42,FC(F)(F)c1cc(-c2ccc(-n3c4ccccc4c4ccccc43)c(C(F)(F)F)n2)cc(C(F)(F)F)c1,0.1354,-0.00761952,-0.2073377017290305,0.0141421356,18.7911183,53216600.0,1780875200.0,0.271090986,0.000375061448
est-45,FC(F)(F)c1nc(-c2cncnc2)ccc1-c1ccc(N(c2ccccc2)c2ccccc2)cc1,0.0104,0.00482218,0.1312182025276784,0.3117691454,144904.872,6901.08,58818092100.0,7.37952371,0.0824512143
est-47,N#Cc1nc(C(F)(F)F)ccc1-c1ccc2ccc(-c3ccc(N(c4ccccc4)c4ccccc4)cc3)cc2c1,0.0055,0.00031518,0.008576484717010497,0.1590597372,5530.52532,180815.0,7560088030.0,3.7782748,0.553359086
est-50,COC(=O)c1cc2cc(N3c4ccc(-c5ccccc5)cc4C(C)(C)c4cc(-c5ccccc5)ccc43)ccc2o1,0.0259,-0.01404378,-0.3821507219336814,0.0141421356,217254.633,4602.89,1111881650.0,3447.9925,4.65459404e-05
est-51,Cc1ccccc1-c1ccc2c(c1)C(C)(C)c1cc(-c3c(C)cccc3C)ccc1N2c1ccc2c(c1)COC2=O,0.0199,-0.01311834,-0.35696821664619416,0.0282842712,21618.7877,46256.06,1291953410.0,554.802532,0.000210202104
est-52,N#Cc1ccccc1-c1c(C#N)c(-c2ccccc2)nc(-c2ccccc2)c1Cc1ccccc1N(c1ccccc1)c1ccccc1,0.0118,-0.00693755,-0.18878035265085405,0.0,,,,1259620140000000.0,87689908700.0
est-53,CC1(C)c2ccccc2N(c2ccc(C#N)cc2-c2cccn3ncnc23)c2ccccc21,0.0494,-0.00376329,-0.10240433774566417,0.2385372088,56339.5041,17749.53,36118648900.0,14871599.1,43333.9386
est-54,c1ccc2c(c1)Oc1ccccc1N2c1cc(-c2cccn3c2nc2ccccc23)ccn1,0.1554,-0.02061617,-0.5609945647829504,0.0,0.00345374308,289541000000.0,345879497.0,5.20314815e+18,43552582.0
est-55,FC(F)(F)c1cc(-c2ncccn2)cc(-c2cccnc2)c1-c1ccc(N(c2ccccc2)c2ccccc2)cc1,0.0467,0.0022346,0.06080656370528479,0.0244948974,1322913.43,755.91,89101159500.0,9.86984714,0.233203735
est-56,Cc1ccc(C2(c3ccc(C)cc3)c3cc(C)ccc3N(c3c(C)c(C)nc(C)c3C#N)c3ccc(C)cc32)cc1,0.0221,-0.01825234,-0.49667147363309655,0.0412310563,11323.7906,88309.65,296301199.0,3881.71609,3.42750365e-06
est-57,Cc1ccc2c(c1)C(c1ccccc1)(c1ccccc1)c1cc(C)ccc1N2c1ccc(C(=O)c2ccccc2)nc1C,0.0386,-0.01325071,-0.36057018784357564,0.0565685425,0.50827641,1967430000.0,107300670.0,520.441707,6.09275551e-05
est-58,CC1(C)CC(=O)c2cccc(-c3ccc(N(c4ccccc4)c4ccccc4)cc3)c2C1,0.0944,0.00498653,0.13569039385720655,0.9508943159,1602158.14,624.16,19241967900.0,46174398.0,1251296.51
est-59,N#Cc1cc(-c2ccccn2)c(-c2ccccc2)cc1N1c2ccccc2CCc2ccccc21,0.0405,0.00018358,0.004995466287038477,0.0519615242,,,,0.000433757846,0.000533560553
est-60,N#Cc1cccc2c(N3c4ccccc4CCc4ccccc43)cc(N3c4ccccc4CCc4ccccc43)nc12,0.2323,0.00022956,0.006246645826629005,0.1732050808,128746.897,7767.18,46308271200.0,2200.52076,6670.91597
est-61,FC(F)(F)c1ncc(-c2cccc(-c3ccc(N(c4ccccc4)c4ccccc4)cc3)c2C(F)(F)F)o1,0.0814,-0.00165423,-0.04501389146970073,0.08,5740.31184,174207.0,10340076600.0,10.5558363,0.779536053
est-66,N#Cc1cc(-c2ccc(C(F)(F)F)cc2)cc(-c2ccc(C(F)(F)F)cc2)c1-c1ccc(-n2c3ccccc3c3ccccc32)nc1,0.2018,0.00157919,0.04297194904580179,0.0781024968,8979.6478,111363.0,652393717.0,144.965208,49.8549147
est-68,CC1(C)c2ccccc2N(c2cc(-c3ccc4c(=O)c5ccccc5c5ccccc5c4c3)cc(-c3cccc4ccccc34)c2)c2ccccc21,0.2625,-0.01442432,-0.3925057428557296,0.0173205081,5870.09952,170355.0,27920257400.0,13748.4325,0.000326704002
est-69,c1ccc(N2c3ccccc3C(c3ccccc3)(c3ccccc3)c3cccc(-c4cncc(-c5ncccn5)c4)c32)cc1,0.1659,0.00216318,0.05886312649959631,0.1319090596,280644.022,3563.23,24732226900.0,2.27308322,0.722361262
est-70,FC(F)(F)c1cc(-c2ccc(-c3cnc(C(F)(F)F)nc3)cc2N(c2ccccc2)c2ccccc2)cc(C(F)(F)F)c1,0.2265,-0.00158926,-0.04324596770529889,0.2179449472,1219.25975,820170.0,11912499300.0,258.771748,9.03709932
est-71,FC(F)(F)c1cc(-c2cnccn2)c(C(F)(F)F)cc1-c1ccc(N(c2ccccc2)c2ccccc2)cc1,0.0551,0.00130692,0.035563104912606634,0.1148912529,12832.8927,77924.75,14911457200.0,320.875908,47.7717778
est-76,COc1nc2cc(N3c4ccccc4C(C)(C)c4ccccc43)ccc2cc1C,0.0499,-0.01645451,-0.44775002709847195,0.0707106781,35952.4641,27814.51,886621.47,609476.753,0.00111077517
est-81,Cc1cccc(N2c3ccccc3Oc3ccccc32)c1Cc1cc(-c2cccnc2)nc(-c2cccnc2)c1,0.1504,-0.00943671,-0.2567859607013774,0.02,109.406212,9140250.0,1007684230.0,17463.8814,0.0150379858
est-83,Cc1nc(-c2ccc(-c3ccc(N(c4ccccc4)c4ccccc4)cc3)c(C#N)c2)n(C)c1C#N,0.2153,0.00929043,0.2528054791213143,0.3725587202,58240.0625,17170.31,81531011.2,440.920985,0.0913085698
est-84,COC(=O)c1cc(C#N)ccc1-c1c(C)cc(-c2ccc(OC)cc2OC)cc1C,0.2319,0.00112053,0.030491174630216934,0.0282842712,14450.188,69203.25,2557232630.0,0.32699561,0.227991885
est-86,N#Cc1cnc2c(N3c4ccccc4C(c4ccccc4)(c4ccccc4)c4ccccc43)cccc2c1,0.0177,-0.01648815,-0.448665418131787,0.0412310563,1.50415059,664827000.0,167318137.0,19680.0091,0.000199278849
est-88,CC1(C)c2ccccc2N(c2c(-c3ccccc3)cnc3ncccc23)c2ccccc21,0.0358,-0.00986456,-0.26842835230672335,0.1144552314,132636.322,7539.41,5016728.79,1903867.38,22.8883524
est-89,O=c1c2ccccc2c(=O)n(-c2ccccc2)c2nc(-c3ccccc3)nc(-n3c4ccccc4c4ccccc43)c12,0.1817,-0.00632851,-0.1722075299715975,0.3722902094,37.1774225,26898000.0,10549964900.0,361826.418,787.453453
est-94,CC1(C)c2ccccc2N(c2cc3c(cc2F)nc(-c2ccccc2)n3-c2ccccc2)c2ccccc21,0.0627,-0.00174052,-0.04736196198886703,0.0435889894,8581.37545,116531.0,13671978200.0,1079.53808,43.1967898
est-96,N#Cc1ccc(-c2cc(-c3cccnc3)nc(-c3cccnc3)c2)c(-c2ccc(N(c3ccccc3)c3ccccc3)cc2)c1,0.0592,-0.00359868,-0.0979250714557121,0.06164414,818.757677,1221360.0,2088004370.0,383.16208,1.64057145
est-97,FC(F)(F)c1ccc(-n2c3ccccc3c3ccccc32)c(-c2cc(C(F)(F)F)ncn2)c1,0.1033,-0.01007947,-0.2742763513248487,0.03,256.6289,3896680.0,12428974600.0,4.7228181,0.0001344649
est-99,CC1(C)c2ccccc2N(c2c(-c3cccc(-c4ncccn4)c3)ccc3ncccc23)c2ccccc21,0.0429,-0.00408146,-0.11106218450755019,0.3203123476,89960.2458,11116.02,8260308370.0,9689011.56,61635.3071
est-101,CCCCn1c(=O)c2c(-c3ccc(N(c4ccccc4)c4ccccc4)cc3)ccc3sc4cccc1c4c32,0.0665,0.00916819,0.24947915926660472,0.1445683229,9009562.15,110.99,121565460000.0,44213.8672,1.48095632
est-102,Cc1cc(-c2ncccn2)cc(-c2ccccc2)c1N1c2ccccc2N2c3ccccc3Oc3cccc1c32,0.0451,-0.01619851,-0.44078391221949903,0.0591607978,288532.912,3465.81,9157814380.0,510151.968,0.00168565499
est-103,COc1ccc(N(c2ccc(OC)cc2)c2ccc(-c3cc4c(c(-c5ccc(N(c6ccc(OC)cc6)c6ccc(OC)cc6)cc5)c3)CCCCC4=O)cc2)cc1,0.295,0.00360504,0.09809813587223658,0.0519615242,1407.75459,710351.0,6233870160.0,4.87076868,0.51933691
est-104,CCCN1C(=O)c2cc3c(=O)n(CCC)c4cccc(-c5ccc(N(c6ccccc6)c6ccccc6)cc5)c4c3cc2C1=O,0.046,-0.01627604,-0.44289361099515046,0.0331662479,155078.095,6448.36,63676508000.0,21.550679,6.37069841e-08
est-107,c1ccc(-c2cc(-c3ccccc3)nc(N3c4ccccc4N4c5ccccc5Oc5cccc3c54)c2)cc1,0.0458,-0.0206533,-0.5620049235542639,0.0,8479.55048,117931.0,315737528.0,1.27628119e+18,56140593.6
est-108,CC1(C)c2cc(-c3ccccc3)ccc2N(C2=Cc3ccccc3C(=O)c3ccccc3O2)c2ccc(-c3ccccc3)cc21,0.091,-0.01126899,-0.3066448394921763,0.1456021978,539149.029,1854.77,56909948300.0,1859683.31,3.63797897
est-110,CCCCN1C(=O)c2cccc3c(=O)n(CCCC)c(-c4ccc(N(c5ccccc5)c5ccccc5)cc4)c(c23)C1=O,0.0173,0.00976957,0.265843542727217,0.0223606798,1577.97944,633722.0,10272688500.0,233.591627,238.786457
est-111,c1ccc2c(c1)Oc1ccccc1N2c1cc2c3cccc4c5ccccc5n(c2cn1)c43,0.0163,-0.02310856,-0.6288159517485884,0.0141421356,0.0,inf,1257258630.0,3513.69605,1.94375928e-05
est-112,FC(F)(F)c1cc2cc(-c3ccc(N(c4ccccc4)c4ccccc4)cc3)cnc2nc1C(F)(F)F,0.1548,0.00156721,0.04264595663857485,0.153622915,14127.2383,70785.24,29152473600.0,1.30469532,0.0132817444
est-113,Cc1ccc(N2c3ccccc3Oc3ccccc32)c(C)c1-c1ccn2ncnc2n1,0.0071,-0.02150285,-0.585122356739543,0.03,197660.255,5059.19,18899421500.0,48773.1025,2.15302796e-05
est-115,FC(F)(F)c1cc(-n2c3ccccc3c3c4c(ccc32)N(c2ccccc2)c2ccccc2C4)cc(C(F)(F)F)c1,0.0971,-0.01615854,-0.43969627311124687,0.0,423.511899,2361210.0,1774970680.0,1989974440000000.0,25554438500000.0
est-117,FC(F)(F)c1cnc2nc(-c3ccc(N(c4ccccc4)c4ccccc4)cc3)c(-c3ccc(N(c4ccccc4)c4ccccc4)cc3)cc2c1,0.0507,0.00180375,0.049082537941200856,0.196468827,531183.824,1882.59,1438192980.0,29.2671917,983.833206
est-118,FC(F)(F)c1ccnc2nc(-c3ccc(N(c4ccccc4)c4ccccc4)cc3)c(-c3ccc(N(c4ccccc4)c4ccccc4)cc3)nc12,0.0846,0.00046856,0.012750167139420137,0.1095445115,20730.3162,48238.53,84340820200.0,0.116432364,0.0355353645
est-121,Cc1cccc2c3cccc(C)c3n(-c3ccc4c(c3)-c3cc(C#N)ccc3-c3ccccc3O4)c12,0.1767,-0.00205464,-0.05590960263645678,0.0632455532,67324.1841,14853.5,440076405.0,188174.81,1372.23929
est-123,c1ccc(-n2c3ccccc3c3c4c(ccc32)c2ccccc2c2nc(N3c5ccccc5Oc5ccccc53)ccc24)cc1,0.1143,-0.0105963,-0.28834001207836263,0.0424264069,0.0388406851,25746200000.0,763562926.0,335.471174,0.000344694016
est-125,c1ccc2c(c1)Oc1ccccc1N2C1c2ccccc2-c2nc3ccccc3nc2-c2ccccc21,0.0099,-0.0191967,-0.5223688183483578,0.01,26805.7809,37305.39,25359438500.0,10874.525,1.35603997e-07
est-127,Cc1cc(N2c3ccccc3Oc3ccccc32)c(C)cc1-c1ccn2ncnc2n1,0.0144,-0.0232421,-0.6324497602678777,0.0141421356,0.0,inf,9294485790.0,18407.8737,9.92044236e-08
est-130,Cc1ccc(-c2c(C#N)ccc3c2C(=O)CC3)cc1N1c2ccccc2C(C)(C)c2ccccc21,0.0063,-0.02647515,-0.7204255325704692,0.0331662479,784.668343,1274420.0,4428621040.0,111551.39,3.97826183e-07
est-131,O=C1c2c(c3c(-c4ccc(N(c5ccccc5)c5ccccc5)cc4)cccc3n(-c3ccccc3)c2=O)C(=O)N1C1CCCCC1,0.0626,-0.01566429,-0.42624704545916736,0.01,0.0671089051,14901200000.0,557365213.0,0.0254882219,2.21094794e-06
est-133,c1ccc(-c2nnc3c4ccc(N5c6ccccc6Oc6ccccc65)c5cccc(c54)n23)cc1,0.0121,-0.01054197,-0.2868616174636181,0.0141421356,195.885868,5105010.0,1372827260.0,2012.41034,0.00377251627
est-134,CC(C)(C)c1ccc(N(c2ccc(-c3nc4cccnc4nc3-c3ccccn3)cc2)c2ccc(C(C)(C)C)cc2)cc1,0.0477,-0.0089535,-0.24363714675345355,0.0173205081,159.426792,6272470.0,188326814.0,11.2590583,0.23518564
est-136,CC1(C)c2ccccc2N(c2cc3nc(C#N)c(C#N)n3c3ccccc23)c2ccccc21,0.0188,-0.0081743,-0.22243403459057973,0.0,0.0,inf,1582538.42,3.05667315e+17,21456835600000.0
est-137,c1ccc(N(c2ccccc2)c2ccc(-c3nc4ncccc4cc3-c3ccncc3)cc2)cc1,0.0873,0.00347227,0.09448528012035674,0.0574456265,1112665.26,898.74,236016238000.0,215.164046,5.39432281
est-139,N#Cc1ccc(-c2cc3c4c(c2)Oc2ccccc2N4c2ccccc2O3)c(C#N)c1-c1ccccc1,0.1069,0.00550726,0.14986017901707988,0.0848528137,23452340.4,42.64,256077983.0,442966.584,1509.86716
est-140,O=c1c2cccc3c4ccccc4n(c4c(N5c6ccccc6Oc6ccccc65)ccc5c6ccccc6n1c54)c23,0.0437,-0.00776498,-0.2112958699723719,0.0331662479,444087.706,2251.81,491826025.0,366.54422,0.0111978232
est-141,O=C(c1ccccc1)c1cn(-c2ccccc2)c2nc(-c3ccc(N4c5ccccc5Oc5ccccc54)cc3)ccc12,0.0497,-0.01712365,-0.4659582540911124,0.0,125.957498,7939190.0,12552284900.0,6.03613809e+18,1743807000.0
est-143,c1cncc(-c2c(N3c4ccccc4Oc4ccccc43)c3ccccc3c3cnc(-c4ccncc4)cc23)c1,0.042,-0.01386302,-0.37723199175585653,0.0591607978,776.933349,1287110.0,5622237110.0,10.9304524,1.81414569e-06
est-145,N#Cc1ccc2c(c1)c1nc3ccccc3nc1n2-c1ccccc1N(c1ccccc1)c1ccccc1,0.029,-0.00428434,-0.11658283054913623,0.0714142843,73434.7413,13617.53,644307950.0,860930.649,444.635894
est-146,N#Cc1ccc(-c2nc(N3c4ccccc4Oc4ccccc43)c3ccccn23)cc1,0.2887,0.00388246,0.10564711864459857,0.1034408043,17822.7686,56108.01,9831239300.0,0.887201516,0.0438920077
est-147,Fc1cc(-c2nnc3sc4ccccc4n23)ccc1N1c2ccccc2Oc2ccccc21,0.1552,-0.0172784,-0.47016921611267903,0.0331662479,252.661366,3957870.0,11620196600.0,136241.146,7.17761091e-05
est-148,c1ccc(-c2cc(N3c4ccccc4Oc4ccccc43)nc3c2ccc2c3c3ccccc3n2-c2ccccc2)cc1,0.1335,-0.01442704,-0.3925797578263187,0.03,0.174280245,5737880000.0,604582355.0,2863.38293,4.62079413e-05
est-150,O=C(c1ccccc1)c1cc2c3cccc4c5cc(-c6ccc(N(c7ccccc7)c7ccccc7)cc6)ccc5n(c2cn1)c43,0.118,0.00353874,0.09629402096412756,0.0761577311,15116485.2,66.15,76082983400.0,196.012085,46.0856252
est-151,COc1ccccc1-c1ccc2c(c1)C(C)(C)c1cc(-c3ccccc3OC)ccc1N2c1ccc2c(c1)COC2=O,0.0416,-0.01261234,-0.34319925520572425,0.0282842712,42977.9308,23267.76,169837811.0,609.438773,0.000108999146
est-152,c1ccc2c(c1)Sc1ccccc1N2c1cccc2ccc3c4ncncc4c4ccccc4c3c12,0.1212,-0.0080204,-0.21824620224732216,0.1435270009,65519.602,15262.61,56909946800.0,458082.841,3.26729608
est-154,c1ccc(-c2cc(-c3ccc4cccnc4n3)ccc2N2c3ccccc3Oc3ccccc32)cc1,0.021,-0.01892832,-0.5150658265076595,0.0458257569,202462.368,4939.19,15505036300.0,61387.8079,3.49894599e-05
est-155,FC(F)(F)c1cnc(C(F)(F)F)c(C(F)(F)F)c1-c1ccc(N(c2ccccc2)c2ccccc2)cc1,0.0202,-0.01318323,-0.3587339634996964,0.0223606798,4353.97533,229675.0,94649146500.0,1.68404883,2.83753899e-05
est-156,CC1(C)c2ccccc2N(c2nc3nc4ccc5ccccc5c4nc3cc2-c2ccccc2)c2ccccc21,0.0257,-0.02059828,-0.5605077530830097,0.0346410162,7466.3634,133934.0,143847780000.0,106528.931,5.32108182e-07
est-160,Cc1ccc2c(c1)Sc1ccc(C)cc1N2c1ccc2c(=O)cc(-c3ccccc3C)oc2c1,0.0277,-0.01814334,-0.49370543253228394,0.0141421356,0.0424152769,23576400000.0,23260938.0,1281.93631,7.09033026e-07
est-161,O=C(c1ccccc1)c1ccc2nc(N3c4ccccc4Oc4ccccc43)c3ccccc3c2n1,0.0433,-0.02246511,-0.6113067852686075,0.0173205081,0.00555399609,180051000000.0,1058303800.0,5346.78931,-1.32314603e-07
est-163,c1ccc2c(c1)Oc1ccccc1N2c1ccc(-c2cccc3c2nc2ccccn23)cn1,0.2912,-0.00851028,-0.23157651614150676,0.0,0.0,inf,115682043.0,907280269000.0,171596377000000.0
est-164,Cc1cccc(N2c3ccccc3Oc3ccccc32)c1Cc1cc(-c2cnccn2)cc(-c2ncccn2)c1,0.0569,-0.01791467,-0.4874830048394138,0.02,59.2211636,16885900.0,47754.6062,0.0953593624,8.88169875
est-165,CC1(C)c2ccccc2N(c2ccc(-c3cc4cccnc4nc3C#N)c(C#N)c2)c2ccccc21,0.0034,-0.021473,-0.5843100968601003,0.0,16.2966271,61362400.0,450442234.0,5761948680000.0,-28247204.8
est-166,Cc1cc(N2c3ccccc3Oc3ccccc32)cc2c(=O)c3ccccc3c(=O)n(-c3ccc(C(C)(C)C)cc3)c12,0.0517,-0.02448646,-0.6663105208569353,0.0141421356,0.352851031,2834060000.0,122325776.0,6132.09798,-3.15565663e-08
est-167,CC1(C)c2ccccc2N(c2c(C#N)c3cccn3c(=O)c3ccccc23)c2ccccc21,0.1565,-0.00261097,-0.07104811314668728,0.01,508.13945,1967960.0,383743976.0,6162.67213,19.9360802
est-168,Cc1cc(N2c3ccccc3Oc3ccccc32)cc(-c2ccn3ncnc3n2)c1C,0.0132,-0.02229229,-0.6066041134975758,0.0173205081,29346.6323,34075.46,38314234800.0,11624.6363,6.80513092e-06
est-169,Cc1nc(C)c2cccc(N3c4ccccc4Oc4ccccc43)c2c1N1c2ccccc2Oc2ccccc21,0.0175,-0.01563346,-0.4254081184212035,0.0141421356,170.693274,5858460.0,35577124700.0,13956.9333,0.000317730611
est-172,CC1(C)c2ccccc2N(c2c(C#N)cc(-c3ncccn3)c3cnccc23)c2ccccc21,0.0187,-0.01336398,-0.3636524215636587,0.0282842712,508.835047,1965270.0,45876042000.0,70402.3493,0.00564578373
est-173,COc1ccc(N(c2ccc(OC)cc2)c2ccc(-c3cc(-c4cc(C#N)cc(C#N)c4)nc4ccccc34)cc2)cc1,0.0632,-0.00897491,-0.24421974253298012,0.0583095189,23.0639032,43357800.0,149370639.0,11.5574886,9.32212455
est-174,COc1cccc(C)c1-c1ccc2c(c1)C(C)(C)c1cc(-c3ccccc3)ccc1N2c1ccc2c(c1)COC2=O,0.0406,-0.00964781,-0.2625302843379055,0.0316227766,9377.69569,106636.0,8173059780.0,960.609946,0.00121323774
est-175,c1ccc(-c2cc(-c3ccccc3N3c4ccccc4Oc4ccccc43)nc3nccn23)cc1,0.0555,-0.00243066,-0.06614162809267318,0.0346410162,89118.9965,11220.95,42550959200.0,37.0830512,3.10857189
est-176,CB(c1ccccc1)c1c(-c2ccccc2)cccc1N1c2ccccc2C(C)(C)c2ccccc21,0.0638,-0.0116364,-0.3166425749128147,0.0435889894,6631.35851,150799.0,20012078100.0,188178.144,1.09416749
est-178,FC(F)(F)c1cnc2nc(-c3ccccc3-c3ccc(N(c4ccccc4)c4ccccc4)cc3)cnc2c1,0.0226,-0.01618747,-0.4404834985153433,0.0435889894,6190.08897,161549.0,320815876.0,13.4408004,-1.87704431e-06
est-180,c1ccc(-c2nc3ccc(-c4ccc(N5c6ccccc6N(c6ccccc6)c6ccccc65)cc4)cn3c2-c2ccccc2)cc1,0.2083,-0.01337928,-0.36406875577322234,0.0244948974,0.0179741011,55635600000.0,89630585.6,8.82486838,7.01080075e-07
est-181,N#Cc1cc(C#N)c(-c2cccc3c2Cc2ccccc2N3c2ccccc2)cc1-c1ccccc1,0.0143,-0.01615235,-0.43952783463038425,0.0519615242,18495.4466,54067.36,71299336000.0,335511.781,0.00147627815
est-182,CCCCn1c2ccc(-c3ccc(N(c4ccccc4)c4ccccc4)cc3)cc2c2cc3c(cc21)C(=O)N(c1ccccc1)C3=O,0.1232,-0.00349344,-0.09506134516718431,0.0953939201,2439089.13,409.99,120323227000.0,2179952.13,3008.7807
est-187,Cn1c2ccccc2c2c(-c3ccnc(N4c5ccccc5Oc5ccccc54)c3)nc(-c3ccccc3)nc21,0.0184,-0.02534774,-0.6897471436028798,0.01,0.174869627,5718550000.0,231826713.0,5872.1952,1.49676755e-07
est-189,Cn1c2ccccc2c2c(-c3ccnc(N4c5ccccc5Oc5ccccc54)c3)ncnc21,0.0221,-0.0269317,-0.732848890961075,0.01,0.461001659,2169190000.0,779713431.0,4805.06221,0.000111929295
est-191,N#Cc1ncc(-c2ccc(-n3c4ccccc4c4c(N(c5ccccc5)c5ccccc5)cccc43)cc2)nc1C#N,0.0431,-0.02625966,-0.7145617509483212,0.0,16.3848937,61031800.0,2473131660.0,1.66121927e+16,-44985714.8
est-192,CC1(C)C(=O)c2cc3cccc(N4c5ccccc5Oc5ccccc54)c3cc2-c2ccccc21,0.0938,-0.01193829,-0.3248574203066161,0.01,21.5638187,46374000.0,13456673700.0,1579.67406,0.000542091009
est-194,Cn1c2ccccc2c2c(=O)c3ccc(N4c5ccccc5Oc5ccccc54)cc3sc21,0.0661,-0.01738073,-0.472953757267231,0.0331662479,0.0,inf,112289147.0,118435.601,9.95541475e-05
est-195,N#Cc1cc(-c2cccc3ccccc23)c2nsc(N3c4ccccc4Oc4ccccc43)c2c1,0.023,-0.00551628,-0.15010562572101868,0.1640121947,161.255031,6201360.0,11018789300.0,6868.20406,3.44419898
est-196,O=C(c1ccc(N2c3ccccc3Oc3ccccc32)cc1)c1c(-c2ccnc3ccccc23)oc2ccccc12,0.0383,-0.02177917,-0.5926414069870345,0.0,12528.1724,79820.1,78205047800.0,5.62491745e+18,512628489000.0
est-197,N#Cc1cc(Cc2cccc3c2N(c2ccccc2)c2ccccc2O3)ncn1,0.069,-0.01720704,-0.46822741159016534,0.0223606798,85.4844668,11698000.0,988620254.0,0.0025855316,0.11990332
est-198,Fc1cc(-c2nc3c4ccccc4sc3n2-c2ccccc2)ccc1N1c2ccccc2Oc2ccccc21,0.1947,-0.00352531,-0.09592857204684395,0.0360555128,608.08626,1644500.0,15866709200.0,676.065772,3.52970467
est-199,Cn1c2cc(N3c4ccccc4C(C)(C)c4ccccc43)ccc2c(=O)c2c3sc4ccccc4c3ccc21,0.1037,-0.00336179,-0.0914789661679,0.0447213595,12950.3407,77218.05,181631.218,714453.578,3743.00833
est-202,N#Cc1ccc(N2c3ccccc3N(c3ccccc3)c3c2ccc2c3c3ccccc3n2-c2ccccc2)cn1,0.0208,-0.01775698,-0.48319204134228394,0.0316227766,2.59975493e-06,384652000000000.0,9504.32609,102943.187,7.65224066e-05
est-204,N#Cc1ccc2c(c1)-c1nc3cc(N4c5ccccc5Oc5ccccc54)ccc3c(=O)c3cccc-2c13,0.0236,-0.02945079,-0.8013968219394809,0.01,65.1712605,15344200.0,136246277000.0,6442.0152,-1.74620627e-08
est-205,N#Cc1ccc(-c2nc3cccnc3nc2C#N)c(-c2ccc(N(c3ccccc3)c3ccccc3)cc2)c1,0.0189,-0.02951365,-0.8031073296789036,0.0244948974,570.277996,1753530.0,17987961800.0,59315.7567,-1.96662127e-07
est-207,CCCn1c(=O)c2c(c3c(-c4ccc(N(c5ccccc5)c5ccccc5)cc4)cccc31)-c1ccccc1C(=O)C2=O,0.0822,0.00618251,0.16823466757968325,0.0374165739,469.880037,2128200.0,20500448500.0,0.0472791622,0.00135754355
est-210,N#Cc1ccc(-c2nc(C#N)n3c(C#N)c(-c4ccc(N(c5ccccc5)c5ccccc5)cc4)nc3n2)cc1,0.2388,-0.01272359,-0.34622652192559045,0.0728010989,,,,0.520109188,1.41792583e-05
est-211,O=c1c2ccccc2c(-c2ccc(N(c3ccc(-c4ccccc4)cc3)c3ccc(-c4ccccc4)cc3)cc2)cc2nc3cc(-c4ccccc4)cc(-c4ccccc4)c3nc12,0.1341,0.00719326,0.19573857622781562,0.0331662479,144467.584,6921.97,163465077000.0,1.94571429,6.21959673
est-213,c1ccc2c(c1)N(c1ccc(-c3nccn4ncnc34)cc1)c1ccccc1N2c1ccc2c3ccccc3c3ccccc3c2c1,0.0244,-0.02852744,-0.7762711884492479,0.0,0.0,inf,1104328490.0,2.26889755e+18,-23287137.6
est-214,FC(F)(F)c1cnc2nc(-c3ccc(N(c4ccccc4)c4ccccc4)cc3)c(-c3ccc(N(c4ccccc4)c4ccccc4)cc3)nc2c1,0.0301,0.00073968,0.020127718178432404,0.1802775638,163619.462,6111.74,2294426150.0,16.8658919,238.831344
est-215,CCCCCCn1c(=O)c2c(c3c(-c4ccc(N(c5ccccc5)c5ccccc5)cc4)cccc31)-c1ccccc1C2=O,0.1019,0.00498994,0.13578318468430536,0.2088061302,461877.097,2165.08,202581022000.0,74081.5475,7926.58967
est-216,COc1c(-c2ccc3c(c2)C(=O)c2ccccc2C3=O)cc2ccc(N(c3ccccc3)c3ccccc3)cc2c1N(c1ccccc1)c1ccccc1,0.0493,-0.01818366,-0.49480259562572215,0.0223606798,10.4169564,95997300.0,935109196.0,0.715263854,2.77364302e-07
est-218,Cc1c(C#N)cnc2c(N3c4ccccc4Oc4ccccc43)cc(-c3ccccc3)cc12,0.019,-0.02192347,-0.5965680100223305,0.0,730.824821,1368320.0,1785600920.0,1.3425736e+18,72094921.8
est-219,O=C1c2cc(-c3ccccc3)cnc2-c2ccc(N3c4ccccc4Oc4ccccc43)c3ccc(-c4ccccc4)c1c23,0.0095,-0.01310034,-0.35647841169376643,0.01,361.122398,2769140.0,23355669200.0,1538.27082,0.000217779651
est-220,O=C(c1ccc(N2c3ccccc3Oc3ccccc32)cc1)c1cc(C(=O)c2ccccc2)c2c3ccccc3n(-c3ccccc3)c2n1,0.0091,-0.02721188,-0.7404729771594759,0.0,0.0,inf,12249507100.0,2.92994597e+16,-31418359.0
est-222,Cc1ccc(-c2ccn3ncnc3n2)c(N2c3ccccc3Oc3ccccc32)c1,0.0512,-0.01958926,-0.5330509201330829,0.0435889894,80.3235985,12449600.0,12960947500.0,17161.9409,5.53244037e-06
est-223,C1=C(N2c3ccccc3Oc3ccccc32)C(c2ccccc2)=Nc2ccccc2O1,0.1388,0.00816993,0.22231512083268476,0.9248243076,33.5858667,29774400.0,31642976500.0,10462049.5,16617.8984
est-225,c1ccc(-c2nc(N3c4ccccc4N(c4ccccc4)c4c3ccc3c4c4ccccc4n3-c3ccccc3)c3ccccc3n2)cc1,0.1416,-0.02089141,-0.5684842267332961,0.0223606798,7.39916781e-06,135150000000000.0,3051.70795,18922.5633,1.19858499e-06
est-226,Cc1cc(C(F)(F)F)ccc1N1C(=O)c2cccc(-c3cc4c5c(c3)Oc3ccccc3N5c3ccccc3O4)c2C1=O,0.0505,-0.01321374,-0.35956418289406145,0.0565685425,215761.043,4634.76,184894486000.0,88.2256339,0.00238629419
est-227,c1ccc(-c2cncc(-c3ccc(N4c5ccccc5N(c5ccc(-c6ccc7ccccc7c6)cc5)c5ccccc54)cn3)c2)nc1,0.0228,-0.01695305,-0.4613159915975469,0.0331662479,332.11855,3010970.0,38779930200.0,118618.617,5.80916643e-05
est-228,N#Cc1cnc2c(-c3cccnc3)cccc2c1N1c2ccccc2Oc2ccccc21,0.0391,-0.02057635,-0.5599110073826352,0.01,719.293439,1390250.0,914198691.0,13013.2645,4.18540216e-07
est-229,CC1(C)c2ccccc2N(c2ccnc3nc4c(nc23)-c2ccccc2C4(C)C)c2ccccc21,0.0322,-0.01816964,-0.4944210919905534,0.02,2480.04821,403218.0,6893289250.0,9637.37716,6.65001004e-06
est-230,N#Cc1cc(C#N)cc(-n2c3ccccc3c3c4c(ccc32)N(c2ccccc2)c2ccccc2N4c2ccccc2)c1,0.0707,-0.0233299,-0.6348389199802754,0.0331662479,96.6821808,10343200.0,40776.7697,4043.50045,-3.29620819e-07
est-231,O=C(c1ccccc1)c1ccc2c(ccc3nc4cc(N5c6ccccc6Oc6ccccc65)c5ccccc5c4n32)c1,0.1391,-0.02584714,-0.7033365098941263,0.0,4532.14709,220646.0,11234906700.0,1.52485673e+18,27283793.5
est-232,COC(=O)c1ccccc1-c1cc(-c2ccc(N(c3ccccc3)c3ccccc3)cc2)c2c3c(cccc13)-c1nc(OC)ccc1C2=O,0.1132,-0.00145387,-0.03956181812145457,0.1523154621,0.440046374,2272490000.0,1175802830.0,0.0586983345,0.0317794009
est-233,c1ccc(-c2cc3cccc(N4c5ccccc5N(c5ccccc5)c5c4ccc4ccccc54)c3nc2-c2ccccc2)cc1,0.1043,-0.01592468,-0.4333326183237602,0.01,50.6191016,19755400.0,33683129600.0,14934.7683,7.31419856e-05
est-235,N#Cc1cccc(N2c3ccccc3N(c3ccccc3)c3c2ccc2c3c3ccccc3n2-c2ccc(C(=O)c3ccccc3)cc2)c1,0.0946,-0.01058273,-0.2879707535670046,0.0,0.000306021116,3267750000000.0,52.365705,9956511400000000.0,10267358400.0
est-237,O=C(c1ccccc1)c1cc2ccccc2n2c1nc1cc(N3c4ccccc4Oc4ccccc43)ccc12,0.0194,-0.01888342,-0.5138440352652147,0.01,639.177943,1564510.0,37733485600.0,12933.1847,2.72958035e-07
est-238,O=C(c1ccccc1)c1cnc2nc(-c3ccc(N(c4ccccc4)c4ccccc4)cc3)c(-c3ccc(N(c4ccccc4)c4ccccc4)cc3)nc2c1,0.1403,0.00055785,0.015179871817324405,0.0964365076,12525.843,79834.95,60397250300.0,17.5817609,15.9267316
est-239,c1ccc(-c2cc(-c3ccccc3)c3nc4c5cc(N(c6ccccc6)c6ccccc6)ccc5c5cc(N(c6ccccc6)c6ccccc6)ccc5c4nc3n2)cc1,0.2303,-0.00029728,-0.008089400903207313,0.1884144368,55551.5627,18001.29,245501540000.0,13794.4733,4227.53805
est-240,O=C1c2ccccc2-c2c(-c3ccc(N4c5ccccc5N(c5ccccc5)c5ccccc54)cc3)cc(-c3ccccc3)n21,0.0615,-0.0126799,-0.3450376564605032,0.0,19.3660322,51636800.0,11643866000.0,6.88564439e+17,7752848580.0
est-241,CCn1c2ccccc2c2cc3c(cc21)C(=O)N(c1ccc(N2c4ccccc4Sc4ccccc42)cc1)C3=O,0.0004,-0.03321929,-0.9039429310074867,0.0,0.0,inf,10140245.3,1.19244062e+18,12962492.5
est-243,c1cncc(-c2ccc(N3c4ccccc4N(c4ccc(-c5ccn6ccnc6c5)cc4)c4ccccc43)cc2)c1,0.2639,-0.01563838,-0.4255419984415338,0.0141421356,7.81865484,127899000.0,5838150260.0,1829.18625,1.20570582e-05
est-244,c1ccc2c(c1)N(c1ccc(-c3ccc4ccccc4c3)cc1)c1ccccc1N2c1ccc(-c2ccn3ccnc3c2)cc1,0.2455,-0.01635814,-0.44512766580594615,0.0141421356,7.32976328,136430000.0,5813822060.0,1130.31628,3.53940587e-06
est-245,c1ccc(N2c3ccccc3N(c3ccc(-c4ccc5c6ccccc6c6ncccc6c5n4)cc3)c3ccccc32)cc1,0.0156,-0.02196592,-0.5977231333684727,0.0,0.0,inf,22333752000.0,4.27268031e+18,-39436801.6
est-247,N#Cc1nc2nc(-c3ccccc3N3c4ccccc4Oc4ccccc43)ccn2c1C#N,0.0392,-0.02240608,-0.6097004971385067,0.0331662479,22.7365877,43982000.0,8317570240.0,10284.9944,8.9142604e-09
est-249,O=C(c1ccccc1)c1nc2c(N3c4ccccc4Oc4ccccc43)ccc3ccn1c32,0.0974,-0.02204953,-0.5999982773724998,0.0,0.0,inf,122885042000.0,7.02667723e+16,-19243599.9
est-251,COc1ccc(N(c2ccc(OC)cc2)c2ccc(-c3ccc4c(c3)C(=O)c3ccccc3C(=O)c3ccccc3O4)cc2)cc1,0.0305,-0.00500138,-0.13609448294295945,0.0331662479,7565.63263,132177.0,6968362440.0,1.67786229,0.00155997885
est-252,O=C(c1ccccc1)c1cc2cc(N3c4ccccc4N(c4ccccc4)c4ccccc43)ccc2c(=O)o1,0.0182,-0.03098198,-0.8430626244454752,0.0141421356,365.791516,2733800.0,46284206600.0,174.62293,-3.13553519e-09
est-254,CC1(C)C(=O)c2ccccc2C(=O)c2c(-c3ccccc3)cc(N3c4ccccc4Sc4ccccc43)cc21,0.0046,-0.02882041,-0.784243308277735,0.0141421356,663.032761,1508220.0,8178370740.0,1.59856427,-2.49584935e-08
est-255,c1ccc(-c2cc(-c3ccc(N4c5ccccc5N(c5ccccc5)c5ccccc54)cc3)c3nc(-c4ccccc4)c(-c4ccccc4)nc3n2)cc1,0.001,-0.03069143,-0.8351563561717034,0.0,0.0799900774,12501600000.0,114976201.0,4.09572355e+16,2749021840.0
est-256,CC1(C)C(=O)C(=O)c2c3ccc(N4c5ccccc5Oc5ccccc54)c-3cccc21,0.0175,-0.02512605,-0.6837146513860067,0.0,5.10722454,195801000.0,1152304800000.0,2.24833674e+17,130251096000.0
est-257,N#Cc1cnc2c(-c3ccc(N(c4ccccc4)c4ccccc4)cc3)c(C#N)c(C(=O)c3ccccc3)c(-c3ccccc3)c2c1,0.1043,-0.00748429,-0.20365790596698552,0.0141421356,74.4062827,13439700.0,20360458000.0,0.0351881717,9.76150806e-06
est-258,O=C1C(=O)c2ccc(-c3ccccc3)c3cccc(c23)-c2nc(-c3ccc(N4c5ccccc5Oc5ccccc54)cc3)ccc21,0.0064,-0.0195408,-0.5317322563556023,0.0,22.3370487,44768700.0,3199495190.0,1.98048831e+18,6102816.03
est-260,CC1(C)c2cc(N3c4ccccc4Oc4ccccc43)ccc2C(c2ccccc2)=C(C#N)c2c(-c3ccccc3)cccc21,0.1145,-0.00308365,-0.08391039119744088,0.0,718.926839,1390960.0,6347563220.0,2.92574896e+16,76885862200000.0
est-261,c1ccc(-c2cc(-c3ccc(N4c5ccccc5N(c5ccccc5)c5ccccc54)cc3)c3cccnc3n2)cc1,0.0025,-0.02484107,-0.6759599505336251,0.0,40.1258636,24921600.0,9242075760.0,4.71829132e+18,26354187.5
est-262,c1ccc(N2c3ccccc3N(c3ccc(-c4ccc5cc(-c6ccncc6)ccc5n4)cc3)c3ccccc32)cc1,0.0083,-0.02712711,-0.7381662679474035,0.0,0.0,inf,19681816500.0,3.76106664e+18,4192867.41
est-263,c1ccc(-c2ccc(N3c4ccccc4N(c4ccc(-c5cc(-c6ccccc6)nc6ccccc56)cn4)c4ccccc43)cc2)cc1,0.1274,-0.0254406,-0.6922739929296823,0.01,72.2760313,13835800.0,70881325.8,55.4424501,-3.30112894e-07
est-265,N#Cc1cc2c(-c3ccncc3)ccnc2cc1N1c2ccccc2Oc2ccccc21,0.0275,-0.0282543,-0.7688386704100187,0.0173205081,90.1507484,11092500.0,139502583000.0,3936.02802,-4.76201176e-05
est-266,O=C1c2ccccc2C(=O)c2c1cccc2-c1cccc(N2c3ccccc3N3c4ccccc4Oc4cccc2c43)c1,0.0005,-0.04137528,-1.1258787251159024,0.0141421356,140.095765,7137970.0,26071272800.0,11177.1453,1.30181546e-07
est-268,N#Cc1cc(C#N)c2cnccc2c1N1c2ccccc2Oc2ccccc21,0.0208,-0.02289247,-0.622935843294693,0.0,139.601504,7163250.0,12908157800.0,5.36119133e+18,27327260.0
est-269,O=C1c2ccccc2C(=O)c2cc(-c3cc(-c4ccccc4)n(-c4ccccc4)c3N3c4ccccc4Oc4ccccc43)ccc21,0.0447,-0.02398374,-0.6526308127633522,0.0,12.3698548,80841700.0,825978008.0,1988628800000000.0,1211304060000.0
est-270,FC(F)(F)c1cc(-c2ccc(N(c3ccccc3)c3ccccc3)cc2)c2nc3ccccc3nc2n1,0.1521,-0.00025381,-0.0069065219430942135,0.1749285568,4499.24508,222260.0,37555128900.0,0.0978447837,963.428877
est-273,Cc1cc2ncc(-c3ccc(N4c5ccccc5N5c6ccccc6Sc6cccc4c65)cc3)nc2cc1C,0.0043,-0.02450879,-0.6669181511118082,0.0,573.110202,1744870.0,17463485300.0,2.82995781e+18,10149861.2
est-274,c1ccc2c(c1)N(c1ccc(-c3cnc4nccnc4c3)cc1)c1ccccc1N2c1ccc(-c2ccc3ccccc3n2)cc1,0.0014,-0.03035027,-0.8258729196400222,0.0,217.074527,4606710.0,17379078400.0,2.60882728e+18,24737384.3
est-275,Cn1c(C#N)nc2c(-c3ccc(N4c5ccccc5Oc5ccccc54)cc3)cc(C#N)nc21,0.0143,-0.028384,-0.7723679872061233,0.0,0.0,inf,12186826200.0,3.10529731e+17,-21327478.5
est-276,c1ccc(N2c3ccccc3N(c3ccc(-c4cccc5c6cccnc6c6ncccc6c45)nc3)c3ccccc32)cc1,0.0194,-0.02040777,-0.5553237118892864,0.0173205081,23.320665,42880400.0,24785646400.0,16868.231,2.33407459e-08
est-277,c1ccc(-c2nc3c(-c4ccc(N5c6ccccc6N(c6ccccc6)c6ccccc65)cc4)cccn3c2-c2ccccc2)cc1,0.0451,-0.02071802,-0.5637660444721043,0.01,0.0,inf,408682061.0,2974.84429,1.20545668e-07
est-278,N#Cc1cncc(-c2cc(N3c4ccccc4Oc4ccccc43)nc3ccccc23)c1,0.035,-0.02478346,-0.6743923025719938,0.0,2.33442804e-05,42837000000000.0,206133.245,1.47111422e+18,2109359.72
est-279,Cc1cc(N(c2ccccc2)c2ccccc2)c(C)cc1-c1cc2c(cc1-c1ccncc1)C(=O)c1ccccc1C2=O,0.0083,-0.01907106,-0.5189499797804119,0.0,299876.03,3334.71,64465833400.0,7.81084596e+16,182432492.0
est-280,CC1(C)c2ccccc2N(c2cc3cccnc3nc2N2c3ccccc3C(C)(C)c3ccccc32)c2ccccc21,0.1002,-0.01907195,-0.5189741979141709,0.03,7254.40525,137847.0,76156369400.0,6763.99264,-4.00633859e-06
est-281,O=C1c2ccc(-c3ccc(N4c5ccccc5Oc5ccccc54)cc3)nc2-c2c1ccc1c(-c3ccccc3)cccc21,0.063,-0.01175764,-0.3199416833812783,0.0,202.137142,4947140.0,8675152490.0,7.61190971e+18,454305958000.0
est-282,CC1(C)c2ccccc2N(c2cnc(N3c4ccccc4C(C)(C)c4ccccc43)c3nccnc23)c2ccccc21,0.1112,-0.01391576,-0.3786671202664699,0.0282842712,0.0,inf,14360405.5,0.0512829158,0.0880980111
est-284,O=C(c1ccccc1)c1cc2c(N3c4ccccc4Oc4ccccc43)cccc2c(=O)o1,0.0137,-0.02769509,-0.7536217911073997,0.0173205081,415.933156,2404230.0,27182301900.0,42.8003846,0.0321138394
est-286,N#Cc1cc(-c2ccc(N3c4ccccc4N(c4ccccc4)c4ccccc43)cc2)nc2ccncc12,0.0021,-0.03811659,-1.0372052528699636,0.0,0.0,inf,40741696800.0,1.0263838e+18,24124308.2
est-288,COc1cc(N2c3ccccc3Oc3ccccc32)cc2c3ccccc3c3nc(-c4ccccc4)c(-c4ccccc4)nc3c12,0.0933,-0.00585745,-0.1593893343665624,0.02,2277.3649,439104.0,4222936540.0,0.285393611,0.000109820167
est-289,CC(C)(C)c1ccc(-c2cc3c(cc2-c2ccc(N(c4ccc(C(C)(C)C)cc4)c4ccc(C(C)(C)C)cc4)cc2)C(=O)c2cccc4cccc(c24)C(=O)C3=O)cc1,0.0279,-0.00446107,-0.12139189884038969,0.0282842712,859.764805,1163110.0,5325638150.0,8.50193894e-05,-2.62612563e-06
est-290,c1ccc(-c2cc(N3c4ccccc4Oc4ccccc43)c3nc4oc(-c5ccccc5)cc4nc3c2)cc1,0.0178,-0.02159456,-0.5876179129721626,0.01,916.394218,1091230.0,1712957900.0,2079.11075,3.72825504e-08
est-291,N#Cc1cccc(-n2c3ccccc3c3c4c(ccc32)N(c2ccccc2)c2ccccc2N4c2ccccc2)c1C#N,0.0463,-0.03052662,-0.8306716476045022,0.01,0.000329093373,3038650000000.0,2256.85259,8341.42113,2.53106755e-08
est-292,CC1(C)c2ccccc2N(c2cccc3c2-c2ccccc2Oc2ccccc2C3=O)c2ccccc21,0.036,-0.01375627,-0.3743271762740973,0.0458257569,373342.693,2678.5,1415651500.0,280695.799,0.0365857725
est-293,FC(F)(F)c1cc(-c2ccn3ncnc3n2)cc(N2c3ccccc3Oc3ccccc32)c1,0.0322,-0.02813682,-0.7656418767538401,0.01,0.0,inf,31191458300.0,16.2070249,6.46110112e-06
est-294,c1cncc(N2c3ccccc3N(c3nc4ccccc4c4ncccc34)c3ccccc32)c1,0.0469,-0.02378238,-0.64715152802886,0.0141421356,0.631010756,1584760000.0,8714853050.0,13612.9989,2.71230989e-08
est-295,c1ccc(-c2ccc(N3c4ccccc4N(c4ccc5cc(-c6cccnc6)c(-c6ccccn6)cc5c4)c4ccccc43)cc2)cc1,0.0234,-0.01674784,-0.45573194302600767,0.0331662479,4572.93451,218678.0,80185945800.0,108639.548,0.000216455611
est-296,O=C(c1ccccc1)c1cc2ccc3ccncc3c2cc1N1c2ccccc2Oc2ccccc21,0.0762,-0.0175586,-0.4777938465388049,0.0692820323,5859.10609,170674.0,48733258500.0,344899.805,0.000586831265
est-297,O=C(c1ccc(N2c3ccccc3Oc3ccccc32)cc1)c1cc(-c2ccccc2)c2c3ccccc3n(-c3ccccc3)c2n1,0.0104,-0.02398747,-0.6527323112340497,0.0,0.0,inf,11132501000.0,1.59637287e+17,-1971943.71
est-298,c1ccc(-c2ccc(N3c4ccccc4N(c4ccc(-c5cc(-c6ccccc6)nc(-c6ccccc6)c5)nc4)c4ccc(-c5ccccc5)cc43)cc2)cc1,0.1008,-0.01703641,-0.4635843327550124,0.0282842712,115.114361,8687010.0,45881929000.0,23831.674,1.19292421e-05
est-299,CC1(C)c2ccccc2N(C2C(=O)c3ccccc3C(=O)c3ccccc32)c2ccccc21,0.0309,-0.02018562,-0.5492787024347403,0.1307669683,4272.63225,234048.0,72573324900.0,104741.805,-0.058697724
est-300,N#Cc1ccc(-c2nc3nccnc3c(-c3ccc(N(c4ccccc4)c4ccccc4)cc3)c2-c2ccc(C#N)cc2)cc1,0.0975,-0.01017889,-0.27698170734542477,0.0519615242,27146.8183,36836.73,227748315000.0,3.36780218,5.87094677e-06
